cellid,time,type,Layer
5209,9.6,inh,0
4199,11.3,inh,0
4269,11.6,inh,0
4289,12.7,inh,0
4719,14.9,inh,0
5279,15.1,inh,0
4689,15.6,inh,0
4909,18.1,inh,0
5039,29.6,inh,0
4539,30.8,inh,0
4589,31.1,inh,0
4679,31.2,inh,0
5299,31.7,inh,0
4979,32.3,inh,0
4919,33.4,inh,0
4549,36.9,inh,0
4269,42.7,inh,0
4279,43.4,inh,0
5219,45.4,inh,0
4289,45.9,inh,0
4909,46.2,inh,0
4579,48.1,inh,0
4949,61.4,inh,0
4279,63.3,inh,0
4479,65.6,inh,0
5269,65.9,inh,0
4799,66.8,inh,0
4739,68.1,inh,0
4259,75.5,inh,0
4659,80.2,inh,0
5209,84.5,inh,0
5139,86.8,inh,0
4909,91.5,inh,0
5009,93.9,inh,0
4649,97.7,inh,0
4269,102.3,inh,0
4639,102.9,inh,0
4939,104.2,inh,0
4849,109.8,inh,0
4329,115.8,inh,0
5009,115.8,inh,0
4629,116.1,inh,0
4559,119.3,inh,0
4389,126.4,inh,0
5259,126.4,inh,0
5159,126.8,inh,0
4449,129.6,inh,0
4879,136.8,inh,0
4599,138.0,inh,0
4669,142.4,inh,0
5039,142.7,inh,0
4849,143.9,inh,0
4889,143.9,inh,0
4909,148.8,inh,0
4179,156.1,inh,0
4939,157.7,inh,0
4659,157.9,inh,0
4279,160.5,inh,0
4249,161.9,inh,0
4879,162.0,inh,0
4589,165.4,inh,0
4289,173.0,inh,0
5279,179.2,inh,0
4259,181.0,inh,0
4839,186.5,inh,0
4819,190.6,inh,0
4539,191.9,inh,0
5189,203.0,inh,0
4879,204.5,inh,0
5249,208.6,inh,0
4649,208.9,inh,0
4379,210.3,inh,0
5119,213.2,inh,0
5229,215.1,inh,0
4409,216.5,inh,0
4689,218.2,inh,0
4679,224.2,inh,0
4279,235.9,inh,0
4669,238.8,inh,0
4239,240.8,inh,0
4829,243.6,inh,0
4559,246.0,inh,0
4669,251.4,inh,0
4389,256.5,inh,0
4369,257.2,inh,0
4529,258.4,inh,0
4639,258.9,inh,0
4569,262.2,inh,0
4269,263.0,inh,0
4689,267.8,inh,0
4909,273.2,inh,0
5089,273.4,inh,0
5059,279.6,inh,0
4469,289.9,inh,0
4529,290.4,inh,0
4979,290.8,inh,0
4949,291.1,inh,0
4779,295.3,inh,0
4679,295.6,inh,0
4509,297.6,inh,0
5209,298.8,inh,0
4159,299.3,inh,0
4189,307.2,inh,0
4839,310.9,inh,0
5259,312.3,inh,0
4989,316.0,inh,0
4899,321.3,inh,0
4159,321.7,inh,0
4179,328.9,inh,0
4599,337.7,inh,0
5269,340.9,inh,0
5259,341.4,inh,0
4339,341.6,inh,0
4239,342.3,inh,0
4789,344.8,inh,0
5069,346.4,inh,0
5079,347.2,inh,0
5209,352.9,inh,0
4139,353.1,inh,0
4589,356.0,inh,0
4249,357.8,inh,0
4659,361.1,inh,0
4729,365.8,inh,0
4819,368.9,inh,0
4709,370.3,inh,0
4789,371.1,inh,0
4739,371.2,inh,0
4749,376.7,inh,0
4289,380.8,inh,0
4159,382.1,inh,0
5059,382.3,inh,0
4679,384.1,inh,0
4659,385.7,inh,0
4189,385.8,inh,0
4249,388.9,inh,0
4839,391.5,inh,0
5269,392.0,inh,0
4649,396.9,inh,0
4629,401.7,inh,0
4659,402.1,inh,0
4789,402.1,inh,0
4999,402.9,inh,0
4779,413.4,inh,0
4869,414.2,inh,0
4579,426.0,inh,0
4799,432.3,inh,0
4679,433.8,inh,0
4889,434.5,inh,0
4909,434.6,inh,0
4439,434.8,inh,0
5089,436.4,inh,0
5259,437.7,inh,0
4949,437.8,inh,0
4179,440.4,inh,0
5229,442.0,inh,0
4659,449.6,inh,0
4649,453.7,inh,0
4559,454.0,inh,0
4869,456.7,inh,0
4259,458.7,inh,0
4689,464.8,inh,0
4819,467.0,inh,0
5089,474.5,inh,0
5139,479.3,inh,0
4219,483.2,inh,0
4909,484.0,inh,0
5279,488.4,inh,0
4559,491.0,inh,0
5149,494.7,inh,0
4799,498.1,inh,0
4199,498.8,inh,0
4639,499.6,inh,0
4719,500.3,inh,0
5039,501.2,inh,0
4279,504.1,inh,0
4319,506.4,inh,0
4689,507.5,inh,0
4909,507.7,inh,0
4889,507.9,inh,0
4379,508.0,inh,0
5099,508.0,inh,0
4249,508.2,inh,0
4789,508.2,inh,0
5159,508.2,inh,0
4819,508.3,inh,0
4649,508.5,inh,0
4159,508.8,inh,0
4879,508.8,inh,0
4149,510.3,inh,0
4869,510.9,inh,0
4359,511.5,inh,0
5109,512.6,inh,0
4679,513.6,inh,0
4659,514.0,inh,0
4589,516.4,inh,0
4159,516.5,inh,0
4189,517.3,inh,0
4939,519.7,inh,0
4739,520.5,inh,0
5279,520.5,inh,0
5269,520.6,inh,0
4579,521.9,inh,0
4519,522.0,inh,0
4789,522.2,inh,0
4219,523.5,inh,0
4459,523.5,inh,0
4339,524.3,inh,0
4799,526.1,inh,0
5029,526.1,inh,0
4679,526.4,inh,0
4269,528.7,inh,0
5259,530.5,inh,0
4559,532.6,inh,0
4249,532.7,inh,0
4779,533.0,inh,0
4669,533.5,inh,0
4529,533.9,inh,0
4689,534.7,inh,0
4679,534.9,inh,0
4579,535.3,inh,0
4169,535.9,inh,0
4649,536.2,inh,0
4819,544.7,inh,0
4879,545.5,inh,0
4689,547.4,inh,0
4709,547.5,inh,0
4509,547.7,inh,0
4469,547.8,inh,0
4979,547.8,inh,0
5029,547.8,inh,0
5149,548.0,inh,0
4519,548.1,inh,0
4249,548.8,inh,0
4589,549.1,inh,0
4439,549.8,inh,0
4909,550.4,inh,0
4989,556.9,inh,0
4809,557.3,inh,0
5099,558.3,inh,0
4789,558.8,inh,0
4179,560.0,inh,0
4869,560.3,inh,0
4159,562.1,inh,0
4569,562.7,inh,0
5219,563.1,inh,0
4749,563.3,inh,0
4819,564.4,inh,0
4689,569.8,inh,0
4159,573.8,inh,0
4399,574.1,inh,0
4829,574.2,inh,0
4799,574.3,inh,0
4169,574.5,inh,0
4649,574.8,inh,0
4919,574.9,inh,0
5029,574.9,inh,0
5119,576.0,inh,0
4249,576.5,inh,0
4379,577.8,inh,0
4939,579.1,inh,0
4319,579.3,inh,0
4789,584.1,inh,0
4829,587.2,inh,0
4909,587.8,inh,0
4589,588.1,inh,0
4669,588.2,inh,0
4319,588.7,inh,0
5009,589.2,inh,0
4529,594.0,inh,0
5219,594.1,inh,0
4509,598.4,inh,0
4689,598.5,inh,0
5139,598.5,inh,0
4569,598.6,inh,0
5279,598.7,inh,0
4159,598.8,inh,0
4709,598.9,inh,0
4219,599.0,inh,0
4639,599.2,inh,0
4279,599.3,inh,0
4199,599.5,inh,0
5029,599.5,inh,0
4169,599.7,inh,0
4469,599.7,inh,0
4579,599.7,inh,0
4379,599.8,inh,0
4819,601.5,inh,0
5289,609.2,inh,0
5259,612.0,inh,0
5269,612.5,inh,0
4529,613.1,inh,0
4689,613.3,inh,0
4799,613.5,inh,0
4679,613.8,inh,0
4189,615.3,inh,0
4319,622.7,inh,0
4249,623.3,inh,0
4569,624.0,inh,0
4579,624.8,inh,0
4949,624.8,inh,0
4659,625.0,inh,0
4779,625.3,inh,0
4709,626.6,inh,0
5209,626.6,inh,0
5259,626.7,inh,0
4819,628.1,inh,0
4279,628.5,inh,0
4529,628.6,inh,0
4689,628.9,inh,0
4909,631.4,inh,0
4789,632.3,inh,0
4269,635.1,inh,0
4309,636.3,inh,0
5219,636.6,inh,0
4159,637.8,inh,0
4699,637.8,inh,0
4169,645.9,inh,0
5279,646.3,inh,0
4299,647.5,inh,0
4869,648.4,inh,0
4939,648.6,inh,0
4649,648.8,inh,0
5149,649.2,inh,0
4439,649.5,inh,0
4909,649.5,inh,0
4159,649.8,inh,0
4919,649.8,inh,0
4379,649.9,inh,0
4479,650.5,inh,0
5239,651.1,inh,0
5299,651.2,inh,0
5269,651.3,inh,0
5029,651.5,inh,0
4719,651.8,inh,0
4799,652.0,inh,0
4579,652.1,inh,0
4569,658.8,inh,0
4279,659.3,inh,0
4679,662.0,inh,0
4799,662.7,inh,0
4909,663.3,inh,0
4819,663.8,inh,0
4349,663.9,inh,0
4459,664.3,inh,0
4249,664.9,inh,0
5269,669.8,inh,0
4499,670.5,inh,0
4839,671.0,inh,0
5259,671.0,inh,0
4169,672.3,inh,0
4439,672.8,inh,0
4319,673.6,inh,0
4509,673.7,inh,0
5029,674.1,inh,0
5009,674.2,inh,0
5289,674.2,inh,0
4579,674.3,inh,0
4529,677.6,inh,0
4649,680.0,inh,0
5219,681.2,inh,0
5029,683.2,inh,0
4979,683.3,inh,0
4179,683.4,inh,0
4819,683.5,inh,0
4279,683.6,inh,0
4909,683.6,inh,0
4479,683.8,inh,0
4689,683.8,inh,0
5169,684.0,inh,0
4569,684.2,inh,0
4939,684.4,inh,0
4159,684.8,inh,0
4679,685.1,inh,0
4579,686.0,inh,0
4659,686.3,inh,0
4589,686.4,inh,0
4789,686.4,inh,0
4519,694.0,inh,0
4309,696.1,inh,0
4159,696.2,inh,0
4899,696.7,inh,0
5029,697.1,inh,0
4669,697.4,inh,0
4169,698.0,inh,0
4249,698.1,inh,0
4649,698.1,inh,0
5279,699.6,inh,0
4319,700.2,inh,0
5269,702.3,inh,0
4739,703.9,inh,0
4689,708.5,inh,0
4679,708.8,inh,0
4259,709.4,inh,0
5039,709.4,inh,0
4779,709.7,inh,0
4159,711.3,inh,0
4949,712.5,inh,0
5259,713.7,inh,0
4579,714.9,inh,0
4939,717.8,inh,0
4339,719.4,inh,0
4909,719.4,inh,0
4309,720.1,inh,0
4819,721.1,inh,0
4859,721.6,inh,0
5069,721.7,inh,0
4529,721.8,inh,0
4659,722.0,inh,0
5259,722.0,inh,0
5299,722.1,inh,0
5029,722.2,inh,0
4689,722.4,inh,0
5269,722.7,inh,0
4679,723.4,inh,0
4599,723.6,inh,0
4649,723.6,inh,0
4509,724.0,inh,0
4589,725.1,inh,0
4459,727.6,inh,0
4499,729.4,inh,0
4979,734.2,inh,0
5029,734.7,inh,0
4409,735.0,inh,0
4909,735.1,inh,0
4249,735.2,inh,0
4639,735.5,inh,0
4679,735.5,inh,0
4159,735.6,inh,0
5069,736.4,inh,0
4529,736.5,inh,0
4649,736.5,inh,0
4579,736.7,inh,0
4479,737.0,inh,0
5259,737.0,inh,0
4169,737.4,inh,0
4279,741.5,inh,0
4819,745.1,inh,0
4689,745.3,inh,0
4949,746.7,inh,0
5219,746.9,inh,0
4439,747.8,inh,0
4869,748.2,inh,0
4909,748.2,inh,0
4859,748.5,inh,0
5239,748.7,inh,0
4589,749.2,inh,0
4459,749.5,inh,0
4639,749.6,inh,0
5279,750.4,inh,0
4529,755.1,inh,0
4189,758.1,inh,0
5269,758.4,inh,0
5029,759.3,inh,0
4369,759.8,inh,0
5169,759.8,inh,0
4789,759.9,inh,0
4539,760.3,inh,0
4909,760.9,inh,0
4249,761.7,inh,0
4689,761.7,inh,0
5229,761.9,inh,0
4679,768.9,inh,0
4319,769.3,inh,0
5279,771.2,inh,0
5009,771.5,inh,0
4689,772.8,inh,0
4659,772.9,inh,0
4919,772.9,inh,0
4169,773.0,inh,0
4649,773.2,inh,0
4779,773.3,inh,0
4579,773.4,inh,0
4909,773.6,inh,0
4249,774.0,inh,0
4519,774.2,inh,0
4869,774.5,inh,0
4559,776.4,inh,0
5269,777.5,inh,0
5259,780.4,inh,0
4599,783.1,inh,0
5239,783.9,inh,0
4589,784.1,inh,0
4379,784.6,inh,0
4679,784.9,inh,0
4939,784.9,inh,0
5159,785.1,inh,0
4689,785.2,inh,0
5069,785.6,inh,0
4479,785.9,inh,0
4409,786.1,inh,0
4579,787.0,inh,0
5219,787.4,inh,0
4979,792.1,inh,0
4269,793.3,inh,0
4159,794.5,inh,0
4789,795.1,inh,0
4669,795.6,inh,0
4809,797.4,inh,0
4989,797.6,inh,0
4819,797.9,inh,0
4219,798.0,inh,0
5029,798.5,inh,0
4169,802.6,inh,0
4179,804.4,inh,0
4689,806.6,inh,0
4649,806.9,inh,0
4319,807.7,inh,0
4279,808.2,inh,0
4379,808.4,inh,0
5279,808.8,inh,0
4709,808.9,inh,0
4939,808.9,inh,0
5239,809.4,inh,0
4249,810.1,inh,0
4579,810.1,inh,0
4679,811.8,inh,0
5219,812.1,inh,0
4909,812.7,inh,0
4949,812.7,inh,0
5229,812.9,inh,0
4309,815.0,inh,0
4529,815.8,inh,0
4559,819.0,inh,0
4589,820.4,inh,0
4799,820.8,inh,0
4879,821.3,inh,0
4219,821.6,inh,0
4539,821.6,inh,0
5219,821.9,inh,0
5069,822.2,inh,0
5049,822.4,inh,0
4989,822.6,inh,0
4689,823.6,inh,0
5289,824.6,inh,0
4469,824.7,inh,0
4579,826.3,inh,0
4679,828.5,inh,0
4519,832.1,inh,0
4659,832.4,inh,0
4979,834.3,inh,0
4169,834.5,inh,0
5029,834.6,inh,0
4649,835.3,inh,0
4689,835.5,inh,0
4909,836.1,inh,0
4479,836.3,inh,0
5169,843.7,inh,0
5009,843.9,inh,0
4869,844.0,inh,0
5259,844.3,inh,0
4169,845.4,inh,0
4909,845.4,inh,0
4569,845.8,inh,0
4669,846.0,inh,0
4179,846.4,inh,0
4949,846.4,inh,0
4859,846.5,inh,0
4269,847.5,inh,0
4679,848.3,inh,0
4659,848.6,inh,0
5029,848.6,inh,0
4379,848.7,inh,0
4789,848.8,inh,0
5219,850.6,inh,0
4339,853.0,inh,0
4809,856.5,inh,0
4149,857.5,inh,0
5299,858.4,inh,0
4649,858.9,inh,0
4249,859.6,inh,0
4659,859.9,inh,0
4959,859.9,inh,0
4599,860.1,inh,0
5289,864.0,inh,0
4979,868.3,inh,0
4529,868.8,inh,0
4909,869.0,inh,0
5029,869.1,inh,0
5279,869.2,inh,0
4269,869.4,inh,0
5169,869.9,inh,0
4639,870.2,inh,0
4309,870.4,inh,0
5259,871.1,inh,0
4379,871.3,inh,0
5139,871.3,inh,0
4969,871.9,inh,0
4559,873.9,inh,0
4689,881.4,inh,0
4909,882.0,inh,0
4329,882.2,inh,0
4679,882.4,inh,0
4919,882.4,inh,0
4819,882.7,inh,0
5219,882.7,inh,0
4249,883.0,inh,0
4169,883.2,inh,0
5029,883.5,inh,0
5279,883.6,inh,0
4649,884.8,inh,0
4359,884.9,inh,0
4519,885.4,inh,0
4179,887.1,inh,0
5269,888.1,inh,0
4339,893.3,inh,0
4649,893.8,inh,0
4879,894.2,inh,0
4789,894.7,inh,0
5029,894.9,inh,0
4909,895.1,inh,0
4159,895.8,inh,0
4249,895.9,inh,0
4479,896.3,inh,0
4529,896.3,inh,0
5109,896.3,inh,0
5159,896.5,inh,0
5199,896.5,inh,0
4269,896.8,inh,0
4869,897.2,inh,0
4659,897.7,inh,0
4289,897.8,inh,0
4979,898.1,inh,0
4639,898.5,inh,0
5269,899.1,inh,0
4259,900.8,inh,0
4939,900.8,inh,0
4909,908.1,inh,0
4659,910.5,inh,0
4889,910.8,inh,0
4789,912.6,inh,0
5029,912.9,inh,0
5259,914.0,inh,0
5269,914.7,inh,0
4379,920.0,inh,0
4819,920.0,inh,0
4249,921.1,inh,0
4909,922.4,inh,0
4689,924.4,inh,0
4169,925.4,inh,0
4579,925.5,inh,0
4649,927.5,inh,0
4679,928.8,inh,0
4529,930.3,inh,0
4439,931.2,inh,0
5219,931.9,inh,0
4709,932.3,inh,0
5259,932.9,inh,0
4159,933.0,inh,0
4309,933.3,inh,0
4279,935.3,inh,0
4659,935.5,inh,0
4689,939.1,inh,0
4169,943.5,inh,0
4559,943.6,inh,0
5259,943.7,inh,0
4319,944.2,inh,0
4909,944.6,inh,0
4819,944.7,inh,0
4389,945.4,inh,0
4679,946.0,inh,0
4799,946.4,inh,0
5139,946.5,inh,0
4989,948.3,inh,0
4579,952.9,inh,0
4269,954.9,inh,0
4689,956.1,inh,0
4789,956.5,inh,0
5219,957.0,inh,0
4679,957.8,inh,0
4379,958.8,inh,0
4529,958.9,inh,0
5029,959.8,inh,0
4909,963.9,inh,0
4169,965.6,inh,0
4779,968.8,inh,0
4299,969.2,inh,0
5239,969.3,inh,0
5269,969.6,inh,0
5029,969.9,inh,0
4699,980.1,inh,0
5259,980.1,inh,0
4939,980.2,inh,0
4869,980.5,inh,0
4249,981.1,inh,0
4789,981.1,inh,0
5279,981.1,inh,0
4559,981.5,inh,0
5239,981.5,inh,0
4689,981.7,inh,0
4599,981.9,inh,0
4269,982.1,inh,0
4589,982.3,inh,0
4899,983.1,inh,0
4989,983.4,inh,0
4579,983.6,inh,0
4159,991.2,inh,0
4639,992.9,inh,0
5159,992.9,inh,0
4979,993.1,inh,0
4259,993.6,inh,0
4529,993.6,inh,0
4649,993.6,inh,0
4169,993.8,inh,0
4819,993.8,inh,0
5259,994.0,inh,0
4969,994.3,inh,0
4439,994.7,inh,0
4339,994.9,inh,0
4799,995.4,inh,0
5169,995.8,inh,0
5029,996.3,inh,0
4839,996.9,inh,0
4679,1003.8,inh,0
5269,1004.9,inh,0
4859,1005.0,inh,0
4689,1005.5,inh,0
4509,1006.5,inh,0
4599,1006.6,inh,0
4809,1006.6,inh,0
4319,1006.7,inh,0
4819,1006.7,inh,0
4589,1006.8,inh,0
5199,1006.8,inh,0
5029,1007.1,inh,0
4629,1007.4,inh,0
4179,1007.6,inh,0
4199,1007.7,inh,0
4519,1008.0,inh,0
5139,1008.3,inh,0
5069,1008.9,inh,0
4659,1009.4,inh,0
4989,1017.3,inh,0
4649,1018.3,inh,0
5279,1019.3,inh,0
4169,1019.4,inh,0
5009,1019.5,inh,0
4779,1019.7,inh,0
4159,1020.0,inh,0
4349,1020.2,inh,0
4909,1020.2,inh,0
4569,1020.3,inh,0
4339,1020.6,inh,0
5029,1021.8,inh,0
4689,1022.0,inh,0
5269,1022.2,inh,0
4559,1022.7,inh,0
4819,1023.2,inh,0
5109,1024.2,inh,0
4679,1024.4,inh,0
4579,1025.5,inh,0
4529,1028.7,inh,0
4299,1029.5,inh,0
4869,1031.9,inh,0
4309,1032.2,inh,0
4799,1032.6,inh,0
4699,1032.7,inh,0
4739,1032.9,inh,0
4159,1034.2,inh,0
5259,1034.4,inh,0
4709,1034.5,inh,0
5169,1035.5,inh,0
4249,1035.7,inh,0
4789,1037.6,inh,0
5269,1039.5,inh,0
4589,1042.5,inh,0
4909,1042.9,inh,0
4989,1044.1,inh,0
4169,1044.2,inh,0
4649,1044.2,inh,0
4259,1044.5,inh,0
4529,1044.5,inh,0
4979,1044.6,inh,0
4669,1045.9,inh,0
4679,1050.9,inh,0
4459,1051.2,inh,0
4509,1051.6,inh,0
5029,1056.2,inh,0
5259,1056.4,inh,0
4689,1057.4,inh,0
4669,1057.9,inh,0
4989,1060.4,inh,0
4569,1062.7,inh,0
4409,1066.6,inh,0
4819,1066.6,inh,0
4249,1067.4,inh,0
5209,1067.6,inh,0
5039,1068.0,inh,0
4559,1068.6,inh,0
4319,1069.0,inh,0
4909,1069.3,inh,0
4159,1069.8,inh,0
5279,1069.8,inh,0
4199,1070.5,inh,0
4169,1070.8,inh,0
4649,1073.5,inh,0
4659,1078.4,inh,0
4679,1081.8,inh,0
4689,1082.5,inh,0
4789,1082.5,inh,0
4829,1084.1,inh,0
4309,1085.3,inh,0
5029,1089.6,inh,0
4509,1091.9,inh,0
4559,1092.4,inh,0
4689,1093.1,inh,0
4169,1093.2,inh,0
5059,1093.6,inh,0
4699,1093.7,inh,0
4799,1093.8,inh,0
4289,1094.1,inh,0
5089,1094.1,inh,0
4379,1094.8,inh,0
4569,1103.0,inh,0
4579,1105.2,inh,0
4869,1105.2,inh,0
4319,1105.3,inh,0
4649,1105.5,inh,0
4589,1106.5,inh,0
4159,1108.0,inh,0
5239,1110.7,inh,0
4679,1111.1,inh,0
4779,1114.4,inh,0
4689,1114.7,inh,0
4269,1116.8,inh,0
4169,1116.9,inh,0
4909,1117.7,inh,0
5269,1117.8,inh,0
4559,1117.9,inh,0
4279,1118.1,inh,0
4989,1118.6,inh,0
4949,1118.7,inh,0
4459,1119.0,inh,0
4759,1119.0,inh,0
5239,1123.7,inh,0
5259,1126.0,inh,0
4239,1126.8,inh,0
5229,1127.4,inh,0
5219,1127.9,inh,0
4789,1128.6,inh,0
4889,1128.8,inh,0
4679,1128.9,inh,0
4589,1129.0,inh,0
4169,1129.4,inh,0
4809,1129.5,inh,0
4249,1129.9,inh,0
4159,1130.0,inh,0
4709,1130.2,inh,0
4479,1132.0,inh,0
4719,1134.7,inh,0
4819,1137.1,inh,0
4569,1137.6,inh,0
4969,1137.6,inh,0
5029,1137.7,inh,0
4909,1137.8,inh,0
4559,1137.9,inh,0
4309,1139.7,inh,0
4169,1141.6,inh,0
4679,1141.6,inh,0
5199,1142.8,inh,0
4649,1142.9,inh,0
4179,1144.8,inh,0
4659,1144.9,inh,0
5259,1146.8,inh,0
4789,1147.4,inh,0
4669,1150.0,inh,0
4159,1152.0,inh,0
4509,1152.2,inh,0
5239,1152.7,inh,0
4259,1155.2,inh,0
4689,1155.8,inh,0
5209,1159.6,inh,0
4169,1159.9,inh,0
4909,1161.2,inh,0
4579,1161.6,inh,0
4359,1161.7,inh,0
4659,1161.7,inh,0
5009,1162.2,inh,0
4689,1165.2,inh,0
4819,1166.4,inh,0
5289,1167.2,inh,0
5169,1167.3,inh,0
4839,1168.9,inh,0
4529,1169.0,inh,0
4679,1169.6,inh,0
5259,1170.2,inh,0
4589,1170.8,inh,0
4169,1171.2,inh,0
4569,1171.5,inh,0
4279,1172.9,inh,0
5269,1174.6,inh,0
4649,1177.1,inh,0
4189,1177.4,inh,0
4699,1179.6,inh,0
4269,1179.7,inh,0
4559,1179.8,inh,0
4249,1180.5,inh,0
5029,1180.5,inh,0
4159,1180.6,inh,0
4619,1181.0,inh,0
4169,1181.1,inh,0
4689,1181.1,inh,0
4909,1181.1,inh,0
4669,1181.5,inh,0
4739,1181.5,inh,0
4319,1181.9,inh,0
4579,1186.0,inh,0
4339,1186.1,inh,0
4529,1189.0,inh,0
4909,1191.2,inh,0
4779,1191.5,inh,0
4359,1192.5,inh,0
4289,1193.4,inh,0
4379,1194.2,inh,0
5029,1194.6,inh,0
4789,1195.5,inh,0
5009,1196.7,inh,0
5259,1200.6,inh,0
5239,1202.3,inh,0
4469,1204.3,inh,0
4989,1204.5,inh,0
4159,1205.0,inh,0
4689,1205.1,inh,0
4839,1205.2,inh,0
4249,1205.3,inh,0
5219,1206.8,inh,0
4579,1207.2,inh,0
4279,1207.4,inh,0
4639,1208.1,inh,0
4379,1209.7,inh,0
5029,1213.7,inh,0
4309,1216.5,inh,0
4679,1218.8,inh,0
4519,1219.4,inh,0
5169,1219.8,inh,0
4169,1220.0,inh,0
5119,1220.4,inh,0
4359,1221.1,inh,0
4899,1222.8,inh,0
4579,1223.4,inh,0
4159,1226.8,inh,0
4249,1227.3,inh,0
5009,1227.8,inh,0
4299,1228.0,inh,0
4819,1228.0,inh,0
4979,1228.0,inh,0
4599,1228.3,inh,0
4259,1228.9,inh,0
5039,1229.1,inh,0
4909,1229.2,inh,0
5219,1230.7,inh,0
4689,1230.9,inh,0
5279,1231.6,inh,0
5029,1233.0,inh,0
4839,1238.5,inh,0
5239,1239.4,inh,0
4529,1239.5,inh,0
4649,1239.5,inh,0
4669,1239.7,inh,0
4379,1240.3,inh,0
4909,1240.8,inh,0
4679,1241.5,inh,0
5029,1241.6,inh,0
4169,1242.0,inh,0
4469,1242.1,inh,0
4239,1242.3,inh,0
4519,1245.5,inh,0
5259,1250.3,inh,0
4409,1251.3,inh,0
4889,1251.4,inh,0
5279,1251.9,inh,0
4229,1252.1,inh,0
4159,1252.3,inh,0
4169,1253.1,inh,0
4589,1253.3,inh,0
4679,1253.7,inh,0
4689,1254.1,inh,0
4649,1254.3,inh,0
4999,1254.3,inh,0
4789,1255.1,inh,0
5199,1255.1,inh,0
5219,1255.5,inh,0
4639,1257.7,inh,0
4529,1258.6,inh,0
4319,1264.0,inh,0
4909,1264.5,inh,0
4669,1266.1,inh,0
4249,1266.9,inh,0
4569,1267.1,inh,0
4659,1267.1,inh,0
5059,1272.0,inh,0
4989,1275.0,inh,0
4689,1276.3,inh,0
5259,1277.3,inh,0
4589,1277.7,inh,0
5039,1278.4,inh,0
5169,1279.6,inh,0
4159,1279.7,inh,0
4299,1283.5,inh,0
4679,1286.2,inh,0
4249,1287.7,inh,0
4529,1287.8,inh,0
5279,1288.8,inh,0
4309,1290.0,inh,0
4279,1290.1,inh,0
5209,1291.2,inh,0
4839,1291.8,inh,0
4169,1294.4,inh,0
4249,1297.8,inh,0
4379,1298.5,inh,0
4679,1298.5,inh,0
4699,1298.8,inh,0
4789,1301.6,inh,0
4389,1301.8,inh,0
5259,1303.3,inh,0
4279,1304.0,inh,0
4689,1305.4,inh,0
4579,1307.7,inh,0
4679,1309.1,inh,0
4179,1310.8,inh,0
4779,1311.4,inh,0
4259,1311.5,inh,0
4649,1312.5,inh,0
4589,1312.7,inh,0
5279,1313.2,inh,0
4789,1313.3,inh,0
5169,1313.6,inh,0
4759,1313.8,inh,0
4819,1314.3,inh,0
4919,1314.4,inh,0
4669,1315.6,inh,0
4689,1317.5,inh,0
5259,1320.6,inh,0
5029,1320.7,inh,0
4859,1321.3,inh,0
4599,1322.0,inh,0
4529,1323.8,inh,0
4159,1324.7,inh,0
4909,1325.0,inh,0
4679,1325.3,inh,0
4659,1325.6,inh,0
5269,1326.9,inh,0
4359,1327.7,inh,0
4689,1328.4,inh,0
5259,1335.7,inh,0
4679,1335.9,inh,0
4989,1336.3,inh,0
4189,1336.8,inh,0
4799,1336.9,inh,0
5069,1337.0,inh,0
4249,1337.3,inh,0
4739,1337.4,inh,0
4509,1337.5,inh,0
5029,1337.5,inh,0
4879,1337.7,inh,0
4789,1337.8,inh,0
5239,1338.0,inh,0
4579,1339.2,inh,0
4839,1342.1,inh,0
4269,1342.3,inh,0
4169,1346.6,inh,0
4409,1347.3,inh,0
4979,1347.9,inh,0
4909,1348.0,inh,0
4689,1349.5,inh,0
4839,1350.0,inh,0
4819,1351.4,inh,0
4939,1354.5,inh,0
4569,1357.3,inh,0
4559,1358.2,inh,0
4249,1358.9,inh,0
4309,1360.3,inh,0
4169,1360.4,inh,0
4589,1360.6,inh,0
5259,1360.8,inh,0
4159,1361.0,inh,0
4989,1361.0,inh,0
5239,1361.9,inh,0
4789,1363.2,inh,0
5209,1363.3,inh,0
5039,1365.3,inh,0
4179,1367.2,inh,0
4829,1367.4,inh,0
4679,1368.0,inh,0
5169,1370.9,inh,0
4319,1371.0,inh,0
4359,1371.2,inh,0
4299,1371.4,inh,0
4639,1371.7,inh,0
4649,1371.9,inh,0
5269,1372.6,inh,0
4159,1373.3,inh,0
4689,1373.8,inh,0
4579,1373.9,inh,0
4669,1373.9,inh,0
5249,1374.0,inh,0
4279,1374.3,inh,0
4909,1376.1,inh,0
4529,1377.4,inh,0
4989,1380.6,inh,0
5259,1380.9,inh,0
4919,1382.5,inh,0
4169,1383.0,inh,0
4679,1383.0,inh,0
4259,1383.7,inh,0
4789,1384.0,inh,0
5219,1384.0,inh,0
4819,1384.1,inh,0
4699,1385.0,inh,0
5269,1385.4,inh,0
4779,1385.6,inh,0
4249,1385.9,inh,0
4589,1386.9,inh,0
4579,1387.4,inh,0
5259,1394.7,inh,0
4679,1394.8,inh,0
5279,1394.8,inh,0
4259,1396.0,inh,0
4169,1396.6,inh,0
4309,1397.1,inh,0
4469,1397.6,inh,0
4689,1397.6,inh,0
4909,1397.9,inh,0
4649,1399.3,inh,0
4249,1399.5,inh,0
5139,1403.3,inh,0
4529,1405.7,inh,0
4839,1406.1,inh,0
4199,1406.9,inh,0
4169,1407.6,inh,0
5269,1407.7,inh,0
4159,1407.9,inh,0
5239,1407.9,inh,0
4679,1408.0,inh,0
4969,1408.0,inh,0
4179,1408.3,inh,0
4869,1414.8,inh,0
5259,1418.5,inh,0
4789,1418.8,inh,0
5029,1418.8,inh,0
4559,1418.9,inh,0
4159,1421.3,inh,0
4329,1422.2,inh,0
4589,1426.2,inh,0
4669,1426.2,inh,0
4939,1427.4,inh,0
4819,1427.5,inh,0
5279,1427.8,inh,0
5029,1430.8,inh,0
4789,1434.4,inh,0
4379,1436.2,inh,0
4569,1437.7,inh,0
4169,1438.4,inh,0
5179,1438.6,inh,0
4909,1439.3,inh,0
4709,1439.5,inh,0
4659,1440.7,inh,0
5239,1441.0,inh,0
5259,1441.2,inh,0
4689,1441.3,inh,0
5029,1441.4,inh,0
5039,1442.2,inh,0
5219,1443.2,inh,0
4249,1446.6,inh,0
4529,1448.1,inh,0
4679,1450.4,inh,0
4279,1450.7,inh,0
4159,1451.0,inh,0
4649,1451.0,inh,0
4299,1451.7,inh,0
4829,1452.8,inh,0
4809,1453.3,inh,0
4319,1454.5,inh,0
5029,1455.1,inh,0
4509,1456.4,inh,0
4579,1463.4,inh,0
4559,1463.6,inh,0
4669,1463.7,inh,0
4379,1463.9,inh,0
5049,1463.9,inh,0
5069,1464.6,inh,0
4159,1464.8,inh,0
4799,1464.8,inh,0
4699,1465.6,inh,0
4569,1467.1,inh,0
4149,1469.7,inh,0
4659,1471.4,inh,0
4269,1472.7,inh,0
4249,1473.2,inh,0
4909,1474.1,inh,0
5259,1474.6,inh,0
4529,1475.2,inh,0
4989,1475.2,inh,0
4169,1475.4,inh,0
4819,1477.4,inh,0
4259,1477.6,inh,0
4389,1477.6,inh,0
4319,1477.7,inh,0
4689,1478.6,inh,0
4409,1482.2,inh,0
4579,1483.2,inh,0
4679,1485.9,inh,0
5209,1486.2,inh,0
4159,1487.1,inh,0
4419,1487.5,inh,0
5289,1487.8,inh,0
5179,1488.1,inh,0
5259,1488.4,inh,0
5269,1488.4,inh,0
4249,1489.3,inh,0
4909,1489.3,inh,0
5219,1489.4,inh,0
5279,1492.1,inh,0
5239,1493.7,inh,0
4309,1494.3,inh,0
4689,1494.8,inh,0
4659,1495.0,inh,0
4799,1497.5,inh,0
5029,1497.5,inh,0
4569,1497.6,inh,0
4819,1498.7,inh,0
5259,1498.9,inh,0
4309,1499.9,inh,0
5120,8.7,inh,0
5260,12.7,inh,0
4280,13.8,inh,0
4930,14.9,inh,0
5210,15.1,inh,0
4940,15.4,inh,0
4230,16.2,inh,0
4680,18.4,inh,0
4540,20.7,inh,0
4420,24.2,inh,0
4490,27.9,inh,0
4670,32.5,inh,0
4630,32.6,inh,0
5120,32.8,inh,0
5240,34.1,inh,0
4960,34.8,inh,0
4440,35.2,inh,0
4900,35.2,inh,0
4850,42.4,inh,0
4290,43.9,inh,0
4990,46.5,inh,0
4310,46.8,inh,0
4250,48.0,inh,0
5250,57.3,inh,0
4330,61.2,inh,0
4270,61.7,inh,0
4490,62.7,inh,0
5050,62.8,inh,0
5020,63.7,inh,0
5010,65.9,inh,0
4710,78.0,inh,0
4730,78.8,inh,0
4940,87.3,inh,0
4460,88.3,inh,0
4700,92.0,inh,0
5200,93.9,inh,0
4360,94.1,inh,0
4790,95.0,inh,0
4450,102.7,inh,0
4220,109.4,inh,0
4970,112.9,inh,0
4490,115.1,inh,0
4140,115.5,inh,0
4660,115.8,inh,0
4740,118.8,inh,0
4390,133.2,inh,0
4950,136.6,inh,0
4830,137.9,inh,0
4650,141.8,inh,0
4410,142.4,inh,0
4700,145.8,inh,0
4330,146.6,inh,0
4890,147.5,inh,0
4490,151.2,inh,0
4840,174.4,inh,0
4650,176.7,inh,0
4150,180.2,inh,0
5030,183.0,inh,0
4220,184.0,inh,0
5120,187.5,inh,0
4790,188.5,inh,0
4470,199.7,inh,0
4510,201.7,inh,0
4230,201.9,inh,0
4970,208.3,inh,0
4710,209.4,inh,0
4330,211.5,inh,0
4790,223.2,inh,0
4840,223.4,inh,0
4880,223.5,inh,0
4350,224.6,inh,0
4200,225.0,inh,0
4360,232.5,inh,0
4700,234.3,inh,0
4450,240.0,inh,0
4660,242.0,inh,0
4160,245.1,inh,0
4770,245.6,inh,0
4940,256.1,inh,0
4960,262.0,inh,0
4500,263.9,inh,0
4230,265.0,inh,0
5010,273.1,inh,0
5070,275.0,inh,0
4900,277.1,inh,0
4700,281.1,inh,0
4820,281.8,inh,0
5080,283.2,inh,0
4830,286.5,inh,0
4630,299.4,inh,0
4880,304.3,inh,0
5240,307.7,inh,0
4180,307.8,inh,0
4370,310.4,inh,0
4900,319.5,inh,0
5010,319.6,inh,0
4470,336.3,inh,0
5060,341.6,inh,0
4270,342.1,inh,0
4940,346.4,inh,0
4830,350.2,inh,0
5000,355.0,inh,0
4350,356.2,inh,0
4760,361.0,inh,0
4190,361.2,inh,0
4650,366.3,inh,0
4400,377.3,inh,0
4310,381.6,inh,0
4150,388.7,inh,0
4840,392.6,inh,0
5140,393.5,inh,0
4160,396.7,inh,0
4280,401.3,inh,0
5250,409.7,inh,0
4540,412.9,inh,0
4830,417.4,inh,0
4250,417.8,inh,0
4940,426.5,inh,0
4550,430.0,inh,0
5210,433.8,inh,0
4730,434.3,inh,0
5140,434.3,inh,0
4700,436.9,inh,0
4840,437.0,inh,0
5170,452.7,inh,0
5130,454.1,inh,0
5260,456.7,inh,0
4930,457.1,inh,0
4220,458.7,inh,0
5100,461.8,inh,0
5240,466.4,inh,0
5220,468.5,inh,0
4630,474.3,inh,0
4730,481.7,inh,0
4510,484.7,inh,0
5100,498.2,inh,0
4230,498.3,inh,0
4680,498.7,inh,0
4240,500.2,inh,0
4430,501.1,inh,0
5160,501.7,inh,0
4170,504.7,inh,0
5010,507.2,inh,0
4560,507.3,inh,0
4870,507.8,inh,0
4390,507.9,inh,0
4930,507.9,inh,0
4660,508.0,inh,0
4850,508.0,inh,0
4910,508.0,inh,0
4940,508.1,inh,0
5210,508.1,inh,0
4540,508.2,inh,0
5120,508.2,inh,0
4970,508.3,inh,0
4150,508.4,inh,0
4300,508.4,inh,0
4370,508.6,inh,0
4700,508.6,inh,0
4920,508.6,inh,0
4410,508.7,inh,0
4830,508.7,inh,0
4880,508.8,inh,0
4140,514.3,inh,0
5000,515.2,inh,0
4940,515.9,inh,0
4410,517.8,inh,0
5120,518.1,inh,0
4450,518.3,inh,0
4330,521.7,inh,0
4790,522.0,inh,0
4290,522.4,inh,0
4820,522.7,inh,0
5010,522.7,inh,0
5060,522.7,inh,0
4510,522.9,inh,0
4580,530.8,inh,0
5130,531.6,inh,0
4700,532.5,inh,0
4960,532.9,inh,0
4150,533.0,inh,0
4520,533.0,inh,0
4230,533.7,inh,0
4650,533.9,inh,0
4760,534.4,inh,0
4900,534.5,inh,0
4330,534.9,inh,0
4660,534.9,inh,0
4720,535.0,inh,0
4680,535.1,inh,0
4530,535.5,inh,0
4630,535.7,inh,0
5000,535.7,inh,0
4710,535.8,inh,0
4290,536.1,inh,0
4870,540.0,inh,0
5240,543.6,inh,0
4420,547.5,inh,0
4220,547.9,inh,0
4770,548.1,inh,0
4910,548.2,inh,0
4810,548.7,inh,0
4660,548.8,inh,0
4970,548.8,inh,0
4490,548.9,inh,0
5010,549.9,inh,0
5170,550.0,inh,0
4140,550.1,inh,0
4330,550.2,inh,0
4700,550.2,inh,0
4740,550.2,inh,0
4790,550.7,inh,0
4310,550.9,inh,0
4570,562.0,inh,0
4150,562.3,inh,0
4510,562.3,inh,0
4880,562.5,inh,0
4900,562.5,inh,0
4910,562.6,inh,0
5170,562.7,inh,0
4840,562.8,inh,0
4940,564.5,inh,0
4230,565.0,inh,0
4250,565.1,inh,0
4660,565.2,inh,0
4860,566.3,inh,0
4820,566.6,inh,0
5140,567.2,inh,0
4290,568.7,inh,0
5010,570.8,inh,0
4160,572.2,inh,0
4700,573.8,inh,0
5210,575.2,inh,0
4340,576.8,inh,0
5230,577.0,inh,0
4140,577.2,inh,0
4660,577.9,inh,0
4970,578.2,inh,0
4390,584.9,inh,0
4850,585.2,inh,0
4830,586.6,inh,0
5130,586.8,inh,0
4650,587.8,inh,0
4790,587.8,inh,0
4640,590.4,inh,0
4290,597.8,inh,0
5170,598.0,inh,0
5010,598.4,inh,0
4900,598.9,inh,0
5060,599.4,inh,0
4940,599.7,inh,0
4660,599.8,inh,0
4990,599.8,inh,0
4960,599.9,inh,0
4910,600.0,inh,0
4870,600.6,inh,0
4820,602.2,inh,0
4220,605.5,inh,0
4390,607.4,inh,0
4850,607.9,inh,0
4820,610.8,inh,0
4490,611.0,inh,0
4630,611.1,inh,0
4720,611.7,inh,0
5010,612.1,inh,0
5240,612.7,inh,0
4970,613.1,inh,0
4320,615.9,inh,0
4790,616.7,inh,0
4680,617.3,inh,0
4230,619.4,inh,0
4900,620.6,inh,0
4840,623.5,inh,0
4350,624.1,inh,0
4760,624.2,inh,0
5140,624.4,inh,0
4960,625.6,inh,0
4720,627.0,inh,0
4310,633.5,inh,0
4140,633.6,inh,0
4680,634.3,inh,0
4700,634.4,inh,0
5010,634.8,inh,0
4940,634.9,inh,0
4660,635.4,inh,0
5210,635.4,inh,0
4220,636.0,inh,0
4410,636.6,inh,0
4450,636.7,inh,0
5100,637.0,inh,0
4900,637.6,inh,0
4640,638.1,inh,0
4580,638.4,inh,0
4850,638.8,inh,0
4830,640.8,inh,0
4210,645.9,inh,0
5000,648.0,inh,0
4970,648.6,inh,0
5040,649.3,inh,0
4930,649.5,inh,0
5030,650.1,inh,0
4730,651.6,inh,0
4940,651.8,inh,0
4330,655.2,inh,0
4400,658.5,inh,0
4290,660.5,inh,0
4770,660.5,inh,0
4160,661.6,inh,0
5130,661.6,inh,0
4510,661.8,inh,0
5010,662.2,inh,0
5060,662.3,inh,0
4970,662.5,inh,0
5270,665.6,inh,0
4490,668.8,inh,0
4790,672.6,inh,0
4660,672.9,inh,0
4700,672.9,inh,0
4220,673.1,inh,0
4900,673.1,inh,0
4720,673.6,inh,0
4440,673.7,inh,0
4920,674.5,inh,0
4830,676.7,inh,0
4770,682.0,inh,0
4330,683.1,inh,0
4680,683.7,inh,0
4760,683.7,inh,0
5190,683.8,inh,0
4940,684.0,inh,0
4700,684.2,inh,0
4740,684.4,inh,0
4150,684.5,inh,0
4800,684.6,inh,0
4850,684.7,inh,0
4290,685.5,inh,0
4230,685.6,inh,0
4960,685.8,inh,0
4530,686.0,inh,0
4990,686.0,inh,0
4510,686.4,inh,0
4830,686.6,inh,0
5120,693.8,inh,0
4480,694.2,inh,0
4940,695.2,inh,0
5130,697.3,inh,0
4160,697.9,inh,0
4680,698.3,inh,0
4540,699.9,inh,0
4900,700.9,inh,0
4970,703.4,inh,0
4960,706.3,inh,0
4230,710.5,inh,0
4510,710.5,inh,0
5120,710.6,inh,0
5080,711.1,inh,0
5040,714.0,inh,0
5010,714.8,inh,0
4720,716.8,inh,0
4900,719.2,inh,0
5100,721.3,inh,0
4220,721.6,inh,0
4960,721.9,inh,0
4330,722.0,inh,0
4420,722.0,inh,0
4630,722.0,inh,0
4700,722.0,inh,0
5000,722.0,inh,0
4940,722.1,inh,0
4540,722.3,inh,0
4160,724.2,inh,0
4580,724.6,inh,0
4490,730.3,inh,0
5200,732.3,inh,0
5130,733.5,inh,0
4660,734.8,inh,0
4650,735.2,inh,0
4820,735.2,inh,0
4850,735.6,inh,0
4700,736.0,inh,0
4570,736.7,inh,0
5240,737.1,inh,0
4320,746.2,inh,0
4650,747.1,inh,0
5170,747.1,inh,0
4940,747.4,inh,0
4760,747.7,inh,0
4700,748.8,inh,0
5240,749.1,inh,0
4160,749.3,inh,0
4730,749.6,inh,0
4990,749.9,inh,0
4220,757.6,inh,0
4850,758.6,inh,0
5060,758.6,inh,0
5010,758.9,inh,0
5100,759.6,inh,0
4320,759.8,inh,0
5080,759.8,inh,0
5140,759.8,inh,0
4780,760.1,inh,0
4840,760.5,inh,0
5160,760.7,inh,0
4140,762.3,inh,0
4700,762.8,inh,0
4970,769.7,inh,0
4650,771.5,inh,0
4390,773.0,inh,0
5070,773.2,inh,0
4720,774.0,inh,0
5140,774.0,inh,0
4230,774.3,inh,0
5010,774.6,inh,0
4660,783.5,inh,0
4760,784.0,inh,0
4260,784.5,inh,0
4820,784.8,inh,0
4530,785.0,inh,0
4230,785.1,inh,0
4710,785.1,inh,0
4870,785.1,inh,0
4850,785.3,inh,0
4700,785.5,inh,0
4420,785.7,inh,0
4940,785.8,inh,0
4140,786.0,inh,0
4490,786.2,inh,0
4960,786.2,inh,0
4900,786.5,inh,0
4510,794.5,inh,0
4940,796.3,inh,0
4390,796.4,inh,0
4220,797.3,inh,0
4700,797.4,inh,0
4930,798.0,inh,0
4660,801.9,inh,0
4150,803.0,inh,0
4790,805.8,inh,0
4700,810.9,inh,0
5010,811.5,inh,0
4840,812.5,inh,0
5170,812.8,inh,0
4960,814.1,inh,0
4220,814.8,inh,0
4490,819.9,inh,0
4900,820.9,inh,0
5250,820.9,inh,0
5120,821.9,inh,0
4870,822.1,inh,0
4680,822.7,inh,0
5240,822.8,inh,0
5010,822.9,inh,0
4670,824.2,inh,0
4250,829.9,inh,0
4680,832.7,inh,0
5170,833.2,inh,0
4780,833.8,inh,0
4940,834.0,inh,0
4490,834.4,inh,0
5100,834.4,inh,0
5030,835.6,inh,0
4230,835.8,inh,0
4460,836.0,inh,0
4880,836.3,inh,0
5010,840.0,inh,0
4770,843.0,inh,0
4390,845.3,inh,0
4960,845.9,inh,0
4420,846.0,inh,0
4150,846.1,inh,0
4900,846.2,inh,0
4700,846.4,inh,0
4170,846.6,inh,0
4710,847.8,inh,0
4830,848.2,inh,0
5140,848.7,inh,0
4160,848.8,inh,0
4290,848.9,inh,0
5260,848.9,inh,0
4530,850.4,inh,0
4490,856.9,inh,0
4940,857.1,inh,0
4280,858.9,inh,0
4790,858.9,inh,0
4720,859.1,inh,0
4990,859.2,inh,0
5010,859.3,inh,0
4450,859.4,inh,0
4230,859.6,inh,0
4390,860.3,inh,0
4250,866.6,inh,0
4510,866.6,inh,0
4160,866.8,inh,0
4630,866.8,inh,0
4700,867.3,inh,0
4850,868.9,inh,0
4660,869.0,inh,0
4330,870.0,inh,0
4970,870.8,inh,0
5190,871.3,inh,0
4140,873.2,inh,0
5140,876.3,inh,0
4830,879.5,inh,0
5200,881.1,inh,0
4940,881.6,inh,0
4790,881.7,inh,0
5170,882.0,inh,0
4160,882.2,inh,0
4660,882.2,inh,0
4840,882.3,inh,0
5240,882.5,inh,0
4230,882.6,inh,0
5000,882.6,inh,0
4690,883.0,inh,0
4700,883.4,inh,0
4250,884.9,inh,0
5070,885.3,inh,0
4410,885.7,inh,0
4720,886.2,inh,0
4400,889.9,inh,0
5010,890.4,inh,0
4920,891.2,inh,0
4290,891.9,inh,0
4910,894.1,inh,0
5290,894.2,inh,0
4160,895.7,inh,0
4960,896.2,inh,0
5010,896.3,inh,0
4850,896.4,inh,0
4940,896.4,inh,0
4680,896.7,inh,0
4630,896.8,inh,0
4660,896.9,inh,0
4640,897.1,inh,0
4420,897.5,inh,0
5250,908.6,inh,0
4390,908.7,inh,0
4410,908.7,inh,0
4580,908.7,inh,0
4160,910.0,inh,0
4840,910.1,inh,0
4940,910.5,inh,0
4830,910.8,inh,0
4140,911.5,inh,0
5260,916.1,inh,0
4660,916.4,inh,0
5120,916.5,inh,0
4700,918.2,inh,0
4970,919.0,inh,0
5000,920.5,inh,0
4290,922.6,inh,0
4830,922.9,inh,0
4820,923.0,inh,0
4330,925.1,inh,0
4720,926.1,inh,0
4650,926.9,inh,0
4540,929.5,inh,0
4850,930.6,inh,0
4150,932.1,inh,0
5150,932.7,inh,0
5240,933.8,inh,0
4830,935.5,inh,0
5010,935.7,inh,0
4870,937.5,inh,0
4730,938.1,inh,0
4940,938.4,inh,0
4770,940.4,inh,0
4880,941.4,inh,0
4460,942.9,inh,0
5130,943.4,inh,0
4900,943.9,inh,0
5120,944.0,inh,0
5190,944.2,inh,0
5170,944.3,inh,0
5290,944.4,inh,0
4140,944.8,inh,0
4960,945.3,inh,0
4970,945.4,inh,0
4990,945.5,inh,0
5140,945.5,inh,0
4700,945.7,inh,0
4660,946.0,inh,0
4450,947.0,inh,0
4680,953.7,inh,0
4160,956.2,inh,0
5010,956.7,inh,0
4940,957.8,inh,0
4850,958.9,inh,0
5170,959.0,inh,0
5240,959.5,inh,0
4700,959.6,inh,0
4340,963.6,inh,0
4630,967.4,inh,0
4720,967.6,inh,0
4140,968.0,inh,0
4840,969.0,inh,0
5260,969.2,inh,0
4510,969.3,inh,0
4900,969.4,inh,0
4970,969.6,inh,0
4640,970.3,inh,0
5070,970.4,inh,0
4450,970.8,inh,0
4870,971.7,inh,0
4440,976.7,inh,0
4220,979.0,inh,0
4660,980.5,inh,0
5120,980.6,inh,0
5010,980.8,inh,0
4400,981.1,inh,0
4490,981.3,inh,0
4350,981.5,inh,0
5050,982.0,inh,0
4540,983.1,inh,0
4150,983.8,inh,0
4840,983.8,inh,0
4930,985.4,inh,0
5130,985.9,inh,0
4230,992.7,inh,0
4720,992.9,inh,0
4900,992.9,inh,0
4650,993.2,inh,0
4330,993.3,inh,0
4970,993.6,inh,0
4390,993.8,inh,0
4630,993.9,inh,0
4470,994.1,inh,0
5060,994.4,inh,0
4310,995.3,inh,0
4580,1005.4,inh,0
5120,1006.6,inh,0
4230,1006.7,inh,0
4590,1006.9,inh,0
5130,1006.9,inh,0
4540,1007.0,inh,0
4830,1007.7,inh,0
5050,1007.7,inh,0
4290,1007.8,inh,0
4660,1007.9,inh,0
4930,1008.2,inh,0
5140,1009.0,inh,0
4420,1009.4,inh,0
4940,1009.6,inh,0
4960,1011.2,inh,0
4720,1017.1,inh,0
4940,1019.6,inh,0
4490,1020.1,inh,0
5000,1020.2,inh,0
4380,1020.3,inh,0
4150,1020.7,inh,0
4660,1021.1,inh,0
4290,1021.6,inh,0
4680,1022.6,inh,0
4180,1022.9,inh,0
4510,1023.1,inh,0
4700,1023.8,inh,0
4630,1024.5,inh,0
4740,1025.8,inh,0
4450,1033.8,inh,0
4540,1034.0,inh,0
5010,1034.0,inh,0
4390,1034.8,inh,0
4220,1035.2,inh,0
5190,1035.9,inh,0
4900,1039.4,inh,0
5170,1041.3,inh,0
4850,1044.8,inh,0
5200,1044.9,inh,0
4940,1049.0,inh,0
4680,1050.1,inh,0
4580,1050.8,inh,0
4510,1055.9,inh,0
4210,1057.6,inh,0
4970,1058.0,inh,0
4810,1059.1,inh,0
4790,1060.8,inh,0
4900,1064.4,inh,0
5060,1066.6,inh,0
4700,1067.2,inh,0
4870,1067.7,inh,0
4850,1070.0,inh,0
4150,1070.1,inh,0
4540,1070.2,inh,0
4940,1070.6,inh,0
5190,1070.7,inh,0
5170,1075.3,inh,0
5120,1077.3,inh,0
4680,1079.7,inh,0
4650,1082.0,inh,0
5010,1082.3,inh,0
5030,1082.3,inh,0
5190,1082.5,inh,0
4970,1083.2,inh,0
4220,1083.5,inh,0
4870,1083.6,inh,0
4530,1083.7,inh,0
4600,1084.0,inh,0
4830,1089.2,inh,0
4770,1090.8,inh,0
4910,1092.1,inh,0
4820,1092.9,inh,0
4840,1093.0,inh,0
4850,1093.3,inh,0
4700,1093.4,inh,0
5010,1093.6,inh,0
4900,1095.4,inh,0
4420,1097.3,inh,0
4680,1097.4,inh,0
5190,1100.9,inh,0
4970,1102.6,inh,0
4460,1103.8,inh,0
4650,1104.9,inh,0
4940,1105.7,inh,0
4430,1105.9,inh,0
4840,1111.3,inh,0
5150,1112.8,inh,0
4860,1114.1,inh,0
4640,1114.9,inh,0
4850,1116.7,inh,0
5170,1116.7,inh,0
4830,1116.9,inh,0
5200,1117.2,inh,0
4870,1117.5,inh,0
4230,1117.8,inh,0
4160,1125.4,inh,0
4490,1125.9,inh,0
4700,1126.0,inh,0
4960,1126.9,inh,0
5190,1127.2,inh,0
4900,1131.0,inh,0
4440,1131.8,inh,0
4940,1134.3,inh,0
4220,1137.5,inh,0
5000,1137.5,inh,0
4660,1137.6,inh,0
4540,1137.8,inh,0
4970,1137.8,inh,0
4290,1138.4,inh,0
4820,1140.0,inh,0
4870,1140.2,inh,0
4260,1140.5,inh,0
5210,1141.2,inh,0
5140,1142.5,inh,0
4810,1145.9,inh,0
5010,1146.5,inh,0
5190,1153.2,inh,0
4630,1154.3,inh,0
4700,1154.9,inh,0
4830,1154.9,inh,0
4870,1155.7,inh,0
5260,1156.6,inh,0
4160,1158.5,inh,0
4960,1159.6,inh,0
5170,1160.3,inh,0
4140,1160.4,inh,0
4970,1160.4,inh,0
4350,1160.6,inh,0
5190,1161.1,inh,0
5240,1162.3,inh,0
4840,1162.5,inh,0
4490,1166.3,inh,0
5010,1167.4,inh,0
4480,1167.6,inh,0
4720,1168.6,inh,0
4910,1168.8,inh,0
5030,1169.3,inh,0
5090,1170.3,inh,0
4850,1170.4,inh,0
5200,1170.4,inh,0
4940,1172.6,inh,0
4830,1174.5,inh,0
4290,1175.0,inh,0
4490,1176.4,inh,0
4700,1179.4,inh,0
4900,1179.7,inh,0
4600,1180.4,inh,0
4870,1180.6,inh,0
4660,1180.8,inh,0
4220,1181.6,inh,0
5000,1182.1,inh,0
5010,1182.8,inh,0
4420,1190.5,inh,0
4260,1190.6,inh,0
4510,1191.4,inh,0
4840,1193.0,inh,0
4820,1194.7,inh,0
4720,1195.9,inh,0
4730,1197.9,inh,0
5090,1197.9,inh,0
5190,1198.3,inh,0
4870,1202.2,inh,0
5210,1204.7,inh,0
5100,1204.8,inh,0
5170,1205.4,inh,0
4760,1205.5,inh,0
4850,1205.8,inh,0
4700,1206.2,inh,0
4290,1207.7,inh,0
4900,1208.4,inh,0
4830,1208.5,inh,0
5190,1208.6,inh,0
4310,1208.8,inh,0
4490,1209.4,inh,0
4680,1215.5,inh,0
4920,1218.3,inh,0
5010,1219.5,inh,0
4820,1220.5,inh,0
4880,1222.5,inh,0
4160,1226.1,inh,0
4900,1226.4,inh,0
5170,1227.0,inh,0
4470,1228.4,inh,0
4940,1228.4,inh,0
5240,1228.6,inh,0
4680,1228.7,inh,0
4250,1228.8,inh,0
5130,1229.1,inh,0
4740,1229.7,inh,0
4290,1230.5,inh,0
4330,1230.9,inh,0
4700,1236.8,inh,0
4850,1237.8,inh,0
4640,1239.6,inh,0
4960,1240.0,inh,0
4770,1240.2,inh,0
4940,1241.2,inh,0
4230,1241.5,inh,0
4830,1241.5,inh,0
4660,1241.7,inh,0
5090,1242.0,inh,0
4390,1242.3,inh,0
4290,1247.3,inh,0
4900,1248.0,inh,0
4490,1248.5,inh,0
4680,1251.1,inh,0
4630,1252.9,inh,0
4970,1253.1,inh,0
5170,1253.1,inh,0
5140,1254.0,inh,0
4700,1254.6,inh,0
4660,1255.1,inh,0
4940,1255.7,inh,0
4310,1255.9,inh,0
4850,1256.6,inh,0
5060,1264.0,inh,0
4490,1264.6,inh,0
5010,1265.6,inh,0
4220,1266.1,inh,0
4510,1266.2,inh,0
4350,1266.6,inh,0
4250,1268.5,inh,0
4190,1271.9,inh,0
4680,1274.7,inh,0
5170,1276.4,inh,0
4250,1277.0,inh,0
4900,1277.1,inh,0
4700,1277.5,inh,0
5130,1278.2,inh,0
4230,1278.9,inh,0
5010,1278.9,inh,0
5100,1279.5,inh,0
5190,1279.5,inh,0
4910,1279.7,inh,0
4960,1282.1,inh,0
4990,1284.8,inh,0
4630,1287.7,inh,0
4410,1288.4,inh,0
4940,1288.7,inh,0
4700,1289.0,inh,0
4540,1289.4,inh,0
4260,1289.6,inh,0
4660,1290.4,inh,0
4160,1290.9,inh,0
4840,1291.0,inh,0
4290,1297.5,inh,0
4600,1299.7,inh,0
4250,1301.7,inh,0
5010,1301.7,inh,0
5190,1301.7,inh,0
4850,1302.3,inh,0
4830,1302.7,inh,0
4230,1308.4,inh,0
4800,1310.0,inh,0
4700,1311.0,inh,0
4900,1311.9,inh,0
4400,1312.0,inh,0
4350,1313.7,inh,0
4870,1314.2,inh,0
5140,1316.0,inh,0
4220,1318.3,inh,0
5100,1320.5,inh,0
4730,1321.1,inh,0
5150,1321.2,inh,0
4840,1323.7,inh,0
4270,1324.8,inh,0
4680,1325.6,inh,0
4480,1325.7,inh,0
4830,1326.0,inh,0
4660,1326.1,inh,0
4960,1326.4,inh,0
5140,1331.4,inh,0
4160,1336.6,inh,0
4930,1336.7,inh,0
5120,1336.9,inh,0
4320,1337.2,inh,0
5000,1338.1,inh,0
5200,1340.3,inh,0
4940,1343.8,inh,0
4420,1346.6,inh,0
5190,1347.2,inh,0
4700,1349.7,inh,0
4230,1351.2,inh,0
4720,1353.2,inh,0
4400,1354.6,inh,0
4960,1355.6,inh,0
4160,1356.1,inh,0
4840,1357.5,inh,0
4410,1358.8,inh,0
5010,1359.5,inh,0
4600,1360.2,inh,0
5280,1360.3,inh,0
4150,1360.4,inh,0
5130,1360.5,inh,0
4870,1361.0,inh,0
4660,1361.3,inh,0
4220,1363.6,inh,0
4960,1365.1,inh,0
4140,1371.5,inh,0
4690,1371.6,inh,0
4900,1371.6,inh,0
4330,1371.8,inh,0
4830,1372.6,inh,0
5190,1372.7,inh,0
5070,1373.3,inh,0
4800,1373.8,inh,0
4650,1373.9,inh,0
5160,1374.2,inh,0
4430,1381.0,inh,0
5240,1384.5,inh,0
4480,1384.7,inh,0
4210,1385.9,inh,0
4710,1386.0,inh,0
4450,1388.4,inh,0
5010,1390.0,inh,0
4700,1392.0,inh,0
4230,1394.2,inh,0
4850,1394.2,inh,0
5140,1395.0,inh,0
5170,1395.7,inh,0
4660,1395.9,inh,0
4790,1396.1,inh,0
4770,1396.6,inh,0
4680,1405.5,inh,0
4840,1406.1,inh,0
4400,1406.8,inh,0
5010,1406.9,inh,0
4910,1407.0,inh,0
5140,1407.1,inh,0
5170,1407.9,inh,0
4160,1408.3,inh,0
4440,1409.5,inh,0
4170,1409.6,inh,0
4700,1413.9,inh,0
4660,1416.0,inh,0
5100,1416.4,inh,0
4710,1417.5,inh,0
4630,1417.8,inh,0
4230,1418.1,inh,0
4350,1418.4,inh,0
4830,1418.4,inh,0
4820,1418.9,inh,0
4960,1419.4,inh,0
5010,1422.5,inh,0
4450,1424.4,inh,0
4160,1426.3,inh,0
4850,1426.3,inh,0
4700,1427.9,inh,0
4870,1428.8,inh,0
4830,1430.3,inh,0
5080,1430.9,inh,0
4490,1431.6,inh,0
4940,1436.7,inh,0
4540,1437.4,inh,0
4820,1438.1,inh,0
4680,1439.8,inh,0
5140,1440.3,inh,0
4720,1440.7,inh,0
4900,1440.7,inh,0
4320,1442.0,inh,0
4700,1450.3,inh,0
5190,1451.2,inh,0
5130,1452.1,inh,0
5240,1452.3,inh,0
5010,1452.4,inh,0
4250,1453.2,inh,0
4900,1453.3,inh,0
4510,1453.4,inh,0
4760,1453.4,inh,0
4450,1455.8,inh,0
4330,1457.1,inh,0
4830,1457.4,inh,0
4960,1463.5,inh,0
4490,1464.4,inh,0
4150,1464.8,inh,0
4230,1465.6,inh,0
4970,1466.6,inh,0
4550,1467.3,inh,0
5190,1468.1,inh,0
5240,1473.5,inh,0
4520,1473.6,inh,0
4470,1476.9,inh,0
4900,1477.6,inh,0
4250,1477.9,inh,0
5190,1479.3,inh,0
4140,1479.8,inh,0
4870,1480.8,inh,0
4840,1485.9,inh,0
5030,1486.2,inh,0
4400,1486.3,inh,0
4760,1487.4,inh,0
4630,1488.5,inh,0
4290,1488.9,inh,0
5010,1491.7,inh,0
4790,1492.8,inh,0
4310,1493.4,inh,0
4230,1498.7,inh,0
5120,1498.7,inh,0
5140,1499.0,inh,0
4540,1499.2,inh,0
4390,1499.3,inh,0
4981,12.6,inh,0
4741,15.4,inh,0
4671,15.6,inh,0
5041,21.5,inh,0
5271,26.7,inh,0
5201,27.4,inh,0
4711,28.1,inh,0
4201,30.5,inh,0
4521,31.0,inh,0
4431,33.3,inh,0
4411,34.9,inh,0
4541,36.6,inh,0
4551,42.3,inh,0
5211,45.7,inh,0
5291,47.2,inh,0
4811,48.1,inh,0
5191,48.8,inh,0
5061,62.9,inh,0
5121,64.4,inh,0
4601,66.2,inh,0
4961,75.4,inh,0
4471,78.0,inh,0
4531,78.0,inh,0
4941,81.0,inh,0
4461,83.8,inh,0
4241,86.6,inh,0
5201,88.4,inh,0
4771,93.4,inh,0
4511,94.7,inh,0
5071,96.6,inh,0
5281,98.2,inh,0
4191,99.2,inh,0
5041,102.7,inh,0
4981,105.0,inh,0
4281,110.4,inh,0
4261,114.6,inh,0
4721,117.1,inh,0
4861,121.2,inh,0
5041,121.7,inh,0
4171,124.9,inh,0
5091,126.9,inh,0
4901,133.0,inh,0
5141,133.0,inh,0
4691,135.8,inh,0
4321,136.0,inh,0
4381,136.8,inh,0
4671,142.7,inh,0
4471,143.3,inh,0
4311,144.2,inh,0
4491,147.6,inh,0
4931,148.3,inh,0
4961,157.1,inh,0
4651,161.7,inh,0
5261,162.5,inh,0
4271,164.8,inh,0
4691,164.8,inh,0
5011,169.1,inh,0
4541,169.8,inh,0
4371,174.8,inh,0
5171,177.4,inh,0
4321,179.7,inh,0
4991,185.1,inh,0
4611,191.0,inh,0
4951,191.9,inh,0
5111,196.4,inh,0
5211,206.6,inh,0
4501,212.1,inh,0
4831,214.2,inh,0
4431,215.5,inh,0
4851,221.4,inh,0
4371,225.1,inh,0
4221,235.5,inh,0
5071,238.2,inh,0
4551,239.2,inh,0
4661,244.0,inh,0
4381,244.6,inh,0
5291,247.1,inh,0
5041,251.1,inh,0
4591,251.7,inh,0
4161,262.1,inh,0
4961,264.7,inh,0
4941,269.9,inh,0
4371,270.0,inh,0
5181,277.6,inh,0
4801,282.7,inh,0
4511,284.2,inh,0
4471,289.0,inh,0
4491,295.5,inh,0
4551,296.3,inh,0
4361,296.4,inh,0
5131,297.2,inh,0
4671,297.8,inh,0
4581,298.0,inh,0
4611,299.0,inh,0
4411,300.9,inh,0
4861,300.9,inh,0
5231,307.9,inh,0
5101,310.4,inh,0
4421,311.7,inh,0
4341,314.6,inh,0
4541,314.7,inh,0
4991,321.2,inh,0
4371,321.7,inh,0
5021,324.4,inh,0
4611,337.0,inh,0
4661,340.3,inh,0
4641,340.4,inh,0
4451,341.4,inh,0
4231,341.5,inh,0
4161,342.0,inh,0
4291,342.0,inh,0
4631,342.8,inh,0
4891,347.7,inh,0
5231,350.9,inh,0
5071,360.7,inh,0
4241,361.0,inh,0
4171,361.2,inh,0
4981,361.3,inh,0
4511,365.5,inh,0
4971,369.0,inh,0
4221,373.1,inh,0
4381,374.4,inh,0
4331,379.0,inh,0
5151,381.2,inh,0
5281,386.1,inh,0
5041,395.6,inh,0
4371,396.9,inh,0
4741,399.6,inh,0
4921,400.1,inh,0
4691,401.7,inh,0
4651,401.9,inh,0
5101,418.6,inh,0
4791,419.8,inh,0
4411,420.1,inh,0
4691,420.1,inh,0
5251,422.4,inh,0
4801,422.6,inh,0
4531,429.3,inh,0
5241,434.5,inh,0
4511,436.6,inh,0
4661,438.2,inh,0
4381,441.1,inh,0
4411,449.0,inh,0
4181,451.0,inh,0
5101,451.7,inh,0
4911,453.2,inh,0
4311,453.3,inh,0
4601,454.4,inh,0
4831,456.3,inh,0
5241,456.3,inh,0
4591,457.6,inh,0
4371,471.7,inh,0
4641,478.9,inh,0
4491,481.8,inh,0
4321,487.9,inh,0
4611,490.0,inh,0
4801,492.1,inh,0
4371,492.5,inh,0
4361,499.2,inh,0
4981,503.8,inh,0
4861,504.8,inh,0
4961,506.8,inh,0
4611,507.7,inh,0
4241,507.8,inh,0
4501,507.8,inh,0
4941,507.8,inh,0
4441,507.9,inh,0
4631,508.0,inh,0
4471,508.1,inh,0
4591,508.1,inh,0
4661,508.1,inh,0
4621,508.3,inh,0
4731,508.3,inh,0
5111,508.5,inh,0
4571,508.6,inh,0
4161,508.7,inh,0
4381,508.7,inh,0
4771,508.7,inh,0
5141,508.7,inh,0
4531,508.8,inh,0
4261,508.9,inh,0
4691,510.2,inh,0
4791,510.4,inh,0
4511,510.6,inh,0
5121,511.0,inh,0
5231,511.4,inh,0
4541,511.5,inh,0
4201,514.6,inh,0
4591,517.1,inh,0
4981,518.3,inh,0
4551,519.2,inh,0
4381,519.7,inh,0
4451,520.8,inh,0
4611,520.8,inh,0
4831,521.6,inh,0
5151,521.6,inh,0
4311,521.7,inh,0
4921,521.8,inh,0
4161,521.9,inh,0
5171,521.9,inh,0
4471,522.8,inh,0
4201,524.0,inh,0
4891,525.0,inh,0
4731,525.5,inh,0
4321,533.1,inh,0
4481,533.4,inh,0
5031,533.6,inh,0
4141,533.9,inh,0
4411,534.4,inh,0
5051,534.5,inh,0
5121,534.5,inh,0
4371,534.6,inh,0
4511,534.6,inh,0
4531,535.0,inh,0
4161,535.1,inh,0
4241,535.1,inh,0
4611,535.4,inh,0
4261,535.6,inh,0
5101,535.6,inh,0
4671,538.0,inh,0
4971,545.4,inh,0
4801,546.1,inh,0
5101,547.9,inh,0
5111,548.0,inh,0
5151,548.1,inh,0
4841,548.5,inh,0
5291,548.5,inh,0
5131,548.6,inh,0
5281,548.6,inh,0
4591,548.7,inh,0
5191,549.1,inh,0
4261,549.2,inh,0
5261,549.2,inh,0
5041,549.4,inh,0
4371,549.6,inh,0
4361,549.9,inh,0
4511,550.2,inh,0
4381,550.7,inh,0
4451,553.6,inh,0
4471,553.6,inh,0
4481,553.7,inh,0
5231,560.9,inh,0
4611,562.3,inh,0
4801,562.4,inh,0
4831,562.5,inh,0
4201,565.5,inh,0
4381,567.7,inh,0
4871,570.2,inh,0
4981,572.0,inh,0
4681,573.6,inh,0
4621,574.3,inh,0
5211,574.4,inh,0
4791,574.7,inh,0
4141,574.8,inh,0
5131,575.1,inh,0
5281,575.1,inh,0
4531,575.3,inh,0
5081,575.5,inh,0
4961,575.9,inh,0
4321,576.9,inh,0
5171,580.2,inh,0
4831,584.6,inh,0
5101,585.2,inh,0
4371,585.6,inh,0
4471,586.5,inh,0
4511,586.7,inh,0
4811,586.9,inh,0
4261,587.0,inh,0
4941,587.3,inh,0
4911,588.7,inh,0
4451,589.1,inh,0
4591,591.9,inh,0
5011,593.8,inh,0
5041,597.6,inh,0
4201,598.8,inh,0
4611,599.5,inh,0
4961,599.7,inh,0
5281,599.7,inh,0
4621,599.9,inh,0
4271,600.5,inh,0
4421,600.5,inh,0
5261,600.8,inh,0
4261,602.8,inh,0
4231,607.8,inh,0
5101,610.9,inh,0
4371,611.2,inh,0
4511,611.4,inh,0
4361,613.5,inh,0
4381,614.0,inh,0
4321,614.9,inh,0
4601,615.2,inh,0
4471,617.6,inh,0
4671,617.7,inh,0
5291,621.8,inh,0
4411,624.2,inh,0
5281,624.2,inh,0
5171,624.7,inh,0
4611,625.7,inh,0
4801,625.7,inh,0
5041,625.9,inh,0
4881,626.0,inh,0
4371,627.2,inh,0
4511,631.7,inh,0
5001,635.0,inh,0
4791,635.2,inh,0
4741,636.3,inh,0
4531,636.4,inh,0
4711,636.4,inh,0
4371,636.6,inh,0
4551,637.0,inh,0
4261,637.1,inh,0
4601,637.3,inh,0
4381,637.4,inh,0
4911,637.4,inh,0
4411,637.8,inh,0
4611,639.2,inh,0
4801,639.8,inh,0
4971,645.5,inh,0
4691,649.3,inh,0
4831,649.3,inh,0
4371,650.6,inh,0
5101,651.1,inh,0
5281,651.4,inh,0
4491,651.7,inh,0
4451,651.9,inh,0
4521,652.0,inh,0
4891,652.1,inh,0
4741,655.0,inh,0
4201,655.9,inh,0
4681,657.8,inh,0
4801,658.4,inh,0
5121,658.7,inh,0
4811,659.6,inh,0
4241,661.5,inh,0
4621,661.8,inh,0
5101,661.8,inh,0
4511,663.0,inh,0
4911,663.2,inh,0
4521,664.3,inh,0
4321,666.4,inh,0
4201,668.9,inh,0
4261,672.2,inh,0
4591,672.3,inh,0
4361,672.4,inh,0
4411,672.7,inh,0
4221,673.1,inh,0
4881,673.5,inh,0
4511,673.7,inh,0
4541,674.1,inh,0
4371,676.4,inh,0
4611,679.9,inh,0
4161,683.8,inh,0
5281,683.9,inh,0
4411,684.0,inh,0
4861,684.4,inh,0
4511,684.5,inh,0
4981,684.5,inh,0
4421,684.8,inh,0
4991,685.2,inh,0
4201,685.8,inh,0
4321,685.9,inh,0
4261,686.0,inh,0
4591,686.0,inh,0
4741,686.4,inh,0
4491,686.5,inh,0
5031,686.5,inh,0
5161,695.0,inh,0
4611,695.5,inh,0
4401,695.7,inh,0
4801,695.7,inh,0
4881,697.5,inh,0
5211,697.5,inh,0
4451,697.7,inh,0
4511,697.7,inh,0
4531,697.7,inh,0
4631,698.8,inh,0
4241,699.6,inh,0
4471,701.7,inh,0
5271,705.2,inh,0
4371,706.3,inh,0
4741,706.8,inh,0
4161,709.0,inh,0
4571,709.7,inh,0
5121,709.9,inh,0
4471,710.2,inh,0
4381,710.3,inh,0
5291,710.4,inh,0
4431,711.0,inh,0
4791,713.8,inh,0
4591,714.1,inh,0
4601,714.4,inh,0
5281,717.5,inh,0
4381,718.6,inh,0
4831,719.9,inh,0
4621,720.5,inh,0
4371,721.3,inh,0
4141,721.4,inh,0
4531,721.4,inh,0
4611,721.5,inh,0
4861,721.8,inh,0
4321,721.9,inh,0
4471,721.9,inh,0
4731,721.9,inh,0
5041,721.9,inh,0
5031,722.0,inh,0
4811,722.4,inh,0
5101,722.4,inh,0
5181,722.4,inh,0
4961,723.6,inh,0
4981,723.9,inh,0
4511,725.2,inh,0
4381,732.4,inh,0
5121,733.5,inh,0
4511,733.8,inh,0
5231,734.6,inh,0
4471,734.7,inh,0
4741,735.0,inh,0
4891,736.1,inh,0
5181,736.3,inh,0
4411,736.6,inh,0
4801,736.6,inh,0
5291,736.7,inh,0
5251,737.2,inh,0
4601,739.0,inh,0
4431,740.5,inh,0
4861,741.1,inh,0
4381,742.1,inh,0
4571,743.3,inh,0
4811,746.9,inh,0
4321,748.0,inh,0
5041,748.0,inh,0
5161,748.4,inh,0
5051,748.9,inh,0
4451,749.1,inh,0
4261,756.9,inh,0
4591,758.8,inh,0
4961,759.0,inh,0
4431,759.2,inh,0
4911,759.5,inh,0
4951,760.0,inh,0
4311,760.1,inh,0
4161,760.2,inh,0
4451,760.2,inh,0
4411,760.4,inh,0
4461,760.7,inh,0
5171,761.0,inh,0
5281,764.4,inh,0
4531,767.2,inh,0
4371,770.8,inh,0
4471,771.1,inh,0
4261,772.1,inh,0
5181,772.5,inh,0
4861,772.7,inh,0
4791,773.1,inh,0
5121,773.2,inh,0
5291,773.4,inh,0
4241,773.5,inh,0
4511,773.5,inh,0
4161,774.2,inh,0
4741,783.1,inh,0
4801,783.1,inh,0
5041,783.1,inh,0
4501,783.2,inh,0
4981,784.2,inh,0
5101,784.5,inh,0
4961,785.1,inh,0
4511,785.2,inh,0
4201,785.6,inh,0
4381,785.8,inh,0
4831,785.8,inh,0
4591,786.2,inh,0
5011,788.9,inh,0
4611,794.6,inh,0
4201,795.5,inh,0
4411,796.2,inh,0
4451,796.2,inh,0
4741,796.8,inh,0
4371,797.4,inh,0
4471,797.8,inh,0
5031,797.9,inh,0
4571,798.4,inh,0
4321,798.8,inh,0
4791,805.4,inh,0
4801,806.7,inh,0
4271,807.5,inh,0
4911,808.3,inh,0
5121,808.8,inh,0
4261,810.0,inh,0
5291,810.3,inh,0
4511,811.7,inh,0
5041,811.8,inh,0
4371,813.4,inh,0
4381,815.5,inh,0
4611,815.6,inh,0
4631,821.3,inh,0
4491,821.5,inh,0
4991,821.7,inh,0
4821,821.8,inh,0
4161,821.9,inh,0
4411,822.3,inh,0
4831,822.5,inh,0
5211,822.5,inh,0
4241,822.6,inh,0
4541,825.0,inh,0
4201,831.9,inh,0
4801,834.1,inh,0
4681,834.5,inh,0
4511,834.6,inh,0
4371,834.8,inh,0
4661,835.4,inh,0
5121,835.7,inh,0
4551,835.8,inh,0
4831,835.9,inh,0
5281,836.4,inh,0
4471,841.6,inh,0
4861,843.8,inh,0
5231,845.2,inh,0
5051,845.6,inh,0
5121,845.9,inh,0
4611,846.1,inh,0
4591,846.6,inh,0
4981,846.7,inh,0
4571,848.1,inh,0
4261,851.7,inh,0
4741,853.6,inh,0
4241,854.9,inh,0
4511,857.5,inh,0
4141,858.4,inh,0
5101,858.8,inh,0
4471,859.4,inh,0
5061,859.4,inh,0
4801,860.2,inh,0
5151,862.4,inh,0
4851,865.5,inh,0
4621,866.3,inh,0
4201,866.5,inh,0
4371,868.0,inh,0
4251,868.1,inh,0
4381,868.5,inh,0
4321,871.2,inh,0
4261,871.7,inh,0
4431,873.9,inh,0
4301,874.1,inh,0
4861,880.4,inh,0
4451,880.9,inh,0
4611,881.0,inh,0
4201,881.9,inh,0
4741,881.9,inh,0
4341,882.2,inh,0
4691,882.2,inh,0
4751,882.2,inh,0
5231,882.4,inh,0
4421,882.7,inh,0
5041,882.9,inh,0
5051,883.1,inh,0
4381,883.7,inh,0
4411,883.8,inh,0
4701,884.3,inh,0
5121,884.5,inh,0
5291,884.7,inh,0
4891,884.8,inh,0
4471,885.1,inh,0
5181,885.1,inh,0
4801,885.2,inh,0
4591,886.7,inh,0
4511,895.0,inh,0
4551,895.7,inh,0
4381,895.8,inh,0
4231,895.9,inh,0
4601,896.1,inh,0
4851,896.1,inh,0
5121,896.2,inh,0
4681,896.4,inh,0
5041,896.6,inh,0
4811,896.7,inh,0
4881,897.0,inh,0
5231,897.6,inh,0
5291,898.3,inh,0
4961,899.7,inh,0
4611,900.9,inh,0
5101,907.5,inh,0
4201,908.5,inh,0
4451,909.3,inh,0
4591,910.0,inh,0
4831,910.4,inh,0
5011,910.5,inh,0
4471,910.8,inh,0
4691,913.7,inh,0
4421,914.1,inh,0
4411,917.4,inh,0
4511,917.4,inh,0
4371,917.7,inh,0
4681,917.8,inh,0
4381,921.0,inh,0
5041,921.4,inh,0
5291,922.5,inh,0
4261,922.6,inh,0
4611,922.6,inh,0
4971,925.5,inh,0
5281,928.0,inh,0
5031,928.7,inh,0
5121,929.0,inh,0
4631,932.5,inh,0
4801,934.9,inh,0
4411,935.7,inh,0
4261,936.2,inh,0
4591,938.5,inh,0
5181,939.1,inh,0
4931,941.9,inh,0
4511,943.1,inh,0
5271,944.1,inh,0
4501,944.3,inh,0
4381,944.5,inh,0
4451,945.3,inh,0
4531,945.8,inh,0
4611,946.7,inh,0
4851,953.2,inh,0
4991,954.9,inh,0
4961,955.5,inh,0
5121,955.7,inh,0
4521,955.9,inh,0
5291,958.6,inh,0
5221,958.7,inh,0
4911,958.8,inh,0
4201,959.0,inh,0
4411,960.3,inh,0
4381,960.5,inh,0
4371,960.7,inh,0
4321,961.9,inh,0
5041,966.1,inh,0
4261,967.3,inh,0
4681,968.0,inh,0
5101,969.9,inh,0
4741,972.2,inh,0
4591,979.2,inh,0
4431,979.6,inh,0
4891,979.7,inh,0
5121,980.0,inh,0
4801,980.6,inh,0
4531,980.7,inh,0
4631,980.9,inh,0
4141,981.1,inh,0
4731,981.1,inh,0
4371,981.3,inh,0
4511,982.4,inh,0
4411,983.7,inh,0
4831,984.1,inh,0
4381,991.0,inh,0
4451,991.3,inh,0
5051,992.2,inh,0
5101,992.9,inh,0
4491,993.1,inh,0
4601,993.3,inh,0
4681,993.3,inh,0
4471,993.5,inh,0
4411,993.9,inh,0
5011,993.9,inh,0
4611,994.4,inh,0
4511,994.9,inh,0
4671,1002.5,inh,0
4881,1002.5,inh,0
4861,1006.0,inh,0
4371,1006.3,inh,0
4531,1006.3,inh,0
4511,1006.5,inh,0
5001,1006.8,inh,0
4321,1006.9,inh,0
4981,1006.9,inh,0
5121,1007.1,inh,0
4801,1007.2,inh,0
4611,1007.3,inh,0
5281,1007.4,inh,0
5111,1007.5,inh,0
4991,1007.8,inh,0
5031,1007.9,inh,0
4791,1011.6,inh,0
4241,1011.7,inh,0
4201,1017.8,inh,0
4561,1018.5,inh,0
4151,1019.1,inh,0
4741,1020.0,inh,0
4801,1020.5,inh,0
4591,1022.0,inh,0
4681,1022.0,inh,0
4311,1022.5,inh,0
4971,1023.2,inh,0
4831,1027.1,inh,0
4601,1027.5,inh,0
4431,1027.8,inh,0
4301,1030.8,inh,0
4261,1033.3,inh,0
4451,1033.6,inh,0
5241,1033.8,inh,0
4371,1035.0,inh,0
4571,1035.1,inh,0
5281,1035.3,inh,0
4471,1036.1,inh,0
4931,1036.3,inh,0
4411,1037.9,inh,0
5181,1041.2,inh,0
4141,1044.0,inh,0
4801,1044.3,inh,0
4511,1045.3,inh,0
5121,1045.5,inh,0
4531,1045.7,inh,0
4981,1048.4,inh,0
4491,1051.0,inh,0
4321,1052.3,inh,0
4271,1053.4,inh,0
4741,1053.4,inh,0
4381,1054.7,inh,0
4521,1055.2,inh,0
4171,1056.2,inh,0
4311,1056.7,inh,0
4261,1056.8,inh,0
4371,1057.2,inh,0
4691,1057.3,inh,0
4611,1057.4,inh,0
4501,1058.3,inh,0
4451,1058.5,inh,0
5281,1060.6,inh,0
4831,1066.5,inh,0
4911,1067.8,inh,0
4471,1068.8,inh,0
5251,1069.3,inh,0
4371,1069.6,inh,0
4531,1069.8,inh,0
4321,1069.9,inh,0
5121,1070.2,inh,0
4271,1070.6,inh,0
5291,1070.7,inh,0
4991,1072.4,inh,0
4261,1073.7,inh,0
4981,1074.5,inh,0
4611,1075.3,inh,0
4671,1075.3,inh,0
4891,1081.1,inh,0
4841,1081.3,inh,0
4861,1083.5,inh,0
5291,1084.2,inh,0
4381,1086.0,inh,0
4821,1091.2,inh,0
4371,1091.6,inh,0
4591,1092.0,inh,0
5051,1092.9,inh,0
5101,1092.9,inh,0
4601,1093.1,inh,0
5181,1094.9,inh,0
4411,1096.7,inh,0
4541,1099.3,inh,0
4241,1100.7,inh,0
5231,1102.9,inh,0
4141,1104.2,inh,0
4581,1104.2,inh,0
4691,1104.3,inh,0
4201,1104.5,inh,0
4511,1106.3,inh,0
5211,1106.3,inh,0
4491,1107.6,inh,0
4561,1109.5,inh,0
4531,1113.3,inh,0
4681,1115.2,inh,0
4381,1116.2,inh,0
5281,1116.3,inh,0
4261,1116.4,inh,0
4861,1116.4,inh,0
4911,1116.5,inh,0
4371,1116.6,inh,0
5221,1117.2,inh,0
4611,1117.3,inh,0
4471,1117.9,inh,0
4411,1119.1,inh,0
4801,1126.4,inh,0
4511,1126.8,inh,0
4911,1127.7,inh,0
4621,1128.2,inh,0
4991,1128.2,inh,0
4551,1130.1,inh,0
4981,1131.1,inh,0
4531,1131.8,inh,0
4381,1137.5,inh,0
4531,1143.5,inh,0
4641,1145.2,inh,0
5121,1145.3,inh,0
4471,1147.6,inh,0
4601,1148.4,inh,0
5291,1148.5,inh,0
4261,1153.1,inh,0
4371,1154.9,inh,0
4381,1158.1,inh,0
5031,1159.3,inh,0
4471,1160.9,inh,0
5041,1165.6,inh,0
4801,1166.7,inh,0
5181,1166.7,inh,0
4361,1167.5,inh,0
4591,1167.8,inh,0
5141,1168.0,inh,0
4831,1168.1,inh,0
4791,1168.9,inh,0
4651,1169.8,inh,0
5121,1170.1,inh,0
4741,1170.2,inh,0
5291,1170.6,inh,0
4611,1170.8,inh,0
4981,1174.7,inh,0
4231,1179.6,inh,0
4511,1179.9,inh,0
4411,1180.0,inh,0
4371,1180.2,inh,0
4491,1180.6,inh,0
4261,1180.9,inh,0
4591,1180.9,inh,0
4381,1181.6,inh,0
4451,1181.8,inh,0
4531,1183.1,inh,0
4611,1185.2,inh,0
4311,1190.1,inh,0
5281,1190.1,inh,0
4161,1191.3,inh,0
4961,1191.6,inh,0
4901,1197.4,inh,0
4261,1203.3,inh,0
4801,1203.3,inh,0
4861,1203.8,inh,0
4961,1205.2,inh,0
4201,1206.8,inh,0
4741,1206.9,inh,0
5121,1209.4,inh,0
4411,1211.8,inh,0
4991,1215.6,inh,0
4831,1216.0,inh,0
4681,1216.4,inh,0
4511,1216.6,inh,0
4381,1218.5,inh,0
4431,1219.7,inh,0
4271,1222.5,inh,0
5291,1225.6,inh,0
4321,1225.9,inh,0
4411,1226.2,inh,0
4801,1228.0,inh,0
5231,1228.2,inh,0
4611,1230.1,inh,0
4161,1231.3,inh,0
4771,1231.5,inh,0
4871,1232.3,inh,0
4201,1232.4,inh,0
4971,1233.8,inh,0
4841,1237.2,inh,0
4991,1238.0,inh,0
4411,1239.3,inh,0
4891,1240.0,inh,0
4961,1240.4,inh,0
4371,1241.8,inh,0
4431,1242.2,inh,0
4861,1242.2,inh,0
5001,1242.5,inh,0
5181,1248.3,inh,0
5051,1248.4,inh,0
4611,1253.2,inh,0
4231,1253.8,inh,0
4511,1253.8,inh,0
4261,1254.9,inh,0
5181,1257.1,inh,0
5121,1257.6,inh,0
4801,1258.0,inh,0
4671,1263.2,inh,0
4471,1264.5,inh,0
4371,1265.0,inh,0
5231,1265.1,inh,0
5281,1265.4,inh,0
4611,1265.7,inh,0
4711,1266.4,inh,0
4851,1266.5,inh,0
4201,1266.6,inh,0
4381,1266.6,inh,0
4751,1273.1,inh,0
4361,1274.2,inh,0
4411,1275.0,inh,0
4991,1275.8,inh,0
4631,1277.2,inh,0
4381,1279.2,inh,0
4611,1280.2,inh,0
4591,1280.3,inh,0
4371,1281.6,inh,0
5031,1285.8,inh,0
4531,1288.0,inh,0
4611,1289.0,inh,0
4961,1289.6,inh,0
4511,1290.1,inh,0
4691,1290.1,inh,0
4381,1292.3,inh,0
5171,1296.1,inh,0
4981,1297.9,inh,0
4601,1299.7,inh,0
4791,1299.7,inh,0
4801,1301.0,inh,0
4701,1301.9,inh,0
5181,1302.0,inh,0
5121,1302.3,inh,0
5291,1302.9,inh,0
4611,1304.7,inh,0
4261,1305.8,inh,0
4321,1307.2,inh,0
4851,1307.6,inh,0
4301,1307.7,inh,0
5041,1309.3,inh,0
4881,1311.1,inh,0
4371,1312.0,inh,0
4861,1312.0,inh,0
5231,1312.3,inh,0
5251,1313.3,inh,0
5291,1313.6,inh,0
4201,1314.6,inh,0
4801,1317.6,inh,0
4381,1318.9,inh,0
4611,1319.1,inh,0
4961,1321.7,inh,0
4321,1324.7,inh,0
5271,1325.7,inh,0
5281,1326.1,inh,0
4681,1331.2,inh,0
4411,1333.4,inh,0
4981,1335.8,inh,0
5101,1336.0,inh,0
4201,1336.1,inh,0
4381,1336.2,inh,0
4511,1336.4,inh,0
4801,1336.6,inh,0
4531,1336.8,inh,0
5061,1337.0,inh,0
4521,1337.3,inh,0
4941,1337.4,inh,0
5071,1337.7,inh,0
4271,1338.0,inh,0
4471,1339.7,inh,0
4591,1341.4,inh,0
4741,1346.2,inh,0
4431,1347.0,inh,0
4371,1347.3,inh,0
4831,1348.1,inh,0
4621,1348.4,inh,0
4511,1349.2,inh,0
5181,1350.8,inh,0
4611,1351.4,inh,0
4411,1355.8,inh,0
4451,1357.1,inh,0
5161,1357.9,inh,0
4471,1358.2,inh,0
4161,1358.6,inh,0
4741,1359.6,inh,0
4261,1360.2,inh,0
4551,1360.9,inh,0
5201,1361.1,inh,0
4381,1361.2,inh,0
4801,1362.8,inh,0
4611,1364.5,inh,0
4491,1365.3,inh,0
5031,1368.4,inh,0
5051,1368.6,inh,0
5221,1369.0,inh,0
5291,1369.5,inh,0
4261,1370.3,inh,0
4681,1371.0,inh,0
4911,1371.8,inh,0
4271,1372.0,inh,0
4991,1372.0,inh,0
4451,1373.5,inh,0
4471,1374.7,inh,0
5181,1381.6,inh,0
4321,1382.2,inh,0
4801,1382.2,inh,0
4521,1382.7,inh,0
4771,1382.8,inh,0
5111,1384.6,inh,0
4201,1384.7,inh,0
4261,1384.7,inh,0
4591,1384.7,inh,0
4501,1385.0,inh,0
5101,1385.2,inh,0
4511,1386.0,inh,0
4381,1393.7,inh,0
4411,1395.2,inh,0
4321,1395.4,inh,0
4741,1395.5,inh,0
4371,1396.4,inh,0
4471,1397.1,inh,0
4511,1397.2,inh,0
4671,1397.6,inh,0
4381,1405.0,inh,0
5291,1405.5,inh,0
4241,1405.9,inh,0
4371,1406.7,inh,0
4521,1406.7,inh,0
4531,1406.8,inh,0
4801,1406.8,inh,0
4611,1407.3,inh,0
4541,1408.1,inh,0
4981,1408.2,inh,0
4621,1408.7,inh,0
4511,1409.6,inh,0
4831,1413.8,inh,0
5121,1415.2,inh,0
4691,1416.9,inh,0
4411,1418.9,inh,0
4601,1418.9,inh,0
4381,1419.3,inh,0
4261,1420.4,inh,0
4171,1429.6,inh,0
4491,1429.7,inh,0
4351,1430.5,inh,0
4611,1430.6,inh,0
4631,1430.7,inh,0
5181,1431.1,inh,0
4791,1432.7,inh,0
4451,1433.5,inh,0
4961,1435.6,inh,0
4311,1437.8,inh,0
4411,1438.1,inh,0
4511,1438.2,inh,0
4161,1438.3,inh,0
4711,1440.6,inh,0
4611,1441.5,inh,0
5121,1446.8,inh,0
4541,1447.0,inh,0
4261,1448.0,inh,0
4271,1451.2,inh,0
5161,1452.2,inh,0
4451,1454.6,inh,0
5181,1457.7,inh,0
4741,1461.1,inh,0
4571,1462.3,inh,0
4791,1462.3,inh,0
4821,1462.4,inh,0
4611,1462.7,inh,0
4371,1462.8,inh,0
4471,1463.0,inh,0
4801,1463.7,inh,0
4411,1464.2,inh,0
5291,1464.8,inh,0
4601,1466.6,inh,0
4991,1467.3,inh,0
4581,1468.5,inh,0
4511,1468.9,inh,0
5041,1469.4,inh,0
4531,1472.2,inh,0
4621,1473.2,inh,0
5101,1475.8,inh,0
5291,1477.6,inh,0
4301,1478.1,inh,0
4561,1478.3,inh,0
4821,1479.5,inh,0
4541,1481.0,inh,0
4991,1481.0,inh,0
4371,1484.7,inh,0
4451,1485.3,inh,0
4831,1487.0,inh,0
5181,1488.8,inh,0
4801,1490.7,inh,0
4601,1492.8,inh,0
5151,1493.3,inh,0
4321,1494.8,inh,0
4261,1497.1,inh,0
4671,1497.1,inh,0
4741,1497.4,inh,0
4471,1497.5,inh,0
4311,1497.6,inh,0
4411,1498.7,inh,0
4611,1499.5,inh,0
4342,12.2,inh,0
4212,12.9,inh,0
4882,21.1,inh,0
4452,23.1,inh,0
5012,28.9,inh,0
5092,31.1,inh,0
4142,31.2,inh,0
4842,33.1,inh,0
5262,33.9,inh,0
4612,35.1,inh,0
4322,36.9,inh,0
4992,40.5,inh,0
4272,41.3,inh,0
4622,45.9,inh,0
5002,46.1,inh,0
5292,46.1,inh,0
4312,48.1,inh,0
4762,49.0,inh,0
4412,49.1,inh,0
4742,55.3,inh,0
5082,58.1,inh,0
4962,62.9,inh,0
5162,63.3,inh,0
4572,63.7,inh,0
4822,73.8,inh,0
4492,79.8,inh,0
4522,79.9,inh,0
4812,83.8,inh,0
4592,84.0,inh,0
4462,84.5,inh,0
4622,88.0,inh,0
4972,90.2,inh,0
4982,91.7,inh,0
4882,94.7,inh,0
4662,102.6,inh,0
4892,103.5,inh,0
5302,104.8,inh,0
5282,105.1,inh,0
4142,108.0,inh,0
4652,108.9,inh,0
4532,112.6,inh,0
4662,119.1,inh,0
4242,119.4,inh,0
5242,121.9,inh,0
5132,124.5,inh,0
5022,130.2,inh,0
5152,131.0,inh,0
4232,133.4,inh,0
5012,136.1,inh,0
4612,141.0,inh,0
4242,142.6,inh,0
4582,142.6,inh,0
5042,143.6,inh,0
4632,144.4,inh,0
4652,150.1,inh,0
4592,151.7,inh,0
4292,152.3,inh,0
5292,155.5,inh,0
5252,161.0,inh,0
4962,161.2,inh,0
4902,162.3,inh,0
4842,163.1,inh,0
4722,165.0,inh,0
4192,165.7,inh,0
4982,165.7,inh,0
4852,170.9,inh,0
4632,176.2,inh,0
4532,178.3,inh,0
4932,188.6,inh,0
5052,191.5,inh,0
5192,194.2,inh,0
4342,196.9,inh,0
4582,197.9,inh,0
4592,205.1,inh,0
4722,206.1,inh,0
4892,206.1,inh,0
5182,210.4,inh,0
4142,214.2,inh,0
4292,214.6,inh,0
4512,217.4,inh,0
5092,219.2,inh,0
4452,220.4,inh,0
4632,221.0,inh,0
4832,224.3,inh,0
4332,230.8,inh,0
4342,235.0,inh,0
5142,236.3,inh,0
5012,237.2,inh,0
5272,240.0,inh,0
5122,244.6,inh,0
4962,249.2,inh,0
4802,251.6,inh,0
4982,252.5,inh,0
5072,254.1,inh,0
4652,254.7,inh,0
4892,258.2,inh,0
5012,261.8,inh,0
5292,262.3,inh,0
4512,262.8,inh,0
4812,263.1,inh,0
4852,265.4,inh,0
4412,265.6,inh,0
4542,267.2,inh,0
4762,273.3,inh,0
5082,282.4,inh,0
4422,283.1,inh,0
5152,289.5,inh,0
4822,292.7,inh,0
4612,293.1,inh,0
4652,294.6,inh,0
4572,294.8,inh,0
4192,295.0,inh,0
5292,295.2,inh,0
4392,295.7,inh,0
4582,296.1,inh,0
4492,297.7,inh,0
4742,298.2,inh,0
4452,320.3,inh,0
4812,321.2,inh,0
4962,321.7,inh,0
4542,322.1,inh,0
4442,322.2,inh,0
4552,330.3,inh,0
4492,334.8,inh,0
4762,339.4,inh,0
4732,347.3,inh,0
4612,347.4,inh,0
4772,353.4,inh,0
4572,354.6,inh,0
5152,357.8,inh,0
4512,358.0,inh,0
5042,359.6,inh,0
4812,361.1,inh,0
5012,362.2,inh,0
4912,365.4,inh,0
4902,366.8,inh,0
4532,368.5,inh,0
4442,369.5,inh,0
4632,370.3,inh,0
5222,370.6,inh,0
4142,371.1,inh,0
4212,371.3,inh,0
4842,373.5,inh,0
5172,373.5,inh,0
5022,374.1,inh,0
5072,376.3,inh,0
4972,376.5,inh,0
5272,377.8,inh,0
4612,381.7,inh,0
5232,382.7,inh,0
4812,389.5,inh,0
4192,391.0,inh,0
5192,394.0,inh,0
4342,396.4,inh,0
5272,398.6,inh,0
5202,399.3,inh,0
4272,404.2,inh,0
4982,406.4,inh,0
4612,408.8,inh,0
4402,417.1,inh,0
4322,417.3,inh,0
4622,417.5,inh,0
4662,418.4,inh,0
4892,419.4,inh,0
4482,421.9,inh,0
5102,427.0,inh,0
4712,427.7,inh,0
4282,429.4,inh,0
4142,429.6,inh,0
4532,430.3,inh,0
4602,434.3,inh,0
5132,435.3,inh,0
5042,436.8,inh,0
5302,436.9,inh,0
4812,438.3,inh,0
4842,439.0,inh,0
5182,451.7,inh,0
4962,451.9,inh,0
4362,452.1,inh,0
4572,454.5,inh,0
4492,456.1,inh,0
4302,456.7,inh,0
4292,460.6,inh,0
5272,461.5,inh,0
5102,466.9,inh,0
4622,467.4,inh,0
5262,467.6,inh,0
4782,477.3,inh,0
4962,478.0,inh,0
5212,481.2,inh,0
5082,482.5,inh,0
4402,492.9,inh,0
4862,497.4,inh,0
4742,500.0,inh,0
5132,506.5,inh,0
5112,507.2,inh,0
4812,507.5,inh,0
4492,507.6,inh,0
4582,507.7,inh,0
4372,507.8,inh,0
4842,507.9,inh,0
4252,508.1,inh,0
4192,508.2,inh,0
4922,508.2,inh,0
5162,508.2,inh,0
4662,508.4,inh,0
4702,508.4,inh,0
5182,508.4,inh,0
5272,508.5,inh,0
4592,508.6,inh,0
4692,508.6,inh,0
5072,508.6,inh,0
5172,508.8,inh,0
4802,509.1,inh,0
5242,510.0,inh,0
4392,511.5,inh,0
4652,512.6,inh,0
5252,513.1,inh,0
4982,513.6,inh,0
4512,514.4,inh,0
4772,514.4,inh,0
4582,516.2,inh,0
5042,517.5,inh,0
4492,517.7,inh,0
4852,518.3,inh,0
4972,520.1,inh,0
5242,520.2,inh,0
5172,522.0,inh,0
4662,522.2,inh,0
5072,524.0,inh,0
4812,524.2,inh,0
4962,533.1,inh,0
5042,533.4,inh,0
4402,533.5,inh,0
4652,534.1,inh,0
4142,534.4,inh,0
5182,534.4,inh,0
4592,534.7,inh,0
4742,534.7,inh,0
5012,534.7,inh,0
4272,534.9,inh,0
4692,534.9,inh,0
4302,535.0,inh,0
4642,535.0,inh,0
4982,535.0,inh,0
4192,535.3,inh,0
5192,535.6,inh,0
4322,535.7,inh,0
5102,535.8,inh,0
4612,536.2,inh,0
4552,540.2,inh,0
4522,544.6,inh,0
5272,547.5,inh,0
4192,547.6,inh,0
4312,547.8,inh,0
4812,548.3,inh,0
4822,548.3,inh,0
5212,548.3,inh,0
4612,548.5,inh,0
4962,548.5,inh,0
4322,548.6,inh,0
4712,548.7,inh,0
4302,548.8,inh,0
4252,549.2,inh,0
5012,549.2,inh,0
4142,549.9,inh,0
5172,550.3,inh,0
5302,550.4,inh,0
4672,550.5,inh,0
5132,551.6,inh,0
4902,553.9,inh,0
4552,556.2,inh,0
5192,561.5,inh,0
5272,562.2,inh,0
5012,562.3,inh,0
4142,562.5,inh,0
4462,562.8,inh,0
4282,563.1,inh,0
4832,563.3,inh,0
4892,564.0,inh,0
5132,566.3,inh,0
5182,566.6,inh,0
4442,567.5,inh,0
4782,569.5,inh,0
4972,570.9,inh,0
4492,571.3,inh,0
4452,574.1,inh,0
4982,574.1,inh,0
4142,574.5,inh,0
4812,574.8,inh,0
4272,574.9,inh,0
4792,577.1,inh,0
4402,577.5,inh,0
5272,583.4,inh,0
4372,583.6,inh,0
4572,583.6,inh,0
5242,584.0,inh,0
4212,584.5,inh,0
5042,584.9,inh,0
4852,585.6,inh,0
5012,586.1,inh,0
4512,586.2,inh,0
4272,586.7,inh,0
4892,586.9,inh,0
4762,587.3,inh,0
5112,588.3,inh,0
4142,588.4,inh,0
4262,589.1,inh,0
4692,589.3,inh,0
4632,593.7,inh,0
4812,597.4,inh,0
4982,598.0,inh,0
5272,598.4,inh,0
4962,598.6,inh,0
4722,598.7,inh,0
5192,599.0,inh,0
4282,599.4,inh,0
4642,599.4,inh,0
4182,599.5,inh,0
5232,599.7,inh,0
5292,599.8,inh,0
4142,600.0,inh,0
4842,600.0,inh,0
4402,600.3,inh,0
5022,600.4,inh,0
4392,600.9,inh,0
4272,601.4,inh,0
4692,601.6,inh,0
4652,603.4,inh,0
4612,604.6,inh,0
4572,608.3,inh,0
5012,609.1,inh,0
4262,610.5,inh,0
4962,612.6,inh,0
4512,613.1,inh,0
4422,613.3,inh,0
5132,614.8,inh,0
5282,615.7,inh,0
4982,619.1,inh,0
4142,623.4,inh,0
4212,623.8,inh,0
5272,624.3,inh,0
5302,624.5,inh,0
4372,625.4,inh,0
4192,625.9,inh,0
4942,625.9,inh,0
5202,626.0,inh,0
4162,626.2,inh,0
4512,626.3,inh,0
5012,626.5,inh,0
5112,626.6,inh,0
5192,627.0,inh,0
5092,628.1,inh,0
4962,628.2,inh,0
4612,628.9,inh,0
4442,633.2,inh,0
4522,633.7,inh,0
4632,633.8,inh,0
4492,634.7,inh,0
4352,635.0,inh,0
5042,636.1,inh,0
5082,636.3,inh,0
5242,636.3,inh,0
4302,636.5,inh,0
4712,636.5,inh,0
4252,636.7,inh,0
4322,637.0,inh,0
4612,637.1,inh,0
4582,637.6,inh,0
5132,638.0,inh,0
4142,642.5,inh,0
4382,644.9,inh,0
4842,648.5,inh,0
5182,649.0,inh,0
4492,649.1,inh,0
5012,649.3,inh,0
4372,649.4,inh,0
5272,649.5,inh,0
4962,650.5,inh,0
4662,650.7,inh,0
4282,651.1,inh,0
5242,651.1,inh,0
5262,651.1,inh,0
4972,651.2,inh,0
4142,651.6,inh,0
4612,651.6,inh,0
5102,651.9,inh,0
4862,653.8,inh,0
4852,658.8,inh,0
5122,659.6,inh,0
4902,659.7,inh,0
5292,661.6,inh,0
4462,662.3,inh,0
4642,663.0,inh,0
4382,663.2,inh,0
4812,663.3,inh,0
4632,664.0,inh,0
5182,665.4,inh,0
4722,667.7,inh,0
5012,670.6,inh,0
4512,672.3,inh,0
5192,672.4,inh,0
4272,672.9,inh,0
4892,673.5,inh,0
4962,673.5,inh,0
4342,683.3,inh,0
5242,683.6,inh,0
4492,683.7,inh,0
5022,683.7,inh,0
4412,683.8,inh,0
4252,683.9,inh,0
4282,683.9,inh,0
4842,684.5,inh,0
4962,684.7,inh,0
5302,685.0,inh,0
4512,685.3,inh,0
4832,686.2,inh,0
4642,686.4,inh,0
4142,686.5,inh,0
4982,696.5,inh,0
4652,697.3,inh,0
4392,698.0,inh,0
5022,698.0,inh,0
5192,700.3,inh,0
4192,706.7,inh,0
4802,708.9,inh,0
4272,709.0,inh,0
4292,709.2,inh,0
4322,709.2,inh,0
4962,709.9,inh,0
4342,710.2,inh,0
4762,710.6,inh,0
4462,712.8,inh,0
4522,713.6,inh,0
4612,713.7,inh,0
4492,719.1,inh,0
5042,719.8,inh,0
4312,720.6,inh,0
4612,721.3,inh,0
4142,721.7,inh,0
4512,721.8,inh,0
4652,721.9,inh,0
4252,722.1,inh,0
4262,722.5,inh,0
4982,722.5,inh,0
4842,724.0,inh,0
5072,724.7,inh,0
4492,731.9,inh,0
5192,731.9,inh,0
4782,733.8,inh,0
4372,734.0,inh,0
4762,734.4,inh,0
4582,734.5,inh,0
5242,734.5,inh,0
4652,736.3,inh,0
4322,736.4,inh,0
4692,736.7,inh,0
4282,740.5,inh,0
4632,742.4,inh,0
4982,744.5,inh,0
4772,747.7,inh,0
4142,747.9,inh,0
4462,748.1,inh,0
4812,748.6,inh,0
4712,748.8,inh,0
5012,749.3,inh,0
4962,749.4,inh,0
4972,749.5,inh,0
4702,749.6,inh,0
4512,750.3,inh,0
5202,752.5,inh,0
5242,753.3,inh,0
4612,755.3,inh,0
4252,757.8,inh,0
5122,758.0,inh,0
5292,758.3,inh,0
4492,758.5,inh,0
4152,759.0,inh,0
4722,759.7,inh,0
5182,760.0,inh,0
4482,760.1,inh,0
4962,760.2,inh,0
4212,760.3,inh,0
4372,760.9,inh,0
4622,761.0,inh,0
5112,762.0,inh,0
5042,769.6,inh,0
5132,770.0,inh,0
4402,770.4,inh,0
4762,772.1,inh,0
4962,772.3,inh,0
4822,772.5,inh,0
4832,772.8,inh,0
4632,773.7,inh,0
4462,778.1,inh,0
5252,778.4,inh,0
4142,782.1,inh,0
4982,783.8,inh,0
4312,783.9,inh,0
4882,784.6,inh,0
4252,785.2,inh,0
4812,785.5,inh,0
4842,785.5,inh,0
5232,785.6,inh,0
4592,785.7,inh,0
5132,785.7,inh,0
5022,785.9,inh,0
5172,786.0,inh,0
5262,786.0,inh,0
4192,786.3,inh,0
4322,786.7,inh,0
4492,786.8,inh,0
4162,791.1,inh,0
5272,795.0,inh,0
4632,795.7,inh,0
4962,796.3,inh,0
4812,797.2,inh,0
5192,797.3,inh,0
4552,797.4,inh,0
4512,797.6,inh,0
5012,797.7,inh,0
5242,806.2,inh,0
4492,806.8,inh,0
4142,809.0,inh,0
4632,809.3,inh,0
4302,811.0,inh,0
4672,811.7,inh,0
5022,811.8,inh,0
4712,811.9,inh,0
5132,816.1,inh,0
4522,817.5,inh,0
5272,818.1,inh,0
4612,819.9,inh,0
5252,820.2,inh,0
4932,820.6,inh,0
4492,821.0,inh,0
5012,821.0,inh,0
5082,821.4,inh,0
4812,821.6,inh,0
4512,821.9,inh,0
4292,822.0,inh,0
5142,822.0,inh,0
4252,822.1,inh,0
4672,822.4,inh,0
5002,822.4,inh,0
4272,822.6,inh,0
4702,822.6,inh,0
5172,834.2,inh,0
4162,834.5,inh,0
5242,834.5,inh,0
4882,835.0,inh,0
4412,835.1,inh,0
4692,835.5,inh,0
4142,835.6,inh,0
4842,835.9,inh,0
4372,838.2,inh,0
4962,838.4,inh,0
5202,840.5,inh,0
5272,844.1,inh,0
4492,845.7,inh,0
4812,845.7,inh,0
5012,845.8,inh,0
4662,846.8,inh,0
4672,847.3,inh,0
4452,848.7,inh,0
5182,852.5,inh,0
4592,853.0,inh,0
4262,855.4,inh,0
5012,858.0,inh,0
4842,858.5,inh,0
4782,858.8,inh,0
5262,859.2,inh,0
5132,859.7,inh,0
5282,860.0,inh,0
4982,863.9,inh,0
4282,864.3,inh,0
4272,864.9,inh,0
4412,865.3,inh,0
4312,867.2,inh,0
4962,868.6,inh,0
5192,869.3,inh,0
4782,869.6,inh,0
5272,870.1,inh,0
4372,870.5,inh,0
4542,870.6,inh,0
4592,870.8,inh,0
4632,870.9,inh,0
4272,871.0,inh,0
4192,871.9,inh,0
5172,874.2,inh,0
4212,875.6,inh,0
4522,876.5,inh,0
5132,876.7,inh,0
4812,880.6,inh,0
4492,881.6,inh,0
4852,882.2,inh,0
4252,882.4,inh,0
5292,882.4,inh,0
5042,882.5,inh,0
4272,882.7,inh,0
5202,882.9,inh,0
5272,882.9,inh,0
5012,885.3,inh,0
5132,887.7,inh,0
5252,887.7,inh,0
4452,892.2,inh,0
4612,892.4,inh,0
4142,893.5,inh,0
4512,893.6,inh,0
4982,893.8,inh,0
5142,894.7,inh,0
5302,894.8,inh,0
4282,895.0,inh,0
5072,895.3,inh,0
4492,895.8,inh,0
4832,896.0,inh,0
4772,896.1,inh,0
5242,896.7,inh,0
5132,898.0,inh,0
4242,907.3,inh,0
4762,908.7,inh,0
4842,910.3,inh,0
5132,910.4,inh,0
4512,910.8,inh,0
4142,915.2,inh,0
4352,915.8,inh,0
4222,917.3,inh,0
5102,918.4,inh,0
4652,919.3,inh,0
4612,919.7,inh,0
4492,920.5,inh,0
5012,921.0,inh,0
5272,921.3,inh,0
4962,921.9,inh,0
4662,922.1,inh,0
5072,922.2,inh,0
5132,923.3,inh,0
4322,924.2,inh,0
4852,924.2,inh,0
4712,925.4,inh,0
5182,925.4,inh,0
4192,928.4,inh,0
4832,930.3,inh,0
5292,930.7,inh,0
4512,931.4,inh,0
4542,931.4,inh,0
4262,932.1,inh,0
4282,932.1,inh,0
4662,932.1,inh,0
5042,932.9,inh,0
5192,933.5,inh,0
4612,934.8,inh,0
5082,935.8,inh,0
4212,936.8,inh,0
4142,943.4,inh,0
4272,943.4,inh,0
4372,944.2,inh,0
4592,945.2,inh,0
5132,945.2,inh,0
4662,945.7,inh,0
4652,953.8,inh,0
5112,956.6,inh,0
4892,957.6,inh,0
5052,958.0,inh,0
4812,958.2,inh,0
4982,958.2,inh,0
4632,958.5,inh,0
5142,958.8,inh,0
4452,958.9,inh,0
4252,959.3,inh,0
4722,959.8,inh,0
5282,959.9,inh,0
4512,960.2,inh,0
5132,965.3,inh,0
5022,965.7,inh,0
4412,966.1,inh,0
4612,966.1,inh,0
5272,968.4,inh,0
5012,969.4,inh,0
4542,970.0,inh,0
4662,970.7,inh,0
4492,970.9,inh,0
4882,971.1,inh,0
4142,973.7,inh,0
5082,973.7,inh,0
5122,974.4,inh,0
5192,977.4,inh,0
4582,978.4,inh,0
5252,981.1,inh,0
4612,981.2,inh,0
4962,981.2,inh,0
5022,981.9,inh,0
5272,982.2,inh,0
4492,982.8,inh,0
4272,983.1,inh,0
4892,983.1,inh,0
5132,990.5,inh,0
4982,991.4,inh,0
4142,991.5,inh,0
4952,992.6,inh,0
4612,993.1,inh,0
4372,993.6,inh,0
4582,994.1,inh,0
5192,994.3,inh,0
4242,994.5,inh,0
4812,994.5,inh,0
5122,994.5,inh,0
4152,994.6,inh,0
4772,995.0,inh,0
5042,1006.5,inh,0
4962,1006.6,inh,0
5272,1006.7,inh,0
4572,1007.0,inh,0
5132,1007.0,inh,0
4652,1007.9,inh,0
4282,1008.3,inh,0
4312,1008.4,inh,0
4702,1008.4,inh,0
4852,1008.4,inh,0
4142,1011.3,inh,0
4782,1011.9,inh,0
4192,1019.1,inh,0
4512,1019.2,inh,0
4982,1019.6,inh,0
5182,1019.9,inh,0
5242,1020.0,inh,0
5102,1020.1,inh,0
5272,1020.2,inh,0
4282,1020.3,inh,0
4902,1020.7,inh,0
4462,1022.0,inh,0
4632,1022.1,inh,0
4272,1022.7,inh,0
4582,1022.7,inh,0
4492,1023.5,inh,0
5192,1024.3,inh,0
4542,1025.0,inh,0
4862,1026.4,inh,0
4662,1031.6,inh,0
4712,1032.0,inh,0
4612,1032.4,inh,0
4652,1032.9,inh,0
4252,1033.4,inh,0
4492,1035.8,inh,0
4142,1040.5,inh,0
4812,1041.7,inh,0
4632,1044.4,inh,0
5192,1045.0,inh,0
5292,1045.4,inh,0
4582,1046.1,inh,0
4692,1046.1,inh,0
5132,1046.3,inh,0
5042,1052.1,inh,0
4212,1053.2,inh,0
5082,1055.3,inh,0
4782,1056.4,inh,0
4542,1057.4,inh,0
5182,1057.4,inh,0
5272,1057.7,inh,0
4612,1058.0,inh,0
4962,1058.6,inh,0
5292,1059.7,inh,0
5012,1059.8,inh,0
4892,1062.8,inh,0
4152,1065.4,inh,0
4632,1066.8,inh,0
4272,1067.2,inh,0
4142,1067.6,inh,0
4652,1067.9,inh,0
4192,1068.1,inh,0
4242,1069.0,inh,0
5192,1069.3,inh,0
4722,1070.2,inh,0
5132,1070.2,inh,0
4812,1072.6,inh,0
4802,1074.8,inh,0
4692,1079.1,inh,0
5242,1079.5,inh,0
4662,1082.1,inh,0
5042,1082.7,inh,0
4342,1083.2,inh,0
5272,1083.5,inh,0
5132,1084.5,inh,0
4612,1084.6,inh,0
4272,1085.1,inh,0
5012,1085.6,inh,0
4142,1090.0,inh,0
4882,1090.0,inh,0
5212,1090.9,inh,0
4492,1091.9,inh,0
5112,1092.9,inh,0
5192,1093.1,inh,0
4272,1093.4,inh,0
4632,1093.4,inh,0
5272,1095.9,inh,0
4212,1096.4,inh,0
4512,1100.0,inh,0
4142,1103.0,inh,0
5252,1103.3,inh,0
4982,1104.7,inh,0
5132,1104.7,inh,0
5042,1105.7,inh,0
4702,1108.5,inh,0
4632,1113.2,inh,0
5142,1114.9,inh,0
4312,1117.2,inh,0
4622,1117.4,inh,0
5012,1118.2,inh,0
4662,1118.9,inh,0
4612,1119.0,inh,0
4252,1119.3,inh,0
4262,1121.9,inh,0
5272,1125.0,inh,0
4682,1126.6,inh,0
5242,1127.3,inh,0
5182,1127.5,inh,0
4852,1127.9,inh,0
4142,1128.5,inh,0
4492,1128.8,inh,0
5252,1129.4,inh,0
5072,1130.5,inh,0
4372,1130.7,inh,0
4982,1131.2,inh,0
5202,1131.5,inh,0
5262,1131.7,inh,0
4972,1131.8,inh,0
4812,1136.1,inh,0
4832,1137.1,inh,0
4962,1138.4,inh,0
4282,1139.2,inh,0
5132,1145.3,inh,0
4142,1147.6,inh,0
5042,1147.6,inh,0
5012,1148.9,inh,0
4252,1149.9,inh,0
4322,1150.4,inh,0
4612,1150.8,inh,0
5142,1155.2,inh,0
5242,1155.9,inh,0
4762,1156.2,inh,0
5182,1157.8,inh,0
4372,1157.9,inh,0
4212,1158.0,inh,0
4492,1158.6,inh,0
4692,1158.8,inh,0
4582,1159.6,inh,0
4612,1159.9,inh,0
5272,1161.8,inh,0
4632,1162.4,inh,0
4962,1165.3,inh,0
5122,1165.9,inh,0
4512,1168.1,inh,0
4522,1168.1,inh,0
5022,1168.8,inh,0
4492,1169.5,inh,0
4722,1170.1,inh,0
5132,1170.2,inh,0
4142,1176.1,inh,0
4982,1177.1,inh,0
4662,1179.1,inh,0
5192,1179.4,inh,0
4192,1179.5,inh,0
4962,1180.1,inh,0
5012,1181.3,inh,0
5242,1181.4,inh,0
5272,1182.0,inh,0
4372,1185.1,inh,0
5142,1186.7,inh,0
4272,1190.0,inh,0
4612,1190.6,inh,0
5122,1191.0,inh,0
4712,1191.9,inh,0
4962,1191.9,inh,0
5132,1193.0,inh,0
5242,1193.2,inh,0
5182,1193.4,inh,0
4492,1193.8,inh,0
4512,1194.0,inh,0
4452,1194.7,inh,0
4722,1195.9,inh,0
5272,1196.2,inh,0
4612,1202.0,inh,0
5022,1203.0,inh,0
4552,1204.5,inh,0
4522,1205.2,inh,0
4492,1205.4,inh,0
4582,1205.6,inh,0
4882,1205.6,inh,0
4672,1206.5,inh,0
4462,1206.9,inh,0
5172,1212.5,inh,0
5272,1212.8,inh,0
5012,1216.2,inh,0
4372,1216.3,inh,0
4782,1217.1,inh,0
4262,1217.3,inh,0
4632,1220.2,inh,0
4452,1220.3,inh,0
4442,1220.9,inh,0
4352,1224.2,inh,0
4282,1225.5,inh,0
5012,1226.3,inh,0
4712,1228.9,inh,0
5302,1229.8,inh,0
4372,1230.3,inh,0
4512,1230.5,inh,0
4742,1230.6,inh,0
5132,1230.8,inh,0
4312,1231.5,inh,0
4832,1231.5,inh,0
4582,1232.1,inh,0
4612,1237.9,inh,0
4492,1238.9,inh,0
4982,1239.5,inh,0
5072,1239.7,inh,0
4272,1241.2,inh,0
4262,1241.7,inh,0
4692,1247.3,inh,0
4712,1252.3,inh,0
4192,1252.8,inh,0
5012,1253.3,inh,0
4282,1254.5,inh,0
4982,1254.5,inh,0
4512,1255.5,inh,0
4412,1255.8,inh,0
4582,1256.1,inh,0
4352,1256.8,inh,0
5122,1257.2,inh,0
4292,1258.7,inh,0
5202,1260.3,inh,0
5132,1261.0,inh,0
4962,1263.6,inh,0
4612,1264.3,inh,0
4462,1265.1,inh,0
5192,1265.3,inh,0
4812,1265.6,inh,0
4852,1266.3,inh,0
4632,1267.3,inh,0
5022,1268.0,inh,0
5292,1269.5,inh,0
5122,1276.5,inh,0
4662,1277.4,inh,0
5012,1277.8,inh,0
5182,1277.9,inh,0
4962,1278.1,inh,0
4512,1279.3,inh,0
5272,1279.5,inh,0
4652,1279.6,inh,0
5132,1280.6,inh,0
4312,1281.9,inh,0
4212,1282.1,inh,0
4142,1283.5,inh,0
4592,1283.9,inh,0
5082,1285.6,inh,0
4492,1287.2,inh,0
4882,1287.8,inh,0
4982,1288.7,inh,0
4512,1289.3,inh,0
5012,1290.5,inh,0
4652,1290.7,inh,0
4272,1291.2,inh,0
4962,1291.8,inh,0
4812,1292.0,inh,0
4512,1301.6,inh,0
5012,1301.7,inh,0
5242,1302.4,inh,0
4282,1302.5,inh,0
4192,1305.1,inh,0
4582,1306.0,inh,0
4312,1307.8,inh,0
4832,1309.3,inh,0
4962,1309.8,inh,0
4982,1309.9,inh,0
4182,1310.0,inh,0
5112,1311.9,inh,0
4612,1312.1,inh,0
5202,1312.1,inh,0
4412,1312.4,inh,0
5232,1312.9,inh,0
5072,1313.3,inh,0
4212,1314.1,inh,0
4252,1314.1,inh,0
5192,1315.8,inh,0
4802,1320.7,inh,0
4882,1321.8,inh,0
4782,1322.0,inh,0
4142,1322.4,inh,0
5242,1323.9,inh,0
4212,1325.4,inh,0
4282,1326.9,inh,0
5042,1328.8,inh,0
4272,1329.4,inh,0
4592,1329.5,inh,0
5132,1332.4,inh,0
5272,1333.5,inh,0
4982,1335.0,inh,0
4492,1335.4,inh,0
4612,1335.4,inh,0
4632,1335.5,inh,0
4942,1335.5,inh,0
4142,1335.8,inh,0
4662,1335.8,inh,0
4772,1335.9,inh,0
4402,1338.3,inh,0
4582,1338.5,inh,0
4332,1338.9,inh,0
4962,1344.4,inh,0
4512,1349.2,inh,0
4312,1349.3,inh,0
4612,1352.8,inh,0
4852,1355.7,inh,0
4842,1359.2,inh,0
4222,1359.4,inh,0
5182,1359.5,inh,0
4492,1359.7,inh,0
4692,1359.7,inh,0
5202,1359.9,inh,0
4282,1360.3,inh,0
4372,1361.0,inh,0
5042,1361.2,inh,0
5102,1361.2,inh,0
4322,1361.7,inh,0
4142,1361.9,inh,0
5242,1362.3,inh,0
5192,1366.0,inh,0
4962,1368.8,inh,0
4182,1370.1,inh,0
5082,1371.8,inh,0
4262,1372.6,inh,0
4612,1373.2,inh,0
4272,1373.7,inh,0
4522,1373.7,inh,0
5252,1374.3,inh,0
4512,1374.5,inh,0
4642,1378.0,inh,0
5292,1380.4,inh,0
4442,1381.6,inh,0
4882,1381.7,inh,0
4312,1381.8,inh,0
5192,1382.1,inh,0
5262,1382.4,inh,0
4252,1382.9,inh,0
4652,1383.4,inh,0
4142,1383.9,inh,0
4812,1384.2,inh,0
5272,1384.7,inh,0
4322,1393.9,inh,0
4962,1394.6,inh,0
5252,1394.7,inh,0
4612,1395.0,inh,0
4512,1395.1,inh,0
4662,1395.2,inh,0
4852,1395.3,inh,0
4252,1395.5,inh,0
5132,1395.5,inh,0
5142,1395.7,inh,0
4982,1396.6,inh,0
5042,1396.7,inh,0
4382,1396.8,inh,0
5272,1397.0,inh,0
4492,1398.0,inh,0
4142,1400.2,inh,0
4542,1406.0,inh,0
5242,1406.2,inh,0
4402,1406.3,inh,0
4372,1406.7,inh,0
4642,1406.8,inh,0
4252,1407.8,inh,0
4492,1407.8,inh,0
4582,1408.6,inh,0
4422,1408.9,inh,0
5052,1409.0,inh,0
5102,1409.0,inh,0
5112,1409.4,inh,0
4812,1414.9,inh,0
4192,1418.2,inh,0
4962,1418.4,inh,0
4982,1418.6,inh,0
4452,1418.8,inh,0
5012,1419.0,inh,0
4612,1419.1,inh,0
5072,1420.8,inh,0
5272,1427.8,inh,0
4832,1428.9,inh,0
5202,1429.0,inh,0
5012,1429.2,inh,0
4422,1430.7,inh,0
4322,1434.6,inh,0
5132,1435.2,inh,0
5192,1435.7,inh,0
4282,1438.2,inh,0
4982,1441.2,inh,0
4622,1441.5,inh,0
5272,1443.2,inh,0
5242,1443.3,inh,0
4962,1445.7,inh,0
4852,1448.1,inh,0
4512,1449.9,inh,0
4592,1451.0,inh,0
4712,1451.5,inh,0
4642,1451.6,inh,0
4702,1452.3,inh,0
4612,1452.5,inh,0
4272,1452.7,inh,0
4792,1452.9,inh,0
4492,1453.6,inh,0
5152,1453.7,inh,0
4242,1453.8,inh,0
5172,1454.1,inh,0
5142,1454.4,inh,0
4572,1454.5,inh,0
4312,1454.6,inh,0
4652,1455.2,inh,0
4662,1455.2,inh,0
4692,1456.2,inh,0
5012,1461.4,inh,0
4192,1463.1,inh,0
4252,1463.7,inh,0
4292,1463.7,inh,0
4812,1463.7,inh,0
4832,1464.0,inh,0
4262,1464.2,inh,0
4282,1464.2,inh,0
4322,1464.2,inh,0
4372,1465.9,inh,0
4452,1467.2,inh,0
5022,1470.6,inh,0
4142,1470.8,inh,0
4522,1473.7,inh,0
4982,1476.4,inh,0
4602,1476.7,inh,0
4612,1477.4,inh,0
5272,1478.5,inh,0
4662,1478.9,inh,0
5292,1479.0,inh,0
5252,1479.9,inh,0
4492,1483.3,inh,0
5182,1484.1,inh,0
4482,1487.6,inh,0
5012,1487.8,inh,0
4142,1488.0,inh,0
5192,1489.1,inh,0
4582,1490.0,inh,0
5102,1490.2,inh,0
5272,1490.7,inh,0
4852,1495.8,inh,0
4382,1496.8,inh,0
4272,1496.9,inh,0
5292,1497.3,inh,0
4982,1497.5,inh,0
4962,1498.3,inh,0
4402,1498.5,inh,0
4612,1499.2,inh,0
4772,1499.4,inh,0
4442,1499.5,inh,0
4842,1499.8,inh,0
4683,11.8,inh,0
4923,14.0,inh,0
5273,14.2,inh,0
4163,14.4,inh,0
5253,14.4,inh,0
5153,14.5,inh,0
5043,15.7,inh,0
4833,16.4,inh,0
5083,17.7,inh,0
4673,18.3,inh,0
4203,24.5,inh,0
4963,29.1,inh,0
4713,31.0,inh,0
4363,32.8,inh,0
4223,32.9,inh,0
4183,35.9,inh,0
4263,41.5,inh,0
5273,46.5,inh,0
4703,51.9,inh,0
4393,53.4,inh,0
4723,57.6,inh,0
5233,61.0,inh,0
5053,62.7,inh,0
4303,63.4,inh,0
4223,63.5,inh,0
4523,64.1,inh,0
4163,64.2,inh,0
4853,64.4,inh,0
4203,65.7,inh,0
5103,71.7,inh,0
4173,78.6,inh,0
4463,79.2,inh,0
5073,84.7,inh,0
4563,91.1,inh,0
4913,93.9,inh,0
4833,97.8,inh,0
4313,102.1,inh,0
4153,103.2,inh,0
4433,116.8,inh,0
4203,117.2,inh,0
4993,118.0,inh,0
5153,119.4,inh,0
5123,121.7,inh,0
4603,123.1,inh,0
4153,123.8,inh,0
4863,124.6,inh,0
4843,127.0,inh,0
4183,127.5,inh,0
4493,129.4,inh,0
4593,133.3,inh,0
4723,133.3,inh,0
4893,139.7,inh,0
5103,147.1,inh,0
4973,147.3,inh,0
4623,152.7,inh,0
4593,158.7,inh,0
4853,159.0,inh,0
4213,159.9,inh,0
4223,161.0,inh,0
5163,167.4,inh,0
5263,168.9,inh,0
4883,175.7,inh,0
4753,176.6,inh,0
4253,178.4,inh,0
4893,182.9,inh,0
4183,184.4,inh,0
4393,186.5,inh,0
5253,189.0,inh,0
4673,189.8,inh,0
4243,192.5,inh,0
5183,193.0,inh,0
5233,194.4,inh,0
4613,198.1,inh,0
4853,204.2,inh,0
4223,207.4,inh,0
4373,208.9,inh,0
5283,210.5,inh,0
5153,210.9,inh,0
4353,213.1,inh,0
5203,216.6,inh,0
5003,218.6,inh,0
4603,219.4,inh,0
4883,219.7,inh,0
4173,223.4,inh,0
4923,224.0,inh,0
5243,224.1,inh,0
4693,224.4,inh,0
5123,225.0,inh,0
4683,236.7,inh,0
4343,239.0,inh,0
4243,245.9,inh,0
4663,246.2,inh,0
5093,249.0,inh,0
4453,249.4,inh,0
4733,251.9,inh,0
4493,254.2,inh,0
4263,256.5,inh,0
5273,260.2,inh,0
4713,262.2,inh,0
5163,266.3,inh,0
5043,266.6,inh,0
4883,266.7,inh,0
4223,269.8,inh,0
4593,271.2,inh,0
4913,272.1,inh,0
5053,272.6,inh,0
4343,282.0,inh,0
4283,285.7,inh,0
4843,286.4,inh,0
4793,289.0,inh,0
5273,291.9,inh,0
5073,293.5,inh,0
5143,293.9,inh,0
4223,294.6,inh,0
4303,296.0,inh,0
4183,297.7,inh,0
5083,298.1,inh,0
5233,298.5,inh,0
5163,299.9,inh,0
5123,301.2,inh,0
4923,307.3,inh,0
4363,309.1,inh,0
4893,311.7,inh,0
4833,312.5,inh,0
4463,315.1,inh,0
4163,319.2,inh,0
5163,321.0,inh,0
4523,321.3,inh,0
4723,326.1,inh,0
4343,329.5,inh,0
4183,331.1,inh,0
5213,335.2,inh,0
4203,336.2,inh,0
5083,338.2,inh,0
5133,344.1,inh,0
4953,373.8,inh,0
4973,374.0,inh,0
5113,374.9,inh,0
5173,378.9,inh,0
4893,382.2,inh,0
4503,382.7,inh,0
4623,382.8,inh,0
4933,383.2,inh,0
4563,388.8,inh,0
4243,389.1,inh,0
4923,389.7,inh,0
4223,393.7,inh,0
4203,393.9,inh,0
4393,395.1,inh,0
4413,396.9,inh,0
5243,397.0,inh,0
4593,399.3,inh,0
4493,399.4,inh,0
4263,401.2,inh,0
4753,402.3,inh,0
4343,408.9,inh,0
4303,412.8,inh,0
4623,417.2,inh,0
5233,421.1,inh,0
4233,427.8,inh,0
4453,431.9,inh,0
5213,432.5,inh,0
4863,433.5,inh,0
4433,434.8,inh,0
4243,440.7,inh,0
4733,441.0,inh,0
4203,441.2,inh,0
4223,441.2,inh,0
4493,445.8,inh,0
4663,452.3,inh,0
4713,452.8,inh,0
5173,453.8,inh,0
4513,454.1,inh,0
4393,454.6,inh,0
5063,458.3,inh,0
5163,459.5,inh,0
4183,459.8,inh,0
5233,466.1,inh,0
5153,466.6,inh,0
4503,467.1,inh,0
4483,468.8,inh,0
4973,468.8,inh,0
5273,470.5,inh,0
4213,470.6,inh,0
4773,477.6,inh,0
4833,479.0,inh,0
4433,479.2,inh,0
4673,480.5,inh,0
4603,482.4,inh,0
4613,485.4,inh,0
4183,489.3,inh,0
4243,490.3,inh,0
4973,490.8,inh,0
4963,493.0,inh,0
5123,498.4,inh,0
4223,498.7,inh,0
4753,506.8,inh,0
5003,506.8,inh,0
4843,507.5,inh,0
4433,507.6,inh,0
4303,507.8,inh,0
4423,507.8,inh,0
4183,507.9,inh,0
4203,507.9,inh,0
4703,507.9,inh,0
4143,508.0,inh,0
4243,508.1,inh,0
4883,508.1,inh,0
4363,508.2,inh,0
5263,508.2,inh,0
4163,508.3,inh,0
4173,508.3,inh,0
4443,508.3,inh,0
4673,508.3,inh,0
5163,508.3,inh,0
4343,508.4,inh,0
4943,508.4,inh,0
4393,508.5,inh,0
4523,510.4,inh,0
5123,510.9,inh,0
4573,511.0,inh,0
4223,511.2,inh,0
5273,513.1,inh,0
4493,514.2,inh,0
4363,514.5,inh,0
4673,517.1,inh,0
4613,517.6,inh,0
4863,518.3,inh,0
4393,518.6,inh,0
4313,519.1,inh,0
5123,521.2,inh,0
4433,521.5,inh,0
4373,522.0,inh,0
5113,522.0,inh,0
4253,522.2,inh,0
4753,522.3,inh,0
4173,522.4,inh,0
4453,522.9,inh,0
4833,522.9,inh,0
4713,523.6,inh,0
4503,527.2,inh,0
4223,533.1,inh,0
4383,533.1,inh,0
4443,533.2,inh,0
4203,533.7,inh,0
5113,533.7,inh,0
4393,533.8,inh,0
4323,534.2,inh,0
5183,534.2,inh,0
5273,534.2,inh,0
4593,534.3,inh,0
4673,534.7,inh,0
5053,534.7,inh,0
4253,534.8,inh,0
4973,534.8,inh,0
4843,534.9,inh,0
4643,535.0,inh,0
4923,535.0,inh,0
4343,535.2,inh,0
4243,535.4,inh,0
4183,535.7,inh,0
4713,536.1,inh,0
4693,537.0,inh,0
4303,542.7,inh,0
5033,543.3,inh,0
4363,543.9,inh,0
4463,545.6,inh,0
4973,546.5,inh,0
5233,546.5,inh,0
4373,546.9,inh,0
4283,548.1,inh,0
4483,548.3,inh,0
4613,548.3,inh,0
5273,548.3,inh,0
4393,548.5,inh,0
4423,549.7,inh,0
4223,549.8,inh,0
4923,550.0,inh,0
5153,550.2,inh,0
5163,550.3,inh,0
4163,550.7,inh,0
4383,558.5,inh,0
4203,559.9,inh,0
4223,561.3,inh,0
4253,562.4,inh,0
5143,562.5,inh,0
4243,562.7,inh,0
4733,562.8,inh,0
4833,563.2,inh,0
5123,563.4,inh,0
4703,563.8,inh,0
4303,564.4,inh,0
5083,564.6,inh,0
4943,565.3,inh,0
4363,565.4,inh,0
5273,566.1,inh,0
4593,570.6,inh,0
4343,571.2,inh,0
4433,571.2,inh,0
5163,571.9,inh,0
4253,573.6,inh,0
5113,573.6,inh,0
5143,575.0,inh,0
5003,575.1,inh,0
4153,576.2,inh,0
4223,576.2,inh,0
4203,577.2,inh,0
4753,579.8,inh,0
5263,580.6,inh,0
4973,581.1,inh,0
5123,585.3,inh,0
4243,587.9,inh,0
4893,588.3,inh,0
5143,588.5,inh,0
4863,589.1,inh,0
4343,589.8,inh,0
4693,590.1,inh,0
4683,597.8,inh,0
4203,598.1,inh,0
4613,598.1,inh,0
4213,598.4,inh,0
4973,598.7,inh,0
4253,599.0,inh,0
4493,599.1,inh,0
5133,599.4,inh,0
4673,599.5,inh,0
4223,599.9,inh,0
4373,599.9,inh,0
4593,600.0,inh,0
4393,600.1,inh,0
4483,600.2,inh,0
4343,601.7,inh,0
4433,602.3,inh,0
5163,602.4,inh,0
4183,610.5,inh,0
4713,610.9,inh,0
4463,613.2,inh,0
5113,613.4,inh,0
5233,613.4,inh,0
4223,614.0,inh,0
5203,614.1,inh,0
4903,614.9,inh,0
5083,618.3,inh,0
4753,620.6,inh,0
5143,620.9,inh,0
4543,621.2,inh,0
4593,621.6,inh,0
4173,623.2,inh,0
5163,623.4,inh,0
4713,623.8,inh,0
4933,624.0,inh,0
5263,624.5,inh,0
4153,624.6,inh,0
4393,624.6,inh,0
4243,624.9,inh,0
4253,624.9,inh,0
4223,625.6,inh,0
4493,625.9,inh,0
5123,626.1,inh,0
5213,626.5,inh,0
4893,627.1,inh,0
4973,633.6,inh,0
4343,634.2,inh,0
4263,634.5,inh,0
4303,635.2,inh,0
4163,635.5,inh,0
4323,636.1,inh,0
5233,636.5,inh,0
4393,636.6,inh,0
4523,636.7,inh,0
4733,636.8,inh,0
4433,637.0,inh,0
5253,637.3,inh,0
4693,637.5,inh,0
4383,637.6,inh,0
4253,638.9,inh,0
4623,639.4,inh,0
5053,644.0,inh,0
4243,644.6,inh,0
4753,645.3,inh,0
4943,647.1,inh,0
4663,647.4,inh,0
4973,647.4,inh,0
5153,648.4,inh,0
4223,648.6,inh,0
4253,648.7,inh,0
4593,648.7,inh,0
5163,648.8,inh,0
4183,649.4,inh,0
5073,649.5,inh,0
4163,649.8,inh,0
5133,650.2,inh,0
4563,650.4,inh,0
4923,650.6,inh,0
4863,650.9,inh,0
5283,651.0,inh,0
4463,651.2,inh,0
4543,651.5,inh,0
4673,651.6,inh,0
4393,652.0,inh,0
4363,652.4,inh,0
5273,653.5,inh,0
4153,656.0,inh,0
5113,658.0,inh,0
4373,658.4,inh,0
5083,659.6,inh,0
5123,660.4,inh,0
4973,662.1,inh,0
4303,662.4,inh,0
4413,662.5,inh,0
4573,663.2,inh,0
4713,664.3,inh,0
4253,665.0,inh,0
4693,667.9,inh,0
4993,670.0,inh,0
5123,672.3,inh,0
4683,672.4,inh,0
5093,672.9,inh,0
4593,673.0,inh,0
4313,673.1,inh,0
4893,673.1,inh,0
4203,673.2,inh,0
4163,673.5,inh,0
4523,673.5,inh,0
4433,673.9,inh,0
4963,673.9,inh,0
4453,674.5,inh,0
4603,674.6,inh,0
4493,674.7,inh,0
4823,674.7,inh,0
4243,677.6,inh,0
4343,680.0,inh,0
4673,681.8,inh,0
4223,683.4,inh,0
4183,683.5,inh,0
4713,683.5,inh,0
4433,683.7,inh,0
5003,683.7,inh,0
5093,683.9,inh,0
5113,684.0,inh,0
4913,684.1,inh,0
4303,684.2,inh,0
4973,684.3,inh,0
5283,685.1,inh,0
4153,686.2,inh,0
4593,686.6,inh,0
4663,686.8,inh,0
4243,692.9,inh,0
5273,694.2,inh,0
4183,694.7,inh,0
4723,696.4,inh,0
5123,696.8,inh,0
4343,697.5,inh,0
4773,699.4,inh,0
4223,699.6,inh,0
4163,705.0,inh,0
4393,705.3,inh,0
4503,707.6,inh,0
4453,707.8,inh,0
5003,708.6,inh,0
4423,709.6,inh,0
4253,710.6,inh,0
4493,711.2,inh,0
4753,711.2,inh,0
4833,711.4,inh,0
4543,712.8,inh,0
4713,717.2,inh,0
5123,717.5,inh,0
5143,717.7,inh,0
4383,718.0,inh,0
4733,718.2,inh,0
5213,718.7,inh,0
4183,719.0,inh,0
4323,719.0,inh,0
5163,719.0,inh,0
4573,720.4,inh,0
4223,721.6,inh,0
4923,721.6,inh,0
5193,721.6,inh,0
4203,721.7,inh,0
4623,722.0,inh,0
4393,722.1,inh,0
4263,722.2,inh,0
4363,723.5,inh,0
4713,723.5,inh,0
4693,724.3,inh,0
5233,724.5,inh,0
5273,724.8,inh,0
4673,725.1,inh,0
4343,729.6,inh,0
5113,730.0,inh,0
4373,733.0,inh,0
4943,734.4,inh,0
4223,734.6,inh,0
4753,734.6,inh,0
4923,734.8,inh,0
4163,735.3,inh,0
4573,735.3,inh,0
4593,735.5,inh,0
5003,735.9,inh,0
5123,736.1,inh,0
4713,736.3,inh,0
4543,736.6,inh,0
4243,737.1,inh,0
5073,737.4,inh,0
4253,738.5,inh,0
4413,744.9,inh,0
4433,745.0,inh,0
4883,746.1,inh,0
5163,746.5,inh,0
4453,746.9,inh,0
5143,747.3,inh,0
4343,747.4,inh,0
4693,747.8,inh,0
4973,748.1,inh,0
4393,748.7,inh,0
4373,748.8,inh,0
4673,748.9,inh,0
4923,749.2,inh,0
4593,749.5,inh,0
4623,749.7,inh,0
4733,750.0,inh,0
4933,750.3,inh,0
4383,755.7,inh,0
5283,757.4,inh,0
5253,758.2,inh,0
4253,758.5,inh,0
5113,758.9,inh,0
4713,759.1,inh,0
4223,759.2,inh,0
4753,759.4,inh,0
4433,759.6,inh,0
4553,759.8,inh,0
5273,759.9,inh,0
4973,760.1,inh,0
5133,761.1,inh,0
4693,761.7,inh,0
4183,770.8,inh,0
5123,771.6,inh,0
4303,771.8,inh,0
4713,772.7,inh,0
4373,772.9,inh,0
4483,773.1,inh,0
4963,773.2,inh,0
4673,773.5,inh,0
4923,773.6,inh,0
4543,773.7,inh,0
5053,773.7,inh,0
4973,773.9,inh,0
4433,774.4,inh,0
4243,777.3,inh,0
4823,777.4,inh,0
4223,779.9,inh,0
4453,781.7,inh,0
4163,782.0,inh,0
5163,783.2,inh,0
4593,783.4,inh,0
5083,783.7,inh,0
4863,784.9,inh,0
4373,785.4,inh,0
4223,785.5,inh,0
5153,785.5,inh,0
4363,785.7,inh,0
4553,785.8,inh,0
4183,786.4,inh,0
4393,786.4,inh,0
4693,787.7,inh,0
4243,793.8,inh,0
4663,794.5,inh,0
4383,795.3,inh,0
4223,795.4,inh,0
5273,795.4,inh,0
4203,796.0,inh,0
5263,796.1,inh,0
4263,796.4,inh,0
5003,797.7,inh,0
4363,797.8,inh,0
5253,797.9,inh,0
4253,804.0,inh,0
4303,805.7,inh,0
5283,806.3,inh,0
4343,806.9,inh,0
4433,807.6,inh,0
5163,807.8,inh,0
4243,808.0,inh,0
4373,808.2,inh,0
5123,808.5,inh,0
4573,808.7,inh,0
4163,809.8,inh,0
4153,810.2,inh,0
4223,811.0,inh,0
5213,811.4,inh,0
4393,811.5,inh,0
4733,811.9,inh,0
4973,812.0,inh,0
4253,812.2,inh,0
4203,816.4,inh,0
4713,818.2,inh,0
4723,821.3,inh,0
4233,821.5,inh,0
4363,821.5,inh,0
5283,821.5,inh,0
5253,821.8,inh,0
4483,821.9,inh,0
5263,821.9,inh,0
4753,822.2,inh,0
4313,822.5,inh,0
5273,822.6,inh,0
5303,822.6,inh,0
5003,822.8,inh,0
4673,823.1,inh,0
4383,823.2,inh,0
4463,830.9,inh,0
4703,832.9,inh,0
4343,833.0,inh,0
4433,833.0,inh,0
4243,833.2,inh,0
4863,833.3,inh,0
4153,833.5,inh,0
4223,833.5,inh,0
5083,833.8,inh,0
4693,834.2,inh,0
5143,834.9,inh,0
4323,835.4,inh,0
5113,835.9,inh,0
5273,836.4,inh,0
5163,836.5,inh,0
4593,836.6,inh,0
4183,839.7,inh,0
4823,840.7,inh,0
4223,842.9,inh,0
4673,843.7,inh,0
4203,843.8,inh,0
5003,845.7,inh,0
4393,848.3,inh,0
4313,848.7,inh,0
4963,848.8,inh,0
4593,849.2,inh,0
4163,849.4,inh,0
4713,856.1,inh,0
4753,857.1,inh,0
4253,857.3,inh,0
4973,860.3,inh,0
4303,861.3,inh,0
4913,861.5,inh,0
4943,865.7,inh,0
4163,866.3,inh,0
4183,867.8,inh,0
5113,867.8,inh,0
4993,868.3,inh,0
4483,869.1,inh,0
5123,869.5,inh,0
4963,870.1,inh,0
4453,870.3,inh,0
5033,870.3,inh,0
5233,870.7,inh,0
4153,871.3,inh,0
4343,871.3,inh,0
4523,871.7,inh,0
4203,875.2,inh,0
4733,876.3,inh,0
5273,877.6,inh,0
4663,878.7,inh,0
4723,878.9,inh,0
4923,879.3,inh,0
4593,879.8,inh,0
4433,881.5,inh,0
4413,882.2,inh,0
4973,882.4,inh,0
4713,882.5,inh,0
4223,882.6,inh,0
4673,882.7,inh,0
4943,882.8,inh,0
4493,883.3,inh,0
4893,883.4,inh,0
5073,883.9,inh,0
4643,884.3,inh,0
5233,885.0,inh,0
4543,886.1,inh,0
4623,887.7,inh,0
4903,888.9,inh,0
4253,891.7,inh,0
4223,892.7,inh,0
4593,892.8,inh,0
4603,893.5,inh,0
4923,894.5,inh,0
4733,894.6,inh,0
4183,895.0,inh,0
5113,895.1,inh,0
5273,895.7,inh,0
4443,895.8,inh,0
4613,896.0,inh,0
4573,896.1,inh,0
5103,896.2,inh,0
4723,896.6,inh,0
4623,896.8,inh,0
5093,896.8,inh,0
5213,896.8,inh,0
4823,896.9,inh,0
4243,897.1,inh,0
4383,897.4,inh,0
4173,897.5,inh,0
5013,898.3,inh,0
4673,899.5,inh,0
4223,904.5,inh,0
4593,907.9,inh,0
4153,908.6,inh,0
5233,908.7,inh,0
5263,908.9,inh,0
5253,909.4,inh,0
4463,910.0,inh,0
4713,910.1,inh,0
4393,910.3,inh,0
4433,910.5,inh,0
4323,910.7,inh,0
5163,913.5,inh,0
4223,914.4,inh,0
4863,915.3,inh,0
5113,916.0,inh,0
4373,916.3,inh,0
4573,916.4,inh,0
5123,917.8,inh,0
4183,918.7,inh,0
4443,919.5,inh,0
5253,920.5,inh,0
4693,922.3,inh,0
4903,922.7,inh,0
4843,924.2,inh,0
5273,924.2,inh,0
4973,924.4,inh,0
4363,925.2,inh,0
4943,931.2,inh,0
4593,932.5,inh,0
4963,932.7,inh,0
4203,932.8,inh,0
5143,935.4,inh,0
4243,936.4,inh,0
5003,939.0,inh,0
5123,939.0,inh,0
4893,939.6,inh,0
4603,939.7,inh,0
5283,943.1,inh,0
4223,943.3,inh,0
5253,943.7,inh,0
5113,943.9,inh,0
4433,944.1,inh,0
4753,944.3,inh,0
4163,944.4,inh,0
4183,944.6,inh,0
4343,945.1,inh,0
5263,945.9,inh,0
4483,946.0,inh,0
4673,946.0,inh,0
4393,946.2,inh,0
4903,946.8,inh,0
5273,950.5,inh,0
4173,953.4,inh,0
4253,953.9,inh,0
4723,954.1,inh,0
4543,954.2,inh,0
4303,954.6,inh,0
4223,957.4,inh,0
5143,958.3,inh,0
4243,958.9,inh,0
4623,960.5,inh,0
4253,960.6,inh,0
4263,960.6,inh,0
4283,965.2,inh,0
4993,965.6,inh,0
5113,966.6,inh,0
4593,967.1,inh,0
4163,967.8,inh,0
4613,968.2,inh,0
4153,968.4,inh,0
4823,968.5,inh,0
4313,969.0,inh,0
4693,969.4,inh,0
4223,969.7,inh,0
4673,969.9,inh,0
4243,970.9,inh,0
4603,972.4,inh,0
4433,973.9,inh,0
4543,978.7,inh,0
5083,979.9,inh,0
4393,980.6,inh,0
4863,980.6,inh,0
5163,980.8,inh,0
5123,980.9,inh,0
4343,981.0,inh,0
4923,981.5,inh,0
4373,981.7,inh,0
4553,981.8,inh,0
4803,982.4,inh,0
5213,982.6,inh,0
5233,982.8,inh,0
4203,983.2,inh,0
4223,983.5,inh,0
4973,983.5,inh,0
4733,984.2,inh,0
4253,991.5,inh,0
4593,992.5,inh,0
4893,992.9,inh,0
4383,993.3,inh,0
4163,994.1,inh,0
4323,994.1,inh,0
4203,994.2,inh,0
4453,994.5,inh,0
5163,994.5,inh,0
4693,994.6,inh,0
4753,994.6,inh,0
5253,994.8,inh,0
4543,995.5,inh,0
4623,995.5,inh,0
4843,995.6,inh,0
4713,995.8,inh,0
4243,997.1,inh,0
4433,1001.4,inh,0
4993,1001.9,inh,0
5283,1003.1,inh,0
4973,1003.4,inh,0
5053,1003.9,inh,0
4223,1004.0,inh,0
4183,1005.1,inh,0
4393,1005.6,inh,0
4153,1006.0,inh,0
4323,1006.8,inh,0
4553,1006.8,inh,0
5273,1007.1,inh,0
4163,1007.4,inh,0
4243,1007.4,inh,0
4593,1007.4,inh,0
4303,1007.7,inh,0
4863,1007.9,inh,0
4923,1007.9,inh,0
4723,1008.0,inh,0
4253,1008.2,inh,0
4203,1008.3,inh,0
4363,1008.7,inh,0
4543,1008.8,inh,0
4663,1009.0,inh,0
4223,1011.8,inh,0
4763,1011.9,inh,0
4643,1015.2,inh,0
4833,1016.4,inh,0
5083,1017.7,inh,0
4673,1018.3,inh,0
4523,1019.4,inh,0
5283,1019.7,inh,0
4243,1020.2,inh,0
5273,1020.3,inh,0
4363,1021.7,inh,0
4373,1022.2,inh,0
4873,1023.2,inh,0
5233,1023.4,inh,0
4433,1026.1,inh,0
5113,1030.3,inh,0
4373,1030.4,inh,0
4393,1030.8,inh,0
4413,1031.2,inh,0
4753,1031.6,inh,0
4593,1032.2,inh,0
4693,1032.4,inh,0
4283,1033.0,inh,0
4723,1033.1,inh,0
4493,1033.8,inh,0
4163,1034.5,inh,0
4223,1035.0,inh,0
4893,1037.9,inh,0
4733,1040.5,inh,0
4253,1040.7,inh,0
4383,1041.1,inh,0
4803,1042.1,inh,0
4713,1043.1,inh,0
4313,1043.7,inh,0
4993,1043.9,inh,0
4463,1044.2,inh,0
5003,1044.2,inh,0
5133,1045.4,inh,0
4343,1045.5,inh,0
4163,1045.9,inh,0
4223,1046.1,inh,0
5143,1046.1,inh,0
4243,1046.3,inh,0
4903,1046.9,inh,0
5123,1049.1,inh,0
5263,1050.1,inh,0
4303,1050.2,inh,0
4973,1050.5,inh,0
5163,1052.7,inh,0
4183,1054.6,inh,0
4673,1056.5,inh,0
4153,1056.6,inh,0
4503,1057.6,inh,0
4623,1057.8,inh,0
4933,1057.9,inh,0
4393,1058.2,inh,0
4223,1059.4,inh,0
5153,1060.0,inh,0
5273,1060.9,inh,0
5113,1061.8,inh,0
4973,1062.8,inh,0
4363,1063.0,inh,0
4553,1064.8,inh,0
4833,1064.9,inh,0
4213,1065.0,inh,0
4893,1065.3,inh,0
4203,1065.7,inh,0
4713,1066.6,inh,0
4923,1067.2,inh,0
4253,1069.0,inh,0
4683,1069.2,inh,0
4243,1070.1,inh,0
4223,1070.4,inh,0
4723,1071.1,inh,0
4393,1071.3,inh,0
4523,1074.5,inh,0
4543,1075.1,inh,0
4163,1076.0,inh,0
4673,1076.2,inh,0
4973,1077.3,inh,0
5273,1077.3,inh,0
4433,1080.1,inh,0
5283,1082.0,inh,0
4663,1082.3,inh,0
5243,1082.4,inh,0
4253,1082.5,inh,0
4863,1083.0,inh,0
4543,1083.1,inh,0
4733,1083.2,inh,0
4833,1083.6,inh,0
5103,1086.0,inh,0
5123,1088.8,inh,0
4153,1090.0,inh,0
4223,1091.9,inh,0
4913,1092.3,inh,0
4393,1092.9,inh,0
4843,1093.1,inh,0
4603,1093.2,inh,0
4203,1093.3,inh,0
5033,1093.3,inh,0
4693,1093.7,inh,0
4643,1094.2,inh,0
4673,1094.4,inh,0
4893,1094.5,inh,0
4963,1094.8,inh,0
4543,1097.6,inh,0
5153,1097.6,inh,0
4613,1099.0,inh,0
5273,1099.2,inh,0
5003,1104.7,inh,0
4253,1104.9,inh,0
5123,1105.3,inh,0
5163,1105.6,inh,0
4753,1105.7,inh,0
5143,1105.7,inh,0
4263,1106.5,inh,0
4363,1106.7,inh,0
4183,1107.4,inh,0
4343,1113.3,inh,0
4693,1113.9,inh,0
4223,1114.3,inh,0
4973,1116.1,inh,0
4803,1116.2,inh,0
5143,1116.3,inh,0
5253,1116.3,inh,0
4843,1116.5,inh,0
4733,1116.6,inh,0
4323,1116.8,inh,0
4483,1117.5,inh,0
4593,1117.5,inh,0
5003,1117.5,inh,0
4303,1117.7,inh,0
4573,1117.8,inh,0
4243,1119.0,inh,0
4673,1128.7,inh,0
4993,1129.0,inh,0
4183,1129.3,inh,0
4703,1129.6,inh,0
4223,1131.1,inh,0
5123,1131.3,inh,0
5073,1131.6,inh,0
4163,1132.4,inh,0
4393,1135.3,inh,0
4693,1137.8,inh,0
4453,1138.3,inh,0
5283,1140.1,inh,0
5113,1141.3,inh,0
4433,1142.1,inh,0
4383,1142.4,inh,0
4553,1143.9,inh,0
4773,1144.2,inh,0
5143,1145.0,inh,0
4393,1145.8,inh,0
5253,1146.0,inh,0
4943,1146.8,inh,0
4863,1146.9,inh,0
4253,1147.1,inh,0
4973,1147.1,inh,0
5153,1147.1,inh,0
4223,1147.3,inh,0
5123,1148.5,inh,0
4243,1149.1,inh,0
5163,1149.6,inh,0
4893,1149.7,inh,0
4593,1149.9,inh,0
5273,1150.2,inh,0
4163,1151.1,inh,0
5283,1153.1,inh,0
4673,1155.8,inh,0
4973,1157.0,inh,0
4713,1157.3,inh,0
4203,1158.7,inh,0
4483,1159.0,inh,0
4183,1159.3,inh,0
4223,1159.8,inh,0
4593,1160.2,inh,0
4753,1160.2,inh,0
5133,1163.6,inh,0
4913,1167.4,inh,0
4733,1167.8,inh,0
4163,1168.7,inh,0
4303,1168.7,inh,0
5103,1169.5,inh,0
4833,1169.7,inh,0
4253,1170.0,inh,0
4223,1170.1,inh,0
4153,1170.6,inh,0
4203,1172.2,inh,0
4183,1172.4,inh,0
5253,1173.1,inh,0
4393,1176.4,inh,0
5123,1178.1,inh,0
4593,1179.3,inh,0
4343,1179.5,inh,0
4973,1180.1,inh,0
4223,1180.4,inh,0
4693,1181.0,inh,0
4663,1181.1,inh,0
5213,1181.1,inh,0
4753,1182.1,inh,0
4623,1184.0,inh,0
5163,1185.2,inh,0
4383,1190.4,inh,0
4713,1190.8,inh,0
4733,1191.4,inh,0
5113,1191.7,inh,0
4163,1193.1,inh,0
4243,1193.8,inh,0
4593,1194.6,inh,0
4263,1195.6,inh,0
4173,1195.8,inh,0
5253,1196.3,inh,0
4253,1197.1,inh,0
4373,1198.1,inh,0
4913,1198.6,inh,0
5273,1200.1,inh,0
4203,1203.6,inh,0
4303,1205.0,inh,0
4963,1206.7,inh,0
4223,1206.8,inh,0
4243,1206.8,inh,0
4593,1207.2,inh,0
4163,1207.5,inh,0
4693,1208.5,inh,0
4603,1209.5,inh,0
4873,1211.6,inh,0
5243,1211.9,inh,0
4583,1215.6,inh,0
4713,1215.8,inh,0
4203,1216.0,inh,0
5113,1216.4,inh,0
4973,1216.9,inh,0
4923,1217.0,inh,0
4543,1217.1,inh,0
5123,1219.6,inh,0
4623,1220.3,inh,0
4453,1222.9,inh,0
4903,1223.3,inh,0
4593,1226.4,inh,0
4253,1227.1,inh,0
4163,1228.2,inh,0
4383,1228.3,inh,0
5273,1228.5,inh,0
4183,1228.7,inh,0
4223,1228.7,inh,0
5263,1228.7,inh,0
4363,1229.2,inh,0
5113,1230.7,inh,0
4373,1231.1,inh,0
4973,1236.0,inh,0
4713,1238.6,inh,0
4483,1239.0,inh,0
4413,1239.8,inh,0
5123,1239.8,inh,0
4263,1240.1,inh,0
5113,1240.2,inh,0
4923,1240.4,inh,0
4953,1241.1,inh,0
5003,1241.5,inh,0
4403,1241.7,inh,0
5083,1242.0,inh,0
4223,1242.4,inh,0
4573,1242.5,inh,0
5273,1242.6,inh,0
4883,1244.6,inh,0
4753,1247.1,inh,0
4913,1247.3,inh,0
4253,1248.4,inh,0
4373,1252.8,inh,0
4223,1253.2,inh,0
4163,1253.4,inh,0
4593,1253.4,inh,0
4243,1254.3,inh,0
5143,1256.3,inh,0
4363,1256.4,inh,0
4573,1256.7,inh,0
4693,1257.0,inh,0
4383,1260.0,inh,0
4453,1262.3,inh,0
5253,1262.6,inh,0
5163,1263.4,inh,0
4173,1263.6,inh,0
5113,1263.8,inh,0
5123,1263.8,inh,0
4153,1265.2,inh,0
4223,1265.8,inh,0
4733,1266.4,inh,0
4973,1266.6,inh,0
4603,1267.6,inh,0
4823,1268.6,inh,0
5283,1275.3,inh,0
4163,1276.1,inh,0
5153,1276.8,inh,0
4483,1276.9,inh,0
5233,1277.0,inh,0
4943,1277.1,inh,0
4153,1277.4,inh,0
5273,1277.7,inh,0
4593,1277.8,inh,0
4433,1279.3,inh,0
4753,1283.3,inh,0
4253,1285.4,inh,0
4913,1286.9,inh,0
4323,1287.6,inh,0
4973,1288.1,inh,0
4673,1288.4,inh,0
4393,1289.6,inh,0
5123,1289.6,inh,0
5253,1289.6,inh,0
4163,1289.9,inh,0
4183,1290.3,inh,0
5163,1290.3,inh,0
4223,1290.9,inh,0
4523,1291.3,inh,0
4263,1291.7,inh,0
4713,1291.7,inh,0
4453,1294.3,inh,0
4753,1295.9,inh,0
4603,1296.2,inh,0
4493,1297.7,inh,0
4733,1297.7,inh,0
4623,1297.9,inh,0
4343,1298.6,inh,0
4243,1298.7,inh,0
5273,1299.0,inh,0
4543,1301.4,inh,0
4593,1301.7,inh,0
4223,1301.8,inh,0
4833,1302.1,inh,0
5163,1302.3,inh,0
5113,1306.1,inh,0
4433,1307.3,inh,0
5213,1308.2,inh,0
5263,1310.6,inh,0
5033,1312.0,inh,0
4893,1312.4,inh,0
4823,1312.5,inh,0
5123,1313.0,inh,0
4253,1313.1,inh,0
4593,1313.2,inh,0
4203,1313.6,inh,0
4923,1314.0,inh,0
4223,1315.3,inh,0
4163,1316.5,inh,0
4693,1317.4,inh,0
4973,1320.6,inh,0
4143,1322.7,inh,0
4253,1322.7,inh,0
4443,1322.8,inh,0
4673,1323.4,inh,0
4863,1325.3,inh,0
5133,1325.7,inh,0
4643,1325.9,inh,0
4243,1326.0,inh,0
4223,1326.6,inh,0
5273,1328.6,inh,0
4153,1329.6,inh,0
4603,1334.6,inh,0
4303,1335.1,inh,0
5213,1335.9,inh,0
5283,1335.9,inh,0
4583,1336.2,inh,0
5123,1336.3,inh,0
4913,1337.0,inh,0
4663,1337.2,inh,0
4233,1337.5,inh,0
4673,1337.5,inh,0
4943,1337.5,inh,0
5233,1337.5,inh,0
5253,1337.9,inh,0
5273,1337.9,inh,0
4163,1338.0,inh,0
5003,1338.5,inh,0
4243,1338.8,inh,0
4713,1339.2,inh,0
4393,1341.0,inh,0
4593,1343.9,inh,0
4433,1346.4,inh,0
4833,1347.0,inh,0
4373,1347.6,inh,0
4973,1348.4,inh,0
4863,1348.8,inh,0
4643,1349.3,inh,0
4733,1349.6,inh,0
5163,1350.4,inh,0
4283,1350.6,inh,0
4393,1350.6,inh,0
4693,1351.1,inh,0
4963,1351.4,inh,0
4923,1351.9,inh,0
4223,1353.8,inh,0
4893,1354.0,inh,0
5073,1357.7,inh,0
5273,1357.8,inh,0
4163,1358.3,inh,0
5013,1360.5,inh,0
4753,1361.0,inh,0
4173,1361.6,inh,0
4183,1362.0,inh,0
4973,1362.2,inh,0
4843,1363.7,inh,0
4243,1369.7,inh,0
5153,1370.6,inh,0
4313,1370.8,inh,0
4673,1370.8,inh,0
5233,1371.4,inh,0
4833,1371.5,inh,0
4493,1371.7,inh,0
4543,1371.7,inh,0
4343,1372.2,inh,0
5033,1373.6,inh,0
4993,1373.7,inh,0
4223,1374.0,inh,0
5123,1374.0,inh,0
4663,1374.1,inh,0
4303,1374.2,inh,0
4693,1374.4,inh,0
4353,1376.0,inh,0
5143,1377.1,inh,0
5113,1382.0,inh,0
4163,1382.3,inh,0
4593,1383.6,inh,0
4973,1384.1,inh,0
4993,1384.2,inh,0
4513,1385.2,inh,0
4223,1385.4,inh,0
4623,1386.3,inh,0
5163,1386.3,inh,0
4453,1387.8,inh,0
4253,1388.3,inh,0
4803,1392.3,inh,0
5123,1395.6,inh,0
5273,1396.0,inh,0
4203,1396.5,inh,0
4733,1397.1,inh,0
4153,1397.7,inh,0
4923,1398.6,inh,0
4253,1400.2,inh,0
4223,1401.1,inh,0
5163,1405.2,inh,0
4263,1406.2,inh,0
4973,1406.5,inh,0
4703,1406.6,inh,0
5263,1406.6,inh,0
4163,1406.7,inh,0
4363,1406.9,inh,0
5253,1407.2,inh,0
4383,1407.4,inh,0
4613,1407.4,inh,0
4723,1407.5,inh,0
4843,1408.2,inh,0
5003,1408.2,inh,0
4463,1408.4,inh,0
4963,1416.6,inh,0
4163,1417.7,inh,0
4373,1417.9,inh,0
4893,1418.5,inh,0
4153,1418.7,inh,0
4393,1418.9,inh,0
4693,1419.1,inh,0
4253,1419.9,inh,0
5273,1420.2,inh,0
4593,1421.5,inh,0
4203,1423.4,inh,0
4243,1424.9,inh,0
5283,1425.2,inh,0
4973,1425.6,inh,0
4673,1427.5,inh,0
4223,1429.7,inh,0
5113,1430.1,inh,0
4163,1430.6,inh,0
4923,1431.2,inh,0
4383,1431.4,inh,0
4453,1431.7,inh,0
4183,1432.9,inh,0
4343,1432.9,inh,0
5253,1435.4,inh,0
4623,1435.5,inh,0
4723,1436.3,inh,0
4393,1438.0,inh,0
5123,1438.1,inh,0
4463,1439.0,inh,0
4593,1440.0,inh,0
4973,1440.4,inh,0
4223,1440.8,inh,0
5063,1441.4,inh,0
4153,1441.6,inh,0
5003,1442.9,inh,0
4243,1445.7,inh,0
4483,1446.8,inh,0
4263,1448.2,inh,0
4673,1448.7,inh,0
4543,1449.4,inh,0
4753,1449.7,inh,0
4363,1450.0,inh,0
4913,1450.4,inh,0
4223,1450.8,inh,0
5113,1452.4,inh,0
5273,1453.0,inh,0
5133,1454.9,inh,0
5033,1455.3,inh,0
4303,1455.4,inh,0
4733,1456.8,inh,0
4323,1457.8,inh,0
4453,1462.3,inh,0
4713,1463.1,inh,0
4243,1464.2,inh,0
4613,1464.9,inh,0
4443,1465.6,inh,0
4603,1465.7,inh,0
5253,1466.1,inh,0
4993,1466.3,inh,0
4673,1466.4,inh,0
4753,1467.1,inh,0
5143,1467.4,inh,0
4153,1467.7,inh,0
4723,1470.4,inh,0
4773,1470.5,inh,0
5043,1471.1,inh,0
4223,1471.3,inh,0
4393,1472.8,inh,0
5233,1474.7,inh,0
5113,1475.1,inh,0
5123,1477.5,inh,0
4283,1477.8,inh,0
5183,1478.0,inh,0
4973,1481.4,inh,0
5253,1482.0,inh,0
4543,1485.0,inh,0
4323,1485.1,inh,0
4673,1486.3,inh,0
4913,1486.3,inh,0
4593,1487.2,inh,0
4623,1487.3,inh,0
4893,1487.3,inh,0
4643,1487.4,inh,0
4163,1487.6,inh,0
4933,1488.1,inh,0
4223,1488.6,inh,0
4903,1489.3,inh,0
4253,1490.1,inh,0
5163,1497.2,inh,0
5133,1497.5,inh,0
4383,1497.8,inh,0
4973,1498.0,inh,0
4753,1498.4,inh,0
4393,1498.5,inh,0
4223,1498.8,inh,0
4953,1499.0,inh,0
4543,1499.3,inh,0
4243,1499.7,inh,0
5154,11.3,inh,0
4454,13.7,inh,0
5004,14.5,inh,0
4924,16.3,inh,0
4604,17.3,inh,0
4784,17.6,inh,0
4744,28.1,inh,0
4224,30.2,inh,0
4654,33.0,inh,0
5254,33.1,inh,0
4774,38.0,inh,0
4934,40.9,inh,0
4594,48.9,inh,0
4494,52.2,inh,0
4724,52.6,inh,0
4264,59.8,inh,0
4664,60.5,inh,0
5044,64.7,inh,0
4384,65.3,inh,0
5154,65.3,inh,0
5094,65.5,inh,0
5194,65.5,inh,0
5274,69.8,inh,0
4184,71.9,inh,0
4734,74.2,inh,0
4254,75.9,inh,0
4584,76.4,inh,0
4554,80.6,inh,0
4974,82.3,inh,0
4234,97.5,inh,0
4674,101.7,inh,0
4654,107.3,inh,0
4204,111.4,inh,0
4464,115.4,inh,0
4344,115.7,inh,0
5264,116.2,inh,0
5164,118.5,inh,0
4504,118.8,inh,0
4684,118.9,inh,0
5214,121.6,inh,0
4174,122.1,inh,0
4404,122.4,inh,0
4304,123.9,inh,0
4744,132.0,inh,0
4634,133.7,inh,0
4894,135.0,inh,0
4414,139.9,inh,0
4934,142.1,inh,0
4694,144.1,inh,0
5244,146.2,inh,0
4384,147.1,inh,0
5184,147.3,inh,0
4754,148.5,inh,0
4144,153.1,inh,0
4734,156.8,inh,0
4604,157.0,inh,0
5224,157.0,inh,0
4654,159.1,inh,0
4284,160.2,inh,0
4364,160.9,inh,0
4204,161.3,inh,0
4174,161.8,inh,0
5054,161.9,inh,0
5164,162.1,inh,0
4154,163.7,inh,0
4404,163.9,inh,0
4764,164.0,inh,0
4304,169.6,inh,0
4484,170.1,inh,0
5264,177.7,inh,0
5204,180.0,inh,0
4374,181.3,inh,0
5244,181.6,inh,0
4784,183.9,inh,0
4834,184.8,inh,0
5274,188.2,inh,0
4994,192.7,inh,0
4594,193.3,inh,0
4814,194.4,inh,0
4824,194.6,inh,0
4854,198.1,inh,0
4364,199.5,inh,0
4534,200.7,inh,0
5194,207.2,inh,0
4714,217.5,inh,0
4384,219.4,inh,0
4164,222.3,inh,0
5184,224.0,inh,0
4154,234.0,inh,0
4604,236.8,inh,0
4554,248.8,inh,0
5064,251.6,inh,0
4874,254.2,inh,0
4244,260.8,inh,0
4864,261.8,inh,0
4604,262.4,inh,0
4334,263.5,inh,0
4974,265.1,inh,0
4544,268.3,inh,0
4474,268.4,inh,0
5034,273.2,inh,0
4554,273.6,inh,0
4354,277.4,inh,0
4794,277.4,inh,0
4844,289.0,inh,0
4744,296.9,inh,0
4534,308.0,inh,0
4144,308.6,inh,0
5144,310.1,inh,0
4784,314.6,inh,0
4334,315.9,inh,0
4514,321.4,inh,0
4934,330.3,inh,0
4654,332.1,inh,0
4744,333.4,inh,0
4844,334.3,inh,0
5264,334.4,inh,0
4304,336.1,inh,0
4294,339.0,inh,0
5234,341.1,inh,0
4944,343.1,inh,0
5244,344.1,inh,0
4214,346.3,inh,0
4324,348.1,inh,0
5094,353.8,inh,0
5134,357.5,inh,0
5284,366.4,inh,0
4814,368.4,inh,0
4454,369.3,inh,0
4854,369.3,inh,0
4654,374.5,inh,0
4844,374.7,inh,0
4934,377.2,inh,0
5154,378.9,inh,0
5174,380.0,inh,0
4984,389.9,inh,0
4834,394.0,inh,0
5094,400.3,inh,0
5134,401.6,inh,0
5154,402.1,inh,0
4484,404.8,inh,0
4814,407.0,inh,0
4474,408.7,inh,0
4754,415.2,inh,0
4174,416.1,inh,0
5244,418.0,inh,0
4244,420.4,inh,0
4884,424.0,inh,0
5204,424.3,inh,0
5264,426.5,inh,0
4654,433.3,inh,0
4334,435.0,inh,0
4814,443.2,inh,0
4584,447.2,inh,0
5164,448.2,inh,0
4514,451.6,inh,0
4684,454.1,inh,0
4744,456.1,inh,0
4384,456.3,inh,0
4604,457.3,inh,0
4974,462.0,inh,0
4634,462.1,inh,0
4274,466.7,inh,0
5004,467.2,inh,0
4864,468.1,inh,0
5114,472.3,inh,0
5134,472.8,inh,0
4814,473.7,inh,0
4474,474.9,inh,0
4594,478.0,inh,0
4774,478.2,inh,0
4564,481.1,inh,0
4724,484.3,inh,0
4464,485.5,inh,0
4494,486.3,inh,0
5074,487.2,inh,0
4584,487.7,inh,0
4324,488.9,inh,0
5064,489.1,inh,0
4664,490.3,inh,0
4934,495.0,inh,0
5184,497.5,inh,0
4204,499.8,inh,0
5014,507.4,inh,0
4464,507.7,inh,0
4334,507.9,inh,0
4614,507.9,inh,0
4184,508.0,inh,0
4594,508.0,inh,0
4664,508.1,inh,0
4634,508.2,inh,0
4224,508.3,inh,0
5234,508.3,inh,0
5254,508.3,inh,0
4194,508.4,inh,0
4344,508.4,inh,0
5054,508.4,inh,0
4804,508.5,inh,0
4604,508.7,inh,0
4954,508.7,inh,0
5244,509.3,inh,0
4744,510.0,inh,0
4874,510.4,inh,0
5264,510.8,inh,0
4694,511.0,inh,0
4364,511.5,inh,0
4374,515.6,inh,0
4564,516.9,inh,0
4934,517.8,inh,0
5014,519.0,inh,0
5284,519.0,inh,0
4424,520.9,inh,0
5234,521.0,inh,0
4654,521.4,inh,0
4594,522.4,inh,0
4334,522.5,inh,0
4894,523.0,inh,0
4404,523.6,inh,0
5064,525.1,inh,0
4834,527.2,inh,0
4144,531.0,inh,0
4664,532.6,inh,0
4874,533.1,inh,0
4824,533.2,inh,0
4814,533.6,inh,0
4254,533.7,inh,0
5274,533.7,inh,0
4374,534.0,inh,0
4674,534.0,inh,0
5014,534.7,inh,0
4584,534.8,inh,0
4934,534.8,inh,0
5164,535.2,inh,0
5034,535.3,inh,0
4264,535.6,inh,0
4864,536.3,inh,0
4634,536.7,inh,0
5244,546.1,inh,0
4574,546.3,inh,0
4804,546.5,inh,0
4744,547.7,inh,0
4874,547.7,inh,0
4734,547.9,inh,0
4474,548.0,inh,0
4484,548.4,inh,0
5134,548.6,inh,0
4684,550.2,inh,0
4384,550.3,inh,0
5094,550.5,inh,0
4934,550.6,inh,0
5194,550.9,inh,0
4564,552.5,inh,0
4984,561.6,inh,0
4654,561.7,inh,0
4224,562.1,inh,0
4504,562.3,inh,0
5064,562.7,inh,0
4204,563.2,inh,0
5014,563.2,inh,0
4564,563.3,inh,0
4374,564.4,inh,0
4704,566.1,inh,0
4584,570.6,inh,0
4814,571.6,inh,0
4474,572.0,inh,0
4464,572.8,inh,0
4834,573.1,inh,0
5244,573.1,inh,0
5274,573.5,inh,0
4604,573.6,inh,0
4784,574.5,inh,0
4494,574.9,inh,0
5014,575.5,inh,0
4744,575.6,inh,0
4634,576.1,inh,0
5124,581.0,inh,0
4994,581.1,inh,0
4294,584.0,inh,0
4224,586.0,inh,0
4654,586.4,inh,0
4574,587.1,inh,0
4604,587.1,inh,0
5194,587.2,inh,0
4744,587.3,inh,0
5274,587.7,inh,0
4584,588.5,inh,0
4514,588.6,inh,0
5244,594.8,inh,0
4874,597.5,inh,0
4364,597.8,inh,0
4374,598.2,inh,0
4384,598.7,inh,0
4474,598.7,inh,0
4454,599.0,inh,0
4994,599.2,inh,0
4784,599.3,inh,0
4164,599.7,inh,0
4204,599.8,inh,0
4564,600.1,inh,0
4744,600.2,inh,0
4584,600.3,inh,0
4814,600.3,inh,0
5014,600.9,inh,0
4604,601.9,inh,0
4694,602.2,inh,0
5104,603.9,inh,0
4934,607.7,inh,0
4244,608.6,inh,0
4594,608.8,inh,0
4744,610.2,inh,0
4634,610.7,inh,0
4644,611.0,inh,0
4344,611.1,inh,0
5204,612.1,inh,0
5274,613.1,inh,0
5244,613.2,inh,0
4154,616.6,inh,0
4574,619.3,inh,0
4254,619.4,inh,0
4144,623.5,inh,0
4364,624.2,inh,0
4834,624.3,inh,0
4554,624.8,inh,0
4504,626.0,inh,0
4654,626.1,inh,0
4924,626.1,inh,0
5164,626.4,inh,0
4914,627.9,inh,0
4634,631.1,inh,0
4334,633.2,inh,0
4444,635.9,inh,0
4484,635.9,inh,0
4234,636.2,inh,0
5244,636.2,inh,0
4744,636.4,inh,0
4434,637.1,inh,0
4144,637.4,inh,0
4214,637.4,inh,0
4714,637.4,inh,0
5024,637.7,inh,0
4604,637.9,inh,0
4874,638.4,inh,0
4654,638.9,inh,0
5234,644.9,inh,0
5284,646.8,inh,0
5244,648.3,inh,0
4724,648.8,inh,0
4824,648.8,inh,0
4844,649.4,inh,0
4744,649.5,inh,0
4564,649.6,inh,0
4414,649.8,inh,0
5014,650.0,inh,0
5134,650.5,inh,0
4934,650.6,inh,0
4814,651.6,inh,0
4754,652.0,inh,0
4444,654.3,inh,0
4474,655.3,inh,0
4604,660.0,inh,0
4654,661.5,inh,0
4734,661.5,inh,0
4204,661.8,inh,0
4874,662.6,inh,0
5014,663.0,inh,0
4264,663.1,inh,0
4154,663.3,inh,0
4324,663.9,inh,0
4864,664.3,inh,0
4444,664.8,inh,0
4934,667.9,inh,0
5134,669.4,inh,0
5124,670.9,inh,0
4604,671.9,inh,0
4384,672.5,inh,0
4594,672.5,inh,0
5274,673.2,inh,0
4694,673.4,inh,0
4924,673.4,inh,0
5064,674.5,inh,0
4654,678.6,inh,0
4344,680.4,inh,0
4334,681.5,inh,0
5204,683.0,inh,0
4504,683.8,inh,0
4804,683.8,inh,0
5264,684.1,inh,0
4144,684.2,inh,0
4584,684.5,inh,0
4834,684.5,inh,0
4484,684.6,inh,0
4154,686.5,inh,0
4404,686.5,inh,0
4514,686.5,inh,0
4454,686.6,inh,0
4634,686.6,inh,0
5024,686.6,inh,0
5084,687.0,inh,0
4364,692.9,inh,0
4604,696.9,inh,0
4994,697.6,inh,0
4654,697.8,inh,0
4684,697.8,inh,0
4204,698.9,inh,0
4844,699.8,inh,0
5014,702.9,inh,0
4984,707.1,inh,0
4934,707.4,inh,0
4464,707.7,inh,0
5164,707.9,inh,0
4784,708.4,inh,0
4874,708.4,inh,0
4584,708.5,inh,0
4484,709.5,inh,0
4744,710.4,inh,0
5284,711.3,inh,0
4654,712.2,inh,0
5194,716.0,inh,0
4574,717.2,inh,0
4504,717.6,inh,0
4834,719.9,inh,0
4484,721.2,inh,0
4884,721.5,inh,0
4604,721.7,inh,0
5014,722.1,inh,0
4724,722.7,inh,0
4634,722.8,inh,0
4334,723.4,inh,0
5254,724.0,inh,0
4674,724.4,inh,0
4744,724.7,inh,0
4374,725.2,inh,0
4654,733.1,inh,0
4474,733.6,inh,0
4404,734.1,inh,0
4384,734.7,inh,0
4484,734.8,inh,0
4574,735.9,inh,0
5084,735.9,inh,0
4584,736.1,inh,0
4464,736.2,inh,0
4604,736.3,inh,0
4914,736.7,inh,0
4144,736.8,inh,0
5264,736.8,inh,0
5104,743.8,inh,0
4814,747.1,inh,0
4874,747.1,inh,0
5064,747.6,inh,0
4744,748.4,inh,0
4904,749.1,inh,0
4774,749.6,inh,0
4204,755.4,inh,0
4934,756.5,inh,0
5244,758.7,inh,0
4334,759.4,inh,0
4584,759.4,inh,0
4604,759.6,inh,0
4654,759.7,inh,0
4704,759.7,inh,0
4364,760.0,inh,0
4594,760.2,inh,0
4734,760.2,inh,0
5164,760.6,inh,0
4574,761.0,inh,0
4744,761.0,inh,0
4724,761.5,inh,0
5014,761.6,inh,0
4844,764.6,inh,0
4634,766.2,inh,0
4834,769.2,inh,0
4534,769.9,inh,0
4874,771.9,inh,0
5064,772.0,inh,0
4734,772.5,inh,0
4464,773.2,inh,0
4744,773.6,inh,0
4384,773.7,inh,0
5244,773.8,inh,0
4504,773.9,inh,0
5284,774.1,inh,0
4864,774.6,inh,0
4484,775.0,inh,0
5014,783.6,inh,0
4494,783.7,inh,0
4374,784.8,inh,0
4654,785.2,inh,0
5274,785.7,inh,0
5264,785.9,inh,0
4454,786.3,inh,0
4584,786.3,inh,0
4874,793.0,inh,0
5064,794.1,inh,0
5034,794.9,inh,0
4204,795.5,inh,0
4804,795.9,inh,0
4604,796.7,inh,0
4364,796.9,inh,0
4674,797.1,inh,0
4634,797.3,inh,0
4834,797.3,inh,0
4934,797.3,inh,0
5014,797.6,inh,0
5074,797.7,inh,0
4334,798.2,inh,0
4984,798.2,inh,0
4374,800.0,inh,0
4744,800.0,inh,0
4164,805.3,inh,0
5284,807.2,inh,0
5264,808.4,inh,0
4604,808.9,inh,0
4574,809.3,inh,0
5244,810.3,inh,0
5104,811.3,inh,0
4844,811.7,inh,0
5234,811.7,inh,0
5124,811.8,inh,0
4204,812.4,inh,0
4804,812.4,inh,0
4904,813.7,inh,0
4934,819.8,inh,0
4604,820.7,inh,0
5064,821.2,inh,0
5274,821.3,inh,0
4654,821.7,inh,0
5034,821.7,inh,0
5014,821.9,inh,0
4844,822.0,inh,0
4264,822.5,inh,0
4444,822.8,inh,0
4694,823.0,inh,0
5084,823.2,inh,0
5264,830.1,inh,0
4324,832.4,inh,0
4584,832.5,inh,0
5014,833.7,inh,0
5064,833.9,inh,0
4574,834.0,inh,0
4734,834.1,inh,0
4164,834.3,inh,0
4804,834.8,inh,0
4814,835.6,inh,0
4514,835.8,inh,0
4374,835.9,inh,0
4214,836.3,inh,0
4604,837.0,inh,0
4474,843.2,inh,0
4934,843.5,inh,0
4984,845.1,inh,0
5284,845.3,inh,0
4504,845.5,inh,0
4334,845.8,inh,0
4834,845.9,inh,0
4914,847.3,inh,0
4604,848.0,inh,0
4644,848.2,inh,0
5164,848.3,inh,0
4874,848.4,inh,0
4624,848.8,inh,0
5024,849.3,inh,0
5014,851.1,inh,0
5274,853.0,inh,0
5244,857.4,inh,0
5034,858.3,inh,0
4364,858.5,inh,0
4734,859.1,inh,0
4934,859.3,inh,0
4824,859.5,inh,0
4204,859.6,inh,0
4584,859.7,inh,0
4604,861.3,inh,0
5064,866.2,inh,0
4564,869.1,inh,0
4574,869.3,inh,0
4694,869.4,inh,0
4754,869.9,inh,0
4904,870.4,inh,0
4384,871.0,inh,0
4784,872.6,inh,0
4604,876.2,inh,0
5264,879.0,inh,0
4874,880.5,inh,0
5214,881.8,inh,0
4934,882.0,inh,0
5274,882.3,inh,0
4384,882.5,inh,0
4734,882.7,inh,0
4814,883.0,inh,0
5024,883.0,inh,0
4654,883.1,inh,0
5124,883.1,inh,0
4314,883.3,inh,0
4744,884.0,inh,0
4504,885.2,inh,0
5244,891.8,inh,0
4654,892.9,inh,0
4334,894.7,inh,0
4584,894.8,inh,0
4744,894.8,inh,0
4934,895.0,inh,0
4164,895.5,inh,0
4194,896.2,inh,0
4224,896.4,inh,0
4564,896.4,inh,0
4844,896.6,inh,0
4154,896.8,inh,0
4684,896.9,inh,0
4574,897.0,inh,0
4994,897.1,inh,0
4484,897.4,inh,0
5064,898.2,inh,0
4614,898.4,inh,0
4714,898.6,inh,0
4834,898.6,inh,0
5264,907.8,inh,0
5014,908.9,inh,0
5134,910.0,inh,0
4334,910.1,inh,0
4954,910.5,inh,0
4304,912.8,inh,0
4654,914.7,inh,0
5244,916.0,inh,0
4674,917.8,inh,0
5104,918.1,inh,0
4604,918.5,inh,0
4834,919.5,inh,0
4574,920.2,inh,0
5214,920.7,inh,0
4384,922.2,inh,0
5114,922.3,inh,0
4784,924.2,inh,0
5164,928.8,inh,0
4874,931.6,inh,0
4984,932.0,inh,0
5124,933.4,inh,0
5064,934.4,inh,0
5234,935.0,inh,0
5284,935.2,inh,0
4654,935.6,inh,0
4334,940.4,inh,0
5274,942.6,inh,0
4674,942.8,inh,0
4604,943.1,inh,0
4144,943.2,inh,0
4924,943.7,inh,0
5244,943.9,inh,0
4874,944.0,inh,0
4804,944.7,inh,0
5034,944.7,inh,0
4844,944.9,inh,0
4934,945.1,inh,0
5214,946.0,inh,0
5024,946.4,inh,0
4334,949.0,inh,0
4654,952.6,inh,0
4604,955.2,inh,0
5014,955.5,inh,0
5104,955.7,inh,0
5064,957.0,inh,0
4754,958.0,inh,0
5244,958.1,inh,0
4774,958.8,inh,0
4734,959.1,inh,0
4854,961.5,inh,0
4604,962.8,inh,0
5274,967.3,inh,0
4574,967.4,inh,0
4784,967.5,inh,0
4894,968.2,inh,0
4514,968.4,inh,0
4474,968.6,inh,0
4584,969.8,inh,0
5264,971.9,inh,0
5034,972.0,inh,0
4664,977.5,inh,0
4464,979.1,inh,0
4874,980.4,inh,0
4934,980.8,inh,0
5244,980.8,inh,0
5064,983.1,inh,0
4604,983.2,inh,0
4444,983.6,inh,0
4814,983.6,inh,0
4534,983.8,inh,0
4654,989.7,inh,0
5274,992.1,inh,0
4624,993.3,inh,0
5244,993.3,inh,0
4744,993.8,inh,0
4594,993.9,inh,0
5284,994.1,inh,0
4934,994.2,inh,0
4364,994.3,inh,0
4834,994.5,inh,0
4864,994.6,inh,0
4334,995.1,inh,0
4224,995.2,inh,0
4564,995.2,inh,0
4484,996.4,inh,0
4204,997.2,inh,0
4904,998.6,inh,0
4634,1002.7,inh,0
5164,1005.0,inh,0
4504,1005.8,inh,0
4774,1006.3,inh,0
5214,1006.6,inh,0
4384,1007.2,inh,0
4324,1007.3,inh,0
4934,1007.4,inh,0
5174,1007.7,inh,0
5284,1007.8,inh,0
4294,1008.3,inh,0
4604,1008.8,inh,0
5244,1010.0,inh,0
4654,1012.6,inh,0
4824,1012.6,inh,0
4144,1019.4,inh,0
5014,1019.4,inh,0
5104,1019.4,inh,0
4744,1019.9,inh,0
4584,1020.0,inh,0
5204,1020.0,inh,0
4364,1020.2,inh,0
4204,1020.5,inh,0
5124,1020.7,inh,0
4174,1020.9,inh,0
4224,1023.0,inh,0
4654,1023.9,inh,0
4834,1023.9,inh,0
4734,1024.8,inh,0
4874,1031.1,inh,0
4994,1032.3,inh,0
4564,1034.2,inh,0
4724,1034.5,inh,0
4654,1044.1,inh,0
4604,1044.6,inh,0
5264,1044.9,inh,0
5164,1052.4,inh,0
4694,1054.1,inh,0
5284,1055.5,inh,0
4264,1056.5,inh,0
4384,1056.7,inh,0
5104,1057.5,inh,0
5244,1060.1,inh,0
4734,1060.6,inh,0
4334,1061.5,inh,0
4654,1062.7,inh,0
4634,1068.8,inh,0
4434,1069.5,inh,0
4874,1069.7,inh,0
4474,1070.0,inh,0
5124,1070.0,inh,0
4674,1070.1,inh,0
4834,1070.2,inh,0
5034,1070.3,inh,0
5094,1070.4,inh,0
4604,1071.9,inh,0
4654,1075.4,inh,0
4164,1076.3,inh,0
4224,1080.1,inh,0
5164,1080.8,inh,0
4564,1081.7,inh,0
4714,1081.7,inh,0
5124,1083.2,inh,0
4584,1084.8,inh,0
5014,1085.2,inh,0
5104,1086.5,inh,0
4204,1090.5,inh,0
4604,1091.5,inh,0
4324,1092.1,inh,0
4594,1092.6,inh,0
4654,1092.6,inh,0
4214,1092.7,inh,0
4934,1093.0,inh,0
4984,1093.6,inh,0
4464,1093.7,inh,0
5244,1097.2,inh,0
4434,1103.9,inh,0
4874,1104.6,inh,0
4744,1104.7,inh,0
4224,1105.4,inh,0
4384,1105.5,inh,0
5274,1108.2,inh,0
4654,1108.8,inh,0
5014,1111.8,inh,0
4194,1116.5,inh,0
4844,1116.8,inh,0
5234,1117.0,inh,0
5244,1117.0,inh,0
4594,1117.2,inh,0
4474,1124.8,inh,0
4874,1124.9,inh,0
4604,1127.9,inh,0
4584,1128.7,inh,0
5244,1129.1,inh,0
4654,1129.4,inh,0
4164,1131.0,inh,0
5124,1131.1,inh,0
5264,1131.2,inh,0
5214,1131.6,inh,0
4744,1134.3,inh,0
4334,1136.8,inh,0
4514,1139.3,inh,0
5204,1139.5,inh,0
4874,1139.7,inh,0
4664,1140.2,inh,0
4444,1141.2,inh,0
4934,1141.9,inh,0
4634,1147.4,inh,0
4504,1148.3,inh,0
4584,1148.9,inh,0
4834,1151.0,inh,0
4364,1151.6,inh,0
4724,1155.2,inh,0
5254,1155.3,inh,0
4934,1155.8,inh,0
4804,1156.2,inh,0
4574,1156.8,inh,0
4844,1158.5,inh,0
4474,1158.6,inh,0
5014,1159.9,inh,0
4654,1160.3,inh,0
4634,1160.5,inh,0
4534,1161.8,inh,0
4334,1163.6,inh,0
5124,1167.0,inh,0
4774,1167.7,inh,0
5214,1168.5,inh,0
5164,1169.6,inh,0
4904,1170.0,inh,0
5264,1170.4,inh,0
4604,1170.8,inh,0
4674,1179.2,inh,0
4744,1179.8,inh,0
4934,1180.5,inh,0
4654,1180.7,inh,0
4584,1180.8,inh,0
4334,1181.4,inh,0
5014,1181.5,inh,0
5244,1182.1,inh,0
5134,1185.2,inh,0
5124,1190.1,inh,0
4464,1190.9,inh,0
4734,1190.9,inh,0
4814,1191.5,inh,0
4694,1194.9,inh,0
5054,1195.2,inh,0
4934,1195.6,inh,0
4654,1199.9,inh,0
5014,1202.9,inh,0
4174,1204.3,inh,0
4474,1205.1,inh,0
4634,1205.5,inh,0
4694,1206.0,inh,0
4144,1206.5,inh,0
4654,1213.7,inh,0
4724,1213.9,inh,0
5274,1215.7,inh,0
4734,1216.5,inh,0
4834,1216.5,inh,0
5164,1216.6,inh,0
4874,1217.0,inh,0
4364,1217.1,inh,0
4984,1219.8,inh,0
4444,1220.2,inh,0
4604,1220.2,inh,0
4844,1223.9,inh,0
4934,1225.7,inh,0
5024,1227.8,inh,0
4634,1228.4,inh,0
4204,1228.5,inh,0
4584,1228.5,inh,0
4804,1228.6,inh,0
4914,1228.6,inh,0
5014,1228.9,inh,0
4644,1229.8,inh,0
4334,1230.7,inh,0
4164,1231.4,inh,0
4214,1231.5,inh,0
4744,1231.8,inh,0
4204,1240.1,inh,0
4604,1240.1,inh,0
4834,1240.2,inh,0
4874,1240.9,inh,0
4684,1241.0,inh,0
5094,1241.5,inh,0
4804,1242.2,inh,0
4814,1242.4,inh,0
4484,1244.7,inh,0
4674,1247.2,inh,0
4584,1247.6,inh,0
4744,1248.4,inh,0
5164,1248.7,inh,0
5064,1250.6,inh,0
4934,1251.4,inh,0
4524,1253.7,inh,0
4584,1256.0,inh,0
5014,1256.0,inh,0
4724,1262.1,inh,0
5254,1265.2,inh,0
4604,1265.3,inh,0
4264,1265.4,inh,0
4594,1265.6,inh,0
4364,1265.9,inh,0
4504,1265.9,inh,0
5214,1266.3,inh,0
4734,1266.6,inh,0
5264,1266.7,inh,0
4574,1268.2,inh,0
4644,1268.5,inh,0
4144,1268.8,inh,0
5134,1274.9,inh,0
4874,1276.0,inh,0
4744,1276.2,inh,0
4334,1278.3,inh,0
4754,1278.7,inh,0
4324,1280.2,inh,0
4594,1280.5,inh,0
5244,1281.0,inh,0
4604,1281.6,inh,0
4384,1288.1,inh,0
4504,1288.8,inh,0
5264,1288.9,inh,0
4874,1289.9,inh,0
4784,1291.3,inh,0
4534,1292.2,inh,0
4374,1293.3,inh,0
4654,1295.1,inh,0
5014,1295.3,inh,0
4604,1298.2,inh,0
4454,1299.2,inh,0
5274,1301.0,inh,0
4594,1301.3,inh,0
4674,1304.2,inh,0
4584,1309.6,inh,0
4654,1309.9,inh,0
5124,1310.9,inh,0
4724,1311.5,inh,0
4204,1311.7,inh,0
5114,1311.9,inh,0
4264,1312.7,inh,0
4354,1312.8,inh,0
4764,1313.0,inh,0
4504,1313.3,inh,0
4874,1314.0,inh,0
4444,1314.7,inh,0
4834,1314.7,inh,0
5014,1315.0,inh,0
4334,1321.7,inh,0
4864,1322.7,inh,0
4604,1323.4,inh,0
5164,1323.5,inh,0
4814,1323.8,inh,0
5104,1325.2,inh,0
5034,1325.3,inh,0
5154,1326.8,inh,0
5274,1331.7,inh,0
5204,1333.6,inh,0
5244,1335.4,inh,0
4324,1335.9,inh,0
5214,1336.2,inh,0
4484,1336.5,inh,0
4844,1336.5,inh,0
4384,1337.1,inh,0
4254,1337.2,inh,0
4584,1337.7,inh,0
4574,1338.7,inh,0
4594,1340.3,inh,0
5254,1340.3,inh,0
4474,1341.3,inh,0
5064,1343.0,inh,0
4934,1346.0,inh,0
4374,1346.2,inh,0
4164,1348.5,inh,0
4944,1349.3,inh,0
4604,1349.6,inh,0
4654,1351.1,inh,0
5264,1351.4,inh,0
5274,1351.5,inh,0
5244,1354.5,inh,0
4834,1358.0,inh,0
4874,1358.1,inh,0
4274,1358.2,inh,0
5014,1358.2,inh,0
4574,1358.4,inh,0
4994,1359.9,inh,0
4654,1360.4,inh,0
4384,1360.6,inh,0
4334,1360.9,inh,0
4494,1360.9,inh,0
5124,1361.3,inh,0
4684,1362.0,inh,0
5214,1363.1,inh,0
4934,1369.5,inh,0
4724,1370.9,inh,0
5164,1371.1,inh,0
4844,1371.5,inh,0
4584,1372.8,inh,0
4834,1373.6,inh,0
5104,1373.6,inh,0
4984,1373.8,inh,0
4874,1374.3,inh,0
4604,1374.4,inh,0
4904,1376.7,inh,0
5014,1380.0,inh,0
4334,1380.8,inh,0
4684,1382.5,inh,0
4634,1383.1,inh,0
4204,1383.2,inh,0
4604,1384.0,inh,0
4354,1384.4,inh,0
5274,1384.6,inh,0
5194,1384.7,inh,0
4484,1384.9,inh,0
5284,1385.1,inh,0
5134,1386.0,inh,0
4744,1386.8,inh,0
4674,1395.3,inh,0
4594,1396.0,inh,0
4144,1396.6,inh,0
4564,1397.4,inh,0
5254,1397.4,inh,0
5244,1397.5,inh,0
4834,1397.6,inh,0
4654,1398.7,inh,0
4384,1400.3,inh,0
4874,1403.1,inh,0
4844,1404.4,inh,0
4334,1404.6,inh,0
4934,1405.1,inh,0
4464,1405.3,inh,0
4914,1406.9,inh,0
5014,1407.3,inh,0
4264,1407.4,inh,0
4324,1407.4,inh,0
4154,1407.8,inh,0
4204,1407.9,inh,0
4984,1407.9,inh,0
4424,1408.1,inh,0
4604,1414.9,inh,0
4724,1417.5,inh,0
5264,1417.9,inh,0
4824,1418.1,inh,0
4804,1418.2,inh,0
4934,1418.7,inh,0
4454,1418.8,inh,0
4634,1419.1,inh,0
4294,1419.2,inh,0
4594,1419.4,inh,0
5214,1421.4,inh,0
5284,1422.4,inh,0
4574,1423.6,inh,0
4654,1427.2,inh,0
5014,1427.2,inh,0
4814,1430.5,inh,0
4204,1431.0,inh,0
4734,1431.8,inh,0
4654,1433.5,inh,0
4744,1434.5,inh,0
5284,1436.2,inh,0
5244,1439.0,inh,0
4674,1440.2,inh,0
4334,1441.7,inh,0
5104,1441.7,inh,0
4654,1441.8,inh,0
4524,1444.2,inh,0
4604,1444.4,inh,0
5124,1444.8,inh,0
4584,1447.8,inh,0
4834,1450.4,inh,0
4844,1451.4,inh,0
4934,1451.9,inh,0
5014,1453.5,inh,0
4634,1454.3,inh,0
4504,1454.6,inh,0
4984,1456.0,inh,0
5244,1458.0,inh,0
4654,1463.0,inh,0
4744,1463.3,inh,0
4364,1463.6,inh,0
4454,1463.8,inh,0
4384,1464.0,inh,0
4204,1464.1,inh,0
4944,1464.5,inh,0
4604,1464.9,inh,0
4734,1465.0,inh,0
4684,1466.4,inh,0
4584,1470.1,inh,0
4174,1472.6,inh,0
5174,1473.2,inh,0
5034,1475.1,inh,0
4844,1475.2,inh,0
4874,1475.2,inh,0
4324,1476.2,inh,0
4804,1477.5,inh,0
5284,1477.5,inh,0
4164,1477.7,inh,0
5024,1477.8,inh,0
4744,1478.5,inh,0
4464,1479.9,inh,0
5274,1480.9,inh,0
5134,1483.1,inh,0
4584,1485.7,inh,0
5184,1486.1,inh,0
4604,1486.9,inh,0
5214,1487.0,inh,0
4594,1487.3,inh,0
4214,1487.8,inh,0
4784,1487.8,inh,0
4984,1488.0,inh,0
4654,1488.4,inh,0
4744,1490.0,inh,0
5014,1490.3,inh,0
4144,1490.5,inh,0
4574,1494.3,inh,0
4664,1494.5,inh,0
5204,1496.8,inh,0
5034,1497.2,inh,0
4934,1497.6,inh,0
4604,1499.8,inh,0
5125,14.6,inh,0
4465,16.4,inh,0
5225,17.1,inh,0
4955,27.5,inh,0
4945,29.9,inh,0
5265,32.2,inh,0
4525,33.8,inh,0
5255,33.8,inh,0
4905,37.8,inh,0
4505,43.5,inh,0
4345,45.2,inh,0
5025,45.6,inh,0
5115,47.8,inh,0
4485,51.2,inh,0
4195,51.6,inh,0
4735,51.8,inh,0
5065,63.9,inh,0
5275,64.9,inh,0
4935,65.6,inh,0
4515,66.8,inh,0
4835,76.6,inh,0
5285,78.8,inh,0
4455,79.3,inh,0
4705,81.2,inh,0
4445,81.9,inh,0
4645,90.1,inh,0
4925,91.7,inh,0
4225,95.6,inh,0
5095,96.7,inh,0
4765,96.9,inh,0
5235,101.8,inh,0
4715,102.7,inh,0
5115,106.7,inh,0
4965,108.2,inh,0
4735,126.9,inh,0
4295,130.4,inh,0
4595,130.6,inh,0
4485,132.2,inh,0
4365,136.5,inh,0
4605,136.5,inh,0
4855,139.4,inh,0
4895,142.8,inh,0
5195,143.1,inh,0
4525,150.3,inh,0
4165,151.6,inh,0
4785,158.3,inh,0
4755,158.4,inh,0
4815,159.5,inh,0
4345,160.9,inh,0
4425,162.9,inh,0
5065,164.0,inh,0
4605,174.0,inh,0
4645,178.8,inh,0
5295,180.4,inh,0
4555,181.8,inh,0
4255,185.0,inh,0
4455,187.3,inh,0
4515,188.2,inh,0
4575,190.3,inh,0
5085,201.8,inh,0
4935,205.2,inh,0
4605,206.7,inh,0
4585,217.6,inh,0
4455,218.7,inh,0
4375,222.0,inh,0
4515,223.1,inh,0
4815,223.5,inh,0
4945,223.8,inh,0
5235,224.2,inh,0
4915,224.5,inh,0
4345,226.2,inh,0
4855,231.6,inh,0
5285,235.7,inh,0
4145,237.8,inh,0
4775,238.2,inh,0
4765,238.3,inh,0
4655,243.9,inh,0
4685,245.6,inh,0
4925,250.7,inh,0
4965,256.3,inh,0
4785,263.3,inh,0
4905,266.8,inh,0
4505,267.9,inh,0
4535,268.3,inh,0
4335,268.9,inh,0
4585,277.6,inh,0
5195,279.3,inh,0
5115,287.1,inh,0
4805,288.8,inh,0
4435,296.8,inh,0
4855,301.0,inh,0
4405,301.1,inh,0
4955,310.4,inh,0
4455,312.0,inh,0
4815,317.1,inh,0
4415,318.0,inh,0
5045,319.7,inh,0
4325,321.1,inh,0
5215,321.4,inh,0
4375,325.8,inh,0
5205,327.5,inh,0
5285,328.0,inh,0
4905,338.8,inh,0
5065,339.7,inh,0
5085,339.9,inh,0
4455,341.7,inh,0
4765,343.7,inh,0
4615,346.7,inh,0
4235,347.9,inh,0
4445,352.9,inh,0
4525,353.6,inh,0
5195,355.2,inh,0
4685,355.5,inh,0
5005,358.3,inh,0
4955,361.1,inh,0
5055,362.1,inh,0
4855,365.0,inh,0
4905,369.7,inh,0
4415,371.4,inh,0
4735,371.4,inh,0
4605,382.6,inh,0
5055,382.9,inh,0
4325,401.0,inh,0
4725,402.0,inh,0
4155,403.6,inh,0
4685,404.1,inh,0
5085,405.1,inh,0
4565,405.3,inh,0
4705,408.3,inh,0
5195,413.7,inh,0
4655,415.8,inh,0
4315,416.5,inh,0
4765,417.6,inh,0
5055,418.2,inh,0
4715,418.3,inh,0
5125,421.7,inh,0
4175,423.4,inh,0
5255,427.9,inh,0
5065,431.8,inh,0
4345,432.9,inh,0
4165,434.2,inh,0
4735,434.3,inh,0
5225,434.9,inh,0
4385,435.0,inh,0
4855,437.3,inh,0
4725,447.0,inh,0
4935,452.9,inh,0
5055,456.6,inh,0
4605,458.6,inh,0
4755,461.5,inh,0
4325,462.4,inh,0
5065,467.0,inh,0
4775,470.3,inh,0
4345,473.0,inh,0
5115,473.0,inh,0
4525,473.9,inh,0
4395,474.7,inh,0
4655,477.9,inh,0
4455,487.9,inh,0
5215,490.7,inh,0
4215,498.1,inh,0
4495,498.4,inh,0
4615,505.1,inh,0
5065,505.6,inh,0
4415,506.2,inh,0
4735,507.0,inh,0
5105,507.6,inh,0
5265,507.6,inh,0
4585,507.7,inh,0
4605,507.9,inh,0
4235,508.0,inh,0
4365,508.1,inh,0
4905,508.1,inh,0
5135,508.1,inh,0
4955,508.2,inh,0
4145,508.3,inh,0
4395,508.3,inh,0
4295,508.5,inh,0
4305,508.5,inh,0
4625,508.5,inh,0
4975,508.5,inh,0
4255,508.6,inh,0
4485,508.6,inh,0
4655,508.6,inh,0
4715,509.5,inh,0
4645,510.5,inh,0
5115,510.5,inh,0
5275,510.8,inh,0
5235,511.0,inh,0
4995,512.2,inh,0
5085,513.9,inh,0
4675,514.5,inh,0
4305,519.1,inh,0
4925,519.2,inh,0
4785,521.3,inh,0
4165,521.4,inh,0
5095,521.5,inh,0
4585,522.0,inh,0
5285,522.2,inh,0
4275,522.3,inh,0
4515,522.4,inh,0
4645,522.5,inh,0
5255,524.2,inh,0
4715,524.6,inh,0
4495,524.7,inh,0
5265,524.8,inh,0
5225,525.2,inh,0
5195,525.7,inh,0
4315,525.8,inh,0
4655,529.9,inh,0
4485,533.0,inh,0
4505,533.0,inh,0
4805,533.2,inh,0
4195,533.7,inh,0
4555,533.9,inh,0
4735,533.9,inh,0
4605,534.0,inh,0
5245,534.0,inh,0
4455,534.1,inh,0
5065,534.2,inh,0
4435,534.4,inh,0
4155,534.5,inh,0
4525,534.8,inh,0
4295,535.0,inh,0
4665,535.0,inh,0
4615,535.1,inh,0
5085,535.3,inh,0
5115,540.7,inh,0
4205,543.7,inh,0
5155,545.3,inh,0
5235,545.4,inh,0
4145,547.2,inh,0
4685,548.1,inh,0
4435,548.3,inh,0
4615,548.4,inh,0
4755,548.4,inh,0
4905,548.4,inh,0
5005,548.4,inh,0
4165,548.5,inh,0
4735,548.5,inh,0
5195,548.6,inh,0
4385,549.4,inh,0
4485,549.6,inh,0
4295,549.8,inh,0
4605,549.8,inh,0
5205,549.9,inh,0
4695,550.1,inh,0
4655,550.5,inh,0
4405,553.6,inh,0
4685,561.0,inh,0
5205,562.7,inh,0
4205,563.0,inh,0
5225,563.4,inh,0
4215,565.2,inh,0
5085,565.5,inh,0
4555,569.4,inh,0
5055,571.9,inh,0
4855,572.6,inh,0
5115,573.1,inh,0
4335,573.3,inh,0
4145,573.4,inh,0
4495,573.7,inh,0
4785,573.9,inh,0
4315,574.3,inh,0
4815,574.4,inh,0
5265,574.5,inh,0
4715,576.5,inh,0
5045,576.9,inh,0
4525,577.0,inh,0
4905,578.2,inh,0
5005,583.3,inh,0
4725,583.4,inh,0
4295,585.6,inh,0
5235,586.0,inh,0
5015,586.5,inh,0
4675,587.1,inh,0
4905,587.4,inh,0
5065,587.4,inh,0
4985,588.3,inh,0
4465,588.6,inh,0
4345,589.0,inh,0
4605,596.2,inh,0
5115,597.1,inh,0
5285,597.5,inh,0
4215,597.8,inh,0
5145,598.0,inh,0
4815,598.6,inh,0
5245,599.0,inh,0
4315,599.2,inh,0
4425,599.3,inh,0
4615,599.4,inh,0
4735,599.5,inh,0
4175,599.6,inh,0
4505,599.7,inh,0
4785,599.9,inh,0
4935,600.0,inh,0
4995,600.0,inh,0
4885,600.1,inh,0
4855,600.3,inh,0
4295,600.9,inh,0
4905,601.8,inh,0
4515,604.9,inh,0
5215,606.2,inh,0
5115,607.6,inh,0
5055,609.8,inh,0
4505,612.7,inh,0
4955,612.9,inh,0
5065,614.1,inh,0
4605,614.3,inh,0
4215,614.4,inh,0
4275,614.4,inh,0
4375,614.6,inh,0
4335,614.9,inh,0
4345,615.2,inh,0
4585,615.3,inh,0
4785,617.2,inh,0
4625,620.7,inh,0
4315,623.4,inh,0
4295,624.8,inh,0
4535,625.2,inh,0
4905,625.2,inh,0
5115,625.9,inh,0
4495,626.8,inh,0
4595,629.5,inh,0
4735,632.3,inh,0
4725,633.3,inh,0
4485,634.4,inh,0
4985,635.1,inh,0
4235,635.4,inh,0
4255,636.6,inh,0
4815,636.6,inh,0
5225,636.7,inh,0
4995,636.9,inh,0
4515,637.1,inh,0
4415,638.4,inh,0
4795,638.6,inh,0
4525,639.2,inh,0
4695,647.5,inh,0
4335,649.0,inh,0
4255,649.2,inh,0
4785,649.3,inh,0
4925,650.8,inh,0
5085,651.9,inh,0
4295,652.0,inh,0
4215,653.3,inh,0
4145,659.9,inh,0
4815,662.2,inh,0
4555,662.3,inh,0
4735,662.7,inh,0
5005,663.6,inh,0
4665,663.7,inh,0
4525,668.0,inh,0
4605,669.3,inh,0
4505,669.8,inh,0
4655,672.1,inh,0
4585,672.2,inh,0
4945,672.6,inh,0
5295,673.4,inh,0
5245,673.7,inh,0
4775,674.1,inh,0
5115,674.8,inh,0
4995,676.7,inh,0
5255,677.7,inh,0
4205,682.9,inh,0
4405,683.2,inh,0
4495,683.2,inh,0
4435,683.5,inh,0
4605,683.5,inh,0
4735,683.8,inh,0
4345,683.9,inh,0
4955,683.9,inh,0
4385,684.1,inh,0
5175,684.4,inh,0
4855,684.7,inh,0
5115,685.4,inh,0
4235,685.5,inh,0
5275,686.0,inh,0
5285,686.2,inh,0
4245,686.3,inh,0
5095,686.5,inh,0
4295,686.8,inh,0
4505,694.0,inh,0
4515,694.3,inh,0
4775,695.2,inh,0
4925,695.5,inh,0
4625,696.7,inh,0
4875,697.6,inh,0
4215,698.3,inh,0
4725,700.2,inh,0
4715,703.1,inh,0
4545,703.8,inh,0
5205,707.1,inh,0
5255,709.3,inh,0
4235,709.6,inh,0
4485,709.7,inh,0
4145,710.2,inh,0
4415,710.6,inh,0
4385,710.9,inh,0
4295,714.6,inh,0
5085,714.9,inh,0
5285,716.8,inh,0
4675,718.7,inh,0
4905,721.4,inh,0
4855,721.5,inh,0
4715,721.6,inh,0
4655,721.9,inh,0
4345,722.4,inh,0
4765,722.4,inh,0
5115,722.5,inh,0
4785,722.7,inh,0
4485,723.9,inh,0
4215,726.0,inh,0
4435,729.4,inh,0
5005,733.9,inh,0
5085,734.5,inh,0
4655,734.6,inh,0
4935,734.8,inh,0
4725,734.9,inh,0
4275,735.3,inh,0
4795,735.6,inh,0
4375,735.7,inh,0
4315,736.2,inh,0
4295,736.6,inh,0
4765,737.0,inh,0
4675,737.4,inh,0
5225,738.0,inh,0
4955,738.9,inh,0
4495,745.5,inh,0
4345,747.1,inh,0
4545,747.8,inh,0
4605,747.9,inh,0
4635,747.9,inh,0
4195,748.1,inh,0
4895,748.3,inh,0
4515,748.6,inh,0
4505,748.7,inh,0
4855,748.7,inh,0
4995,748.9,inh,0
4555,749.2,inh,0
5115,749.3,inh,0
4785,749.4,inh,0
4215,749.5,inh,0
4905,755.3,inh,0
4815,758.6,inh,0
4965,758.6,inh,0
4735,758.8,inh,0
5055,759.0,inh,0
4805,759.3,inh,0
4775,759.7,inh,0
4415,760.3,inh,0
4985,760.5,inh,0
4595,761.1,inh,0
5065,761.3,inh,0
5085,761.6,inh,0
4215,762.0,inh,0
4345,762.7,inh,0
4655,764.4,inh,0
4385,771.3,inh,0
5115,771.4,inh,0
4165,772.2,inh,0
4785,772.5,inh,0
5225,773.5,inh,0
5125,773.7,inh,0
4855,774.1,inh,0
4585,775.0,inh,0
4415,782.1,inh,0
4715,782.7,inh,0
4525,783.3,inh,0
5085,783.4,inh,0
4315,784.3,inh,0
4335,784.3,inh,0
4935,784.3,inh,0
4215,784.4,inh,0
4345,784.8,inh,0
5255,784.9,inh,0
4685,785.3,inh,0
4235,785.8,inh,0
4905,787.3,inh,0
4295,787.5,inh,0
4595,793.8,inh,0
4375,794.0,inh,0
5235,794.4,inh,0
4955,795.0,inh,0
4855,796.9,inh,0
4275,797.6,inh,0
4675,797.7,inh,0
5175,797.7,inh,0
4735,798.0,inh,0
4405,798.1,inh,0
5245,798.9,inh,0
4605,803.1,inh,0
4145,803.4,inh,0
4295,807.3,inh,0
4495,807.7,inh,0
4615,808.0,inh,0
4815,809.5,inh,0
4695,811.1,inh,0
5065,811.1,inh,0
4285,811.3,inh,0
4645,812.2,inh,0
4735,812.5,inh,0
4525,812.6,inh,0
4605,817.8,inh,0
5125,820.6,inh,0
4145,821.3,inh,0
4405,821.7,inh,0
5055,821.9,inh,0
4215,822.4,inh,0
5085,822.7,inh,0
4945,823.0,inh,0
5095,825.0,inh,0
4485,825.8,inh,0
4685,829.6,inh,0
4785,830.4,inh,0
4855,831.7,inh,0
4955,833.6,inh,0
4875,833.9,inh,0
4435,834.3,inh,0
4245,834.5,inh,0
4655,835.7,inh,0
4375,836.3,inh,0
4275,839.9,inh,0
4145,840.3,inh,0
4605,843.1,inh,0
4735,844.0,inh,0
4385,845.8,inh,0
4555,846.2,inh,0
4525,846.6,inh,0
4955,846.6,inh,0
5265,846.7,inh,0
4905,847.4,inh,0
4295,848.0,inh,0
4695,849.3,inh,0
5065,849.5,inh,0
4485,856.6,inh,0
4675,858.2,inh,0
4605,858.3,inh,0
4215,859.1,inh,0
4905,860.5,inh,0
4715,865.4,inh,0
5285,867.6,inh,0
4315,868.1,inh,0
4815,869.1,inh,0
4345,870.1,inh,0
4735,870.4,inh,0
4435,870.6,inh,0
5215,870.8,inh,0
4285,871.0,inh,0
5255,871.4,inh,0
4515,871.9,inh,0
4655,872.0,inh,0
4955,872.2,inh,0
4385,874.4,inh,0
4225,874.6,inh,0
4855,881.2,inh,0
4525,881.5,inh,0
5235,881.7,inh,0
4215,882.3,inh,0
4415,882.6,inh,0
4335,882.9,inh,0
4375,885.0,inh,0
4435,885.0,inh,0
4905,885.3,inh,0
4405,888.4,inh,0
4295,888.6,inh,0
5255,892.7,inh,0
5265,894.3,inh,0
4815,895.0,inh,0
4145,895.1,inh,0
4785,895.4,inh,0
4315,895.7,inh,0
5115,895.9,inh,0
4485,896.1,inh,0
5095,896.3,inh,0
4435,896.4,inh,0
5005,896.4,inh,0
4195,897.1,inh,0
4235,897.2,inh,0
4495,897.2,inh,0
4505,898.1,inh,0
4605,898.8,inh,0
4515,905.9,inh,0
5255,907.8,inh,0
5235,910.1,inh,0
4155,910.4,inh,0
5215,910.6,inh,0
4855,910.8,inh,0
4735,911.0,inh,0
4415,911.5,inh,0
4305,912.1,inh,0
4235,918.5,inh,0
4435,919.1,inh,0
4545,922.8,inh,0
4725,922.8,inh,0
4345,928.9,inh,0
4505,929.5,inh,0
4675,929.7,inh,0
4405,929.9,inh,0
4275,931.0,inh,0
4815,931.7,inh,0
5275,931.9,inh,0
4295,932.2,inh,0
5265,932.7,inh,0
4735,932.9,inh,0
5195,933.0,inh,0
5105,933.2,inh,0
4905,935.1,inh,0
5115,935.3,inh,0
4455,936.2,inh,0
5065,936.3,inh,0
4385,939.3,inh,0
4435,939.5,inh,0
4485,939.6,inh,0
5205,942.9,inh,0
4415,943.4,inh,0
4655,943.4,inh,0
5055,943.8,inh,0
4505,944.0,inh,0
4605,944.5,inh,0
5065,944.5,inh,0
4175,944.7,inh,0
4955,944.9,inh,0
4855,945.2,inh,0
4205,945.5,inh,0
4995,945.5,inh,0
5255,945.6,inh,0
4725,947.3,inh,0
4145,950.1,inh,0
4495,951.2,inh,0
4215,953.2,inh,0
4715,953.6,inh,0
5085,955.7,inh,0
4235,955.9,inh,0
4335,956.5,inh,0
4155,957.9,inh,0
4815,958.5,inh,0
5275,958.8,inh,0
4905,959.3,inh,0
4735,960.0,inh,0
5185,967.3,inh,0
4515,967.5,inh,0
4595,967.7,inh,0
4415,968.3,inh,0
5055,968.7,inh,0
5265,969.4,inh,0
4435,969.8,inh,0
4625,970.9,inh,0
4485,972.9,inh,0
4615,974.1,inh,0
4635,974.7,inh,0
4605,976.3,inh,0
4315,977.5,inh,0
4935,978.1,inh,0
5245,978.2,inh,0
4655,979.4,inh,0
5115,980.0,inh,0
4695,980.9,inh,0
4395,981.2,inh,0
4385,981.3,inh,0
4455,981.6,inh,0
4515,981.6,inh,0
4205,982.4,inh,0
4735,982.7,inh,0
4235,992.5,inh,0
4765,993.5,inh,0
5115,994.0,inh,0
4505,994.9,inh,0
4585,995.4,inh,0
4435,997.8,inh,0
4345,999.6,inh,0
5085,1001.8,inh,0
4955,1001.9,inh,0
5285,1004.4,inh,0
5255,1005.6,inh,0
4555,1006.0,inh,0
4695,1006.2,inh,0
4785,1006.2,inh,0
4165,1006.4,inh,0
4275,1006.7,inh,0
4525,1007.2,inh,0
4855,1008.3,inh,0
4485,1009.0,inh,0
4935,1009.0,inh,0
4735,1009.3,inh,0
4215,1009.4,inh,0
4925,1011.6,inh,0
4955,1012.0,inh,0
4205,1014.3,inh,0
5065,1018.0,inh,0
4725,1020.1,inh,0
4485,1020.4,inh,0
4515,1020.8,inh,0
4595,1020.8,inh,0
4765,1020.8,inh,0
4435,1021.3,inh,0
5175,1024.0,inh,0
4855,1028.8,inh,0
4345,1029.1,inh,0
4215,1030.6,inh,0
5065,1030.9,inh,0
4905,1033.0,inh,0
4315,1033.8,inh,0
4655,1034.0,inh,0
4605,1034.7,inh,0
4435,1035.0,inh,0
5125,1035.7,inh,0
5115,1035.8,inh,0
4265,1037.3,inh,0
4455,1037.4,inh,0
4715,1038.2,inh,0
4155,1039.6,inh,0
5055,1042.3,inh,0
4205,1042.5,inh,0
4555,1044.0,inh,0
5265,1044.0,inh,0
4735,1044.3,inh,0
4385,1044.7,inh,0
4505,1044.7,inh,0
5085,1045.0,inh,0
4545,1051.7,inh,0
4335,1052.4,inh,0
4985,1053.7,inh,0
4515,1054.8,inh,0
5175,1056.5,inh,0
4505,1056.6,inh,0
4785,1056.8,inh,0
5255,1057.0,inh,0
4155,1057.4,inh,0
4435,1057.9,inh,0
4715,1058.2,inh,0
5055,1058.7,inh,0
4295,1064.5,inh,0
4215,1066.3,inh,0
5115,1066.5,inh,0
5065,1067.6,inh,0
4405,1068.9,inh,0
4595,1069.7,inh,0
4955,1069.7,inh,0
4525,1070.3,inh,0
4605,1075.4,inh,0
5055,1078.0,inh,0
4675,1079.6,inh,0
5085,1081.4,inh,0
4525,1082.2,inh,0
4505,1083.3,inh,0
4735,1083.5,inh,0
4785,1087.5,inh,0
4855,1088.9,inh,0
4995,1090.1,inh,0
4815,1090.9,inh,0
5185,1090.9,inh,0
5095,1092.2,inh,0
5145,1092.7,inh,0
4225,1092.9,inh,0
5125,1093.1,inh,0
4875,1093.3,inh,0
4145,1093.4,inh,0
4645,1093.4,inh,0
4615,1093.5,inh,0
4605,1094.7,inh,0
4295,1095.3,inh,0
4515,1095.4,inh,0
5115,1104.0,inh,0
4275,1105.0,inh,0
4515,1105.9,inh,0
4315,1106.1,inh,0
4435,1106.1,inh,0
4345,1107.2,inh,0
5205,1110.1,inh,0
4665,1111.0,inh,0
4485,1113.8,inh,0
5055,1114.4,inh,0
4855,1114.6,inh,0
5265,1114.6,inh,0
5065,1116.9,inh,0
4145,1117.2,inh,0
4245,1117.2,inh,0
5295,1117.2,inh,0
4465,1117.8,inh,0
4215,1118.1,inh,0
4525,1118.2,inh,0
4605,1118.3,inh,0
4625,1118.7,inh,0
4235,1118.8,inh,0
4535,1120.8,inh,0
5115,1122.6,inh,0
4405,1127.5,inh,0
4715,1127.5,inh,0
4425,1127.8,inh,0
4905,1128.0,inh,0
4435,1128.1,inh,0
5125,1128.4,inh,0
4525,1128.8,inh,0
5255,1129.1,inh,0
4775,1131.5,inh,0
4765,1135.8,inh,0
4605,1137.4,inh,0
5085,1138.1,inh,0
4555,1139.3,inh,0
4325,1140.4,inh,0
4375,1140.7,inh,0
4955,1140.8,inh,0
5095,1141.0,inh,0
4615,1142.4,inh,0
4235,1142.7,inh,0
4735,1145.8,inh,0
4785,1146.2,inh,0
4905,1146.8,inh,0
5055,1148.0,inh,0
4685,1156.3,inh,0
5065,1158.5,inh,0
4855,1158.7,inh,0
4595,1160.1,inh,0
4955,1160.7,inh,0
5115,1160.7,inh,0
4345,1165.9,inh,0
4515,1166.3,inh,0
4875,1167.6,inh,0
4215,1167.8,inh,0
4555,1168.9,inh,0
4645,1169.0,inh,0
5255,1169.3,inh,0
4585,1169.7,inh,0
4295,1169.8,inh,0
4525,1170.1,inh,0
4235,1176.7,inh,0
5055,1178.0,inh,0
4435,1179.2,inh,0
4735,1180.2,inh,0
4205,1180.6,inh,0
4815,1180.7,inh,0
5125,1181.6,inh,0
5255,1181.7,inh,0
4605,1183.0,inh,0
4505,1186.1,inh,0
4515,1189.6,inh,0
4855,1191.6,inh,0
5265,1196.5,inh,0
5235,1197.1,inh,0
4785,1197.2,inh,0
4495,1197.4,inh,0
4655,1197.8,inh,0
4345,1198.2,inh,0
5085,1200.8,inh,0
4385,1202.0,inh,0
5295,1204.7,inh,0
4205,1205.1,inh,0
4955,1205.6,inh,0
5285,1205.8,inh,0
4215,1206.0,inh,0
4515,1208.8,inh,0
4695,1209.3,inh,0
4725,1211.4,inh,0
4365,1212.3,inh,0
4815,1215.9,inh,0
4505,1216.8,inh,0
5055,1216.8,inh,0
4625,1217.0,inh,0
5085,1219.1,inh,0
4415,1219.6,inh,0
5225,1224.9,inh,0
4385,1227.7,inh,0
5265,1228.2,inh,0
4275,1228.6,inh,0
4465,1229.9,inh,0
4925,1229.9,inh,0
4515,1230.1,inh,0
4585,1230.1,inh,0
4595,1230.4,inh,0
4285,1231.1,inh,0
4315,1231.4,inh,0
4295,1231.5,inh,0
4525,1232.6,inh,0
4765,1238.6,inh,0
4855,1239.3,inh,0
4675,1239.4,inh,0
4335,1239.6,inh,0
4505,1239.9,inh,0
4815,1240.2,inh,0
5205,1240.2,inh,0
4405,1241.2,inh,0
4845,1241.7,inh,0
4695,1242.1,inh,0
4545,1242.5,inh,0
4415,1244.5,inh,0
5265,1245.1,inh,0
5055,1253.1,inh,0
5095,1253.5,inh,0
4595,1254.1,inh,0
4965,1254.5,inh,0
5085,1254.8,inh,0
4145,1255.6,inh,0
4405,1258.0,inh,0
4235,1258.4,inh,0
4955,1264.2,inh,0
4515,1265.2,inh,0
4585,1266.0,inh,0
4855,1266.1,inh,0
4295,1266.2,inh,0
4385,1266.8,inh,0
4345,1267.3,inh,0
4675,1267.6,inh,0
4655,1267.8,inh,0
4725,1268.1,inh,0
5145,1268.4,inh,0
5055,1268.9,inh,0
5095,1270.1,inh,0
4985,1275.6,inh,0
4785,1276.1,inh,0
4765,1276.4,inh,0
5215,1276.9,inh,0
4905,1277.3,inh,0
4735,1277.4,inh,0
4495,1277.5,inh,0
4815,1278.0,inh,0
5065,1278.6,inh,0
4695,1279.9,inh,0
4605,1286.8,inh,0
5095,1287.8,inh,0
4955,1288.5,inh,0
4235,1288.7,inh,0
4595,1289.4,inh,0
5125,1289.9,inh,0
4765,1290.5,inh,0
4295,1291.1,inh,0
4525,1291.4,inh,0
4545,1291.6,inh,0
4335,1299.1,inh,0
4875,1299.1,inh,0
4785,1299.3,inh,0
4725,1301.2,inh,0
4205,1302.8,inh,0
4245,1305.6,inh,0
4315,1306.0,inh,0
4505,1309.8,inh,0
4905,1311.5,inh,0
4435,1311.6,inh,0
4615,1311.7,inh,0
4995,1311.8,inh,0
5065,1312.0,inh,0
4215,1312.7,inh,0
5115,1313.2,inh,0
4735,1313.9,inh,0
4275,1321.5,inh,0
4345,1322.9,inh,0
4765,1322.9,inh,0
4655,1323.1,inh,0
4605,1324.5,inh,0
5085,1324.5,inh,0
4935,1324.7,inh,0
4405,1326.1,inh,0
4855,1327.0,inh,0
4645,1327.5,inh,0
4145,1334.9,inh,0
4515,1335.5,inh,0
4785,1336.4,inh,0
4495,1336.9,inh,0
4585,1337.5,inh,0
5255,1338.0,inh,0
5015,1338.3,inh,0
4435,1345.9,inh,0
4815,1347.7,inh,0
5065,1348.1,inh,0
4505,1348.2,inh,0
4295,1348.5,inh,0
5275,1349.0,inh,0
4735,1349.3,inh,0
5225,1349.7,inh,0
4525,1350.2,inh,0
4555,1350.4,inh,0
4685,1358.4,inh,0
4715,1361.4,inh,0
5065,1361.7,inh,0
4905,1362.2,inh,0
5225,1362.4,inh,0
4925,1363.2,inh,0
4485,1363.3,inh,0
4405,1365.8,inh,0
5235,1366.6,inh,0
4595,1367.9,inh,0
4525,1370.0,inh,0
4385,1371.4,inh,0
4815,1372.6,inh,0
4755,1373.7,inh,0
4515,1373.8,inh,0
4775,1381.8,inh,0
4855,1381.8,inh,0
5275,1382.2,inh,0
5285,1382.2,inh,0
5145,1383.5,inh,0
4295,1383.9,inh,0
4525,1384.1,inh,0
4485,1384.6,inh,0
4275,1384.7,inh,0
4425,1385.2,inh,0
4655,1392.6,inh,0
4975,1393.3,inh,0
4605,1394.1,inh,0
4435,1394.2,inh,0
5175,1394.4,inh,0
4725,1395.0,inh,0
4495,1395.2,inh,0
5255,1395.2,inh,0
4905,1397.2,inh,0
4485,1397.8,inh,0
4835,1398.8,inh,0
4955,1400.4,inh,0
4435,1403.8,inh,0
4235,1405.8,inh,0
4655,1405.9,inh,0
4595,1406.5,inh,0
5065,1406.8,inh,0
4715,1406.9,inh,0
4385,1407.7,inh,0
4685,1407.7,inh,0
5115,1408.4,inh,0
5265,1408.4,inh,0
4675,1408.8,inh,0
4605,1418.7,inh,0
4505,1419.6,inh,0
4905,1420.1,inh,0
4615,1422.0,inh,0
4585,1424.7,inh,0
5055,1424.7,inh,0
4205,1424.9,inh,0
4935,1425.8,inh,0
4715,1428.1,inh,0
4675,1429.5,inh,0
4155,1431.0,inh,0
4145,1431.3,inh,0
5125,1431.3,inh,0
5085,1433.5,inh,0
4515,1434.8,inh,0
4455,1438.1,inh,0
4525,1438.3,inh,0
4215,1438.8,inh,0
4295,1439.4,inh,0
4995,1439.4,inh,0
4555,1439.5,inh,0
4955,1440.1,inh,0
4175,1441.2,inh,0
5115,1441.2,inh,0
4785,1444.4,inh,0
5055,1445.4,inh,0
4985,1445.6,inh,0
4415,1450.2,inh,0
4465,1451.0,inh,0
4905,1451.9,inh,0
4345,1452.1,inh,0
5065,1453.3,inh,0
5285,1453.4,inh,0
4485,1453.7,inh,0
5205,1454.0,inh,0
4295,1454.1,inh,0
4665,1454.5,inh,0
4645,1456.1,inh,0
4675,1463.9,inh,0
4205,1464.4,inh,0
5085,1464.6,inh,0
4785,1464.8,inh,0
4515,1466.7,inh,0
4525,1467.6,inh,0
4275,1468.1,inh,0
4495,1470.7,inh,0
4505,1470.8,inh,0
5055,1472.8,inh,0
4155,1475.4,inh,0
4215,1476.9,inh,0
4685,1477.0,inh,0
4525,1477.4,inh,0
4655,1477.4,inh,0
4435,1477.5,inh,0
4335,1477.7,inh,0
4995,1477.9,inh,0
4175,1478.6,inh,0
4545,1484.2,inh,0
4905,1485.0,inh,0
5125,1486.0,inh,0
4275,1488.1,inh,0
4595,1488.9,inh,0
4605,1489.6,inh,0
4515,1491.1,inh,0
5255,1493.4,inh,0
4855,1496.6,inh,0
4695,1497.7,inh,0
4785,1499.7,inh,0
4315,1499.9,inh,0
4655,1500.0,inh,0
5296,14.4,inh,0
4876,15.2,inh,0
5156,15.4,inh,0
5286,16.1,inh,0
4746,25.1,inh,0
5176,26.2,inh,0
4486,30.1,inh,0
4756,33.1,inh,0
4626,33.7,inh,0
4996,35.6,inh,0
5086,41.7,inh,0
4836,43.7,inh,0
4266,44.1,inh,0
4586,45.1,inh,0
4876,46.3,inh,0
4146,48.5,inh,0
4926,48.6,inh,0
4326,49.6,inh,0
4716,52.8,inh,0
4196,54.6,inh,0
4796,61.0,inh,0
4546,63.0,inh,0
5036,65.3,inh,0
4906,65.6,inh,0
4156,74.3,inh,0
5206,78.2,inh,0
4266,78.3,inh,0
4206,79.5,inh,0
4756,80.9,inh,0
4586,83.2,inh,0
5036,83.3,inh,0
5226,85.7,inh,0
4966,90.6,inh,0
4546,95.9,inh,0
4676,97.3,inh,0
4616,97.5,inh,0
4456,98.6,inh,0
4916,102.3,inh,0
4696,103.1,inh,0
4476,105.4,inh,0
4366,105.8,inh,0
5136,106.9,inh,0
4246,109.9,inh,0
4196,110.1,inh,0
4226,112.7,inh,0
4506,128.1,inh,0
4836,128.3,inh,0
4156,130.3,inh,0
4586,132.3,inh,0
4276,133.6,inh,0
4676,136.6,inh,0
4836,144.6,inh,0
4206,146.5,inh,0
4626,155.2,inh,0
5096,163.8,inh,0
4396,164.3,inh,0
4476,170.3,inh,0
5106,176.8,inh,0
4636,178.2,inh,0
4796,181.2,inh,0
4646,184.6,inh,0
4966,188.7,inh,0
4536,189.7,inh,0
4156,189.9,inh,0
4856,191.2,inh,0
4676,199.6,inh,0
4966,206.6,inh,0
4476,206.9,inh,0
4366,218.0,inh,0
4396,218.6,inh,0
4596,222.7,inh,0
4716,223.7,inh,0
4346,229.3,inh,0
5106,231.2,inh,0
5026,233.2,inh,0
4606,237.9,inh,0
5236,238.3,inh,0
4246,238.7,inh,0
5216,238.8,inh,0
4536,244.2,inh,0
4696,244.5,inh,0
5226,251.7,inh,0
4706,252.3,inh,0
4976,252.5,inh,0
4666,253.2,inh,0
4676,253.2,inh,0
4856,255.8,inh,0
4416,257.4,inh,0
4966,266.4,inh,0
4786,266.7,inh,0
4266,267.1,inh,0
4196,270.3,inh,0
4596,273.0,inh,0
4166,276.2,inh,0
4296,280.0,inh,0
4326,280.9,inh,0
5076,281.4,inh,0
4676,282.4,inh,0
4646,282.9,inh,0
4956,295.9,inh,0
4416,297.3,inh,0
4796,300.7,inh,0
4966,300.7,inh,0
4146,301.2,inh,0
4226,308.6,inh,0
4986,309.8,inh,0
4586,311.9,inh,0
4186,312.6,inh,0
4786,312.6,inh,0
5116,315.1,inh,0
5276,316.1,inh,0
4296,317.6,inh,0
4196,321.4,inh,0
4966,321.4,inh,0
4256,331.3,inh,0
4266,335.2,inh,0
4156,338.2,inh,0
4986,342.2,inh,0
4696,343.6,inh,0
4906,344.8,inh,0
4826,345.2,inh,0
4636,349.9,inh,0
4366,353.2,inh,0
4476,353.5,inh,0
4346,353.9,inh,0
4396,356.4,inh,0
5196,357.1,inh,0
4756,360.9,inh,0
4776,360.9,inh,0
4156,363.6,inh,0
4246,372.9,inh,0
4496,374.3,inh,0
4836,375.0,inh,0
4816,376.7,inh,0
4476,381.5,inh,0
4686,382.2,inh,0
4346,383.4,inh,0
4716,383.4,inh,0
5216,383.5,inh,0
4466,389.1,inh,0
4246,390.4,inh,0
4376,397.9,inh,0
4206,401.4,inh,0
4656,401.6,inh,0
4156,402.1,inh,0
5256,414.5,inh,0
4666,416.6,inh,0
4476,416.7,inh,0
4676,417.4,inh,0
4766,417.8,inh,0
5296,419.1,inh,0
4786,419.4,inh,0
5146,425.2,inh,0
4466,427.0,inh,0
4316,428.4,inh,0
4336,434.1,inh,0
4446,434.8,inh,0
5216,435.0,inh,0
4586,436.1,inh,0
4756,436.3,inh,0
4356,437.2,inh,0
4206,438.0,inh,0
4656,449.5,inh,0
4236,454.0,inh,0
4926,459.1,inh,0
5246,459.9,inh,0
4316,465.6,inh,0
5236,468.1,inh,0
4586,470.9,inh,0
4346,473.0,inh,0
4766,474.3,inh,0
5096,474.5,inh,0
5106,478.8,inh,0
4826,483.4,inh,0
4236,484.6,inh,0
4846,486.5,inh,0
4546,487.0,inh,0
4336,490.7,inh,0
4756,492.2,inh,0
4266,496.2,inh,0
4966,497.7,inh,0
4156,498.1,inh,0
4226,501.8,inh,0
4146,502.2,inh,0
4356,506.9,inh,0
4926,507.7,inh,0
4596,507.8,inh,0
4766,507.8,inh,0
4776,508.0,inh,0
4806,508.0,inh,0
4196,508.1,inh,0
4906,508.1,inh,0
4346,508.2,inh,0
4676,508.2,inh,0
4296,508.3,inh,0
4436,508.3,inh,0
4526,508.3,inh,0
4476,508.4,inh,0
5136,508.4,inh,0
5286,508.4,inh,0
4716,508.5,inh,0
4876,508.5,inh,0
4456,508.6,inh,0
4746,508.6,inh,0
5026,508.6,inh,0
4326,508.9,inh,0
4966,510.6,inh,0
4856,510.9,inh,0
5016,512.9,inh,0
4596,513.4,inh,0
5216,516.1,inh,0
4466,516.6,inh,0
4406,516.9,inh,0
4346,517.4,inh,0
4836,518.0,inh,0
4156,519.4,inh,0
4546,521.4,inh,0
4776,521.4,inh,0
4766,522.0,inh,0
5066,522.4,inh,0
4876,522.5,inh,0
4476,523.1,inh,0
4756,524.7,inh,0
4676,526.0,inh,0
4736,526.5,inh,0
4166,530.2,inh,0
4266,532.8,inh,0
4966,533.4,inh,0
4756,533.5,inh,0
4576,533.8,inh,0
4196,533.9,inh,0
4666,534.0,inh,0
4796,534.0,inh,0
4276,534.2,inh,0
4346,534.2,inh,0
5216,534.2,inh,0
5226,534.2,inh,0
5186,534.3,inh,0
4336,535.1,inh,0
4856,535.2,inh,0
4646,535.3,inh,0
4146,535.5,inh,0
4356,535.6,inh,0
4716,535.7,inh,0
4206,539.9,inh,0
4676,540.7,inh,0
4786,547.9,inh,0
4966,547.9,inh,0
5286,548.3,inh,0
4146,548.4,inh,0
5186,548.5,inh,0
4826,548.7,inh,0
4336,548.9,inh,0
4756,549.4,inh,0
4676,549.7,inh,0
4296,550.1,inh,0
4776,550.4,inh,0
4156,553.2,inh,0
4346,560.9,inh,0
4336,561.5,inh,0
4816,562.1,inh,0
4856,562.1,inh,0
4146,562.6,inh,0
4316,563.4,inh,0
4586,564.7,inh,0
4966,566.1,inh,0
5216,571.9,inh,0
4646,572.0,inh,0
4206,572.8,inh,0
4836,573.2,inh,0
4966,574.2,inh,0
4476,574.5,inh,0
5066,574.5,inh,0
5226,574.8,inh,0
4856,575.8,inh,0
4546,576.2,inh,0
4156,577.4,inh,0
4776,582.7,inh,0
5256,584.6,inh,0
4576,586.1,inh,0
4596,586.5,inh,0
5216,586.8,inh,0
4166,586.9,inh,0
4476,586.9,inh,0
4416,587.9,inh,0
5186,588.2,inh,0
4146,588.6,inh,0
4676,589.1,inh,0
4266,594.3,inh,0
4316,598.0,inh,0
4756,598.9,inh,0
5276,598.9,inh,0
4496,599.2,inh,0
4826,599.4,inh,0
5106,599.5,inh,0
4346,599.6,inh,0
4156,599.8,inh,0
5236,599.8,inh,0
4796,600.1,inh,0
4706,600.2,inh,0
4336,600.3,inh,0
4166,600.5,inh,0
4476,602.0,inh,0
4996,606.6,inh,0
4296,608.3,inh,0
4806,609.2,inh,0
4146,610.1,inh,0
4876,610.1,inh,0
5226,610.2,inh,0
4776,610.4,inh,0
5166,610.6,inh,0
4966,611.2,inh,0
4906,611.5,inh,0
4336,613.1,inh,0
4256,613.5,inh,0
5206,613.5,inh,0
5236,614.0,inh,0
4266,614.2,inh,0
4206,614.9,inh,0
5286,616.5,inh,0
4356,621.6,inh,0
4756,622.9,inh,0
4226,623.1,inh,0
4326,625.7,inh,0
5076,625.9,inh,0
4966,626.0,inh,0
4696,627.0,inh,0
4146,627.7,inh,0
4446,635.9,inh,0
4766,635.9,inh,0
5196,636.2,inh,0
4716,636.9,inh,0
4756,637.1,inh,0
4696,637.2,inh,0
4786,637.6,inh,0
4206,638.5,inh,0
4876,648.7,inh,0
5276,648.7,inh,0
4836,648.8,inh,0
4206,649.1,inh,0
4806,649.1,inh,0
4966,649.1,inh,0
4346,649.2,inh,0
4826,649.3,inh,0
4666,649.8,inh,0
4316,650.4,inh,0
4776,651.2,inh,0
4146,651.5,inh,0
4676,651.5,inh,0
5136,651.6,inh,0
5066,652.0,inh,0
4486,652.1,inh,0
4746,654.6,inh,0
4546,659.9,inh,0
5116,659.9,inh,0
4756,661.8,inh,0
5056,661.8,inh,0
5026,662.3,inh,0
4346,662.4,inh,0
4476,663.1,inh,0
4146,663.5,inh,0
5096,663.7,inh,0
4166,666.3,inh,0
5226,666.3,inh,0
4366,667.6,inh,0
4846,668.8,inh,0
5186,670.7,inh,0
4156,672.3,inh,0
5196,672.5,inh,0
4736,672.8,inh,0
4476,673.9,inh,0
4676,680.8,inh,0
5276,682.8,inh,0
4196,682.9,inh,0
4966,683.2,inh,0
5216,683.3,inh,0
4836,683.5,inh,0
5256,683.6,inh,0
4536,683.7,inh,0
5186,684.1,inh,0
4486,684.3,inh,0
5206,684.8,inh,0
4696,685.3,inh,0
5226,685.4,inh,0
4346,685.6,inh,0
4596,685.7,inh,0
4266,685.9,inh,0
4856,686.0,inh,0
5096,686.1,inh,0
4816,686.3,inh,0
4676,694.8,inh,0
4156,695.3,inh,0
4756,695.8,inh,0
5226,696.3,inh,0
5296,696.4,inh,0
4346,696.9,inh,0
4476,697.0,inh,0
4416,697.7,inh,0
4446,697.7,inh,0
4226,698.4,inh,0
4266,698.6,inh,0
4166,699.4,inh,0
4746,700.1,inh,0
4336,702.2,inh,0
5166,703.6,inh,0
4786,704.3,inh,0
4396,707.9,inh,0
5276,709.4,inh,0
4766,709.8,inh,0
4756,709.9,inh,0
4966,710.0,inh,0
4156,710.1,inh,0
4776,710.9,inh,0
4486,711.5,inh,0
5066,712.5,inh,0
4476,717.4,inh,0
4266,718.2,inh,0
5216,720.2,inh,0
4146,720.4,inh,0
4696,721.8,inh,0
5096,721.8,inh,0
4786,722.0,inh,0
4736,722.4,inh,0
4856,722.6,inh,0
4806,723.1,inh,0
5066,723.7,inh,0
4836,724.0,inh,0
4766,724.5,inh,0
4876,725.4,inh,0
4346,731.5,inh,0
4336,733.7,inh,0
4246,734.3,inh,0
4476,734.3,inh,0
4146,734.5,inh,0
4776,734.5,inh,0
5216,735.4,inh,0
4366,735.5,inh,0
4966,735.5,inh,0
4576,736.1,inh,0
4676,736.6,inh,0
4836,736.8,inh,0
5066,737.0,inh,0
5116,737.5,inh,0
4876,744.9,inh,0
4716,746.8,inh,0
4996,747.2,inh,0
4766,747.6,inh,0
4266,748.8,inh,0
4206,749.2,inh,0
4146,749.7,inh,0
4416,758.5,inh,0
4666,758.7,inh,0
4896,759.1,inh,0
4856,759.4,inh,0
4486,759.8,inh,0
4846,759.9,inh,0
4166,760.0,inh,0
4156,762.0,inh,0
4596,762.1,inh,0
4346,763.6,inh,0
4716,768.1,inh,0
4486,772.5,inh,0
4526,772.9,inh,0
5176,773.1,inh,0
4146,773.9,inh,0
4786,774.0,inh,0
4726,774.3,inh,0
4766,774.7,inh,0
5066,775.1,inh,0
4266,781.9,inh,0
5096,782.9,inh,0
5276,782.9,inh,0
4476,783.5,inh,0
4806,783.5,inh,0
4756,783.6,inh,0
4396,783.7,inh,0
4156,784.0,inh,0
4176,784.5,inh,0
4146,784.8,inh,0
4776,785.2,inh,0
4346,785.6,inh,0
4996,785.8,inh,0
4226,786.1,inh,0
4966,786.4,inh,0
4166,792.3,inh,0
4206,796.8,inh,0
4596,797.2,inh,0
4876,797.3,inh,0
4156,797.4,inh,0
4146,797.5,inh,0
4966,797.7,inh,0
4836,798.0,inh,0
4276,799.7,inh,0
4336,801.5,inh,0
4166,807.5,inh,0
4476,808.4,inh,0
4806,808.7,inh,0
5246,809.2,inh,0
4766,809.4,inh,0
4676,809.7,inh,0
4756,809.7,inh,0
4486,813.0,inh,0
4266,820.3,inh,0
4716,820.3,inh,0
4786,820.8,inh,0
4156,821.1,inh,0
5236,821.6,inh,0
4836,821.9,inh,0
4776,822.6,inh,0
4476,822.8,inh,0
5226,829.7,inh,0
4756,833.4,inh,0
4736,833.6,inh,0
5186,833.6,inh,0
4266,833.8,inh,0
4676,833.9,inh,0
4766,833.9,inh,0
5066,834.4,inh,0
5276,834.4,inh,0
4946,834.7,inh,0
4146,834.9,inh,0
5206,835.2,inh,0
4366,835.6,inh,0
4586,836.7,inh,0
4486,836.8,inh,0
4346,844.4,inh,0
4336,844.7,inh,0
5216,845.1,inh,0
4876,845.3,inh,0
4546,845.4,inh,0
4476,846.1,inh,0
4666,846.2,inh,0
4156,846.4,inh,0
5066,851.4,inh,0
4856,854.4,inh,0
4546,855.6,inh,0
4396,858.7,inh,0
5276,858.8,inh,0
4966,859.5,inh,0
4596,861.1,inh,0
4366,864.7,inh,0
4286,866.5,inh,0
4196,868.7,inh,0
5256,869.2,inh,0
4486,869.7,inh,0
4346,870.6,inh,0
4276,870.8,inh,0
4156,871.2,inh,0
4476,871.4,inh,0
4206,872.6,inh,0
4776,873.3,inh,0
4586,876.1,inh,0
4716,881.5,inh,0
5096,881.8,inh,0
4226,882.0,inh,0
5246,882.1,inh,0
4856,882.4,inh,0
5216,882.5,inh,0
4756,882.6,inh,0
4946,882.6,inh,0
4676,882.7,inh,0
5276,882.7,inh,0
4346,883.1,inh,0
5046,883.2,inh,0
4786,883.9,inh,0
4766,884.7,inh,0
4206,884.9,inh,0
4316,885.1,inh,0
5066,886.7,inh,0
4266,894.1,inh,0
5116,894.1,inh,0
4856,894.3,inh,0
4346,894.6,inh,0
4736,895.3,inh,0
4476,895.6,inh,0
4296,896.0,inh,0
4156,896.3,inh,0
5226,897.2,inh,0
4966,897.4,inh,0
4766,897.6,inh,0
5066,897.8,inh,0
4146,898.0,inh,0
4406,898.7,inh,0
4276,906.7,inh,0
4676,908.4,inh,0
4656,909.8,inh,0
5296,910.2,inh,0
4586,910.5,inh,0
4266,910.7,inh,0
5206,910.7,inh,0
5286,911.9,inh,0
4786,915.3,inh,0
4336,915.9,inh,0
5276,915.9,inh,0
5246,916.1,inh,0
4346,918.0,inh,0
4576,919.3,inh,0
5086,920.3,inh,0
4206,921.7,inh,0
4766,921.9,inh,0
4506,922.5,inh,0
4776,922.5,inh,0
5096,929.1,inh,0
4156,929.3,inh,0
5226,930.6,inh,0
4856,930.9,inh,0
4716,931.3,inh,0
4756,932.3,inh,0
5276,932.3,inh,0
5136,932.4,inh,0
4146,932.8,inh,0
4276,933.1,inh,0
4486,933.5,inh,0
5196,933.6,inh,0
4346,934.4,inh,0
4706,938.5,inh,0
4266,939.5,inh,0
4476,939.8,inh,0
4766,941.0,inh,0
4676,943.7,inh,0
4946,944.4,inh,0
4876,944.6,inh,0
4346,944.9,inh,0
4666,945.1,inh,0
5216,945.2,inh,0
4206,946.0,inh,0
5236,946.1,inh,0
4476,956.6,inh,0
5116,958.7,inh,0
4786,959.0,inh,0
5276,959.3,inh,0
5056,959.4,inh,0
4596,965.6,inh,0
4416,965.8,inh,0
4346,969.4,inh,0
4146,969.6,inh,0
4166,970.6,inh,0
4716,971.3,inh,0
5016,971.4,inh,0
4206,972.1,inh,0
4156,974.0,inh,0
5186,977.9,inh,0
5066,979.5,inh,0
4526,980.3,inh,0
4336,980.4,inh,0
4676,980.5,inh,0
4836,980.5,inh,0
4786,982.5,inh,0
4416,983.0,inh,0
4146,983.7,inh,0
4246,984.1,inh,0
5216,986.3,inh,0
4346,989.5,inh,0
4966,990.9,inh,0
4716,993.3,inh,0
5066,994.0,inh,0
5236,994.0,inh,0
4786,994.4,inh,0
4486,994.9,inh,0
4596,995.2,inh,0
4976,996.3,inh,0
5096,1002.9,inh,0
4676,1003.2,inh,0
4396,1004.6,inh,0
4876,1005.3,inh,0
4266,1005.7,inh,0
4546,1005.8,inh,0
4996,1005.8,inh,0
4586,1005.9,inh,0
4856,1006.0,inh,0
5276,1006.0,inh,0
4826,1006.6,inh,0
4156,1007.0,inh,0
4226,1007.1,inh,0
4526,1007.4,inh,0
4346,1008.3,inh,0
4656,1008.8,inh,0
4476,1009.7,inh,0
5226,1010.7,inh,0
5236,1012.3,inh,0
4266,1019.1,inh,0
4756,1019.5,inh,0
4486,1019.7,inh,0
5216,1020.9,inh,0
5096,1021.0,inh,0
4186,1021.4,inh,0
4706,1021.5,inh,0
5066,1023.2,inh,0
4766,1023.9,inh,0
4666,1024.0,inh,0
4316,1032.0,inh,0
5276,1032.3,inh,0
4156,1032.7,inh,0
4346,1034.7,inh,0
4166,1034.8,inh,0
5176,1037.7,inh,0
4266,1040.9,inh,0
4826,1043.9,inh,0
4876,1043.9,inh,0
4336,1044.1,inh,0
4676,1044.1,inh,0
4756,1045.3,inh,0
4946,1045.4,inh,0
4346,1045.9,inh,0
4486,1046.2,inh,0
4836,1046.4,inh,0
4736,1046.6,inh,0
5276,1049.6,inh,0
4526,1050.2,inh,0
4966,1052.7,inh,0
4146,1052.8,inh,0
4766,1055.8,inh,0
4806,1057.3,inh,0
4676,1057.9,inh,0
4476,1058.5,inh,0
4156,1059.6,inh,0
4486,1061.6,inh,0
4166,1067.7,inh,0
4266,1068.5,inh,0
5226,1068.6,inh,0
4596,1068.7,inh,0
4716,1068.7,inh,0
4666,1068.8,inh,0
4346,1070.0,inh,0
5216,1070.6,inh,0
4786,1072.1,inh,0
5236,1072.5,inh,0
4966,1078.0,inh,0
4666,1081.9,inh,0
4806,1083.2,inh,0
4266,1083.4,inh,0
5276,1083.4,inh,0
4346,1084.9,inh,0
4156,1087.1,inh,0
4476,1090.4,inh,0
4576,1092.6,inh,0
4946,1093.0,inh,0
4276,1093.1,inh,0
4486,1093.1,inh,0
4896,1093.1,inh,0
4256,1093.4,inh,0
5066,1093.5,inh,0
4346,1094.8,inh,0
5216,1095.6,inh,0
4506,1098.7,inh,0
5296,1103.6,inh,0
4856,1104.2,inh,0
4836,1104.3,inh,0
4766,1104.7,inh,0
5106,1105.2,inh,0
4146,1106.5,inh,0
4876,1107.2,inh,0
4676,1107.8,inh,0
5276,1112.0,inh,0
4836,1113.8,inh,0
4266,1115.1,inh,0
4716,1117.1,inh,0
4676,1117.6,inh,0
5236,1117.7,inh,0
4596,1118.1,inh,0
4876,1119.2,inh,0
4476,1119.8,inh,0
4856,1122.4,inh,0
5216,1127.8,inh,0
4796,1128.2,inh,0
4806,1129.0,inh,0
4206,1129.2,inh,0
4966,1129.5,inh,0
5196,1129.7,inh,0
4266,1136.3,inh,0
4226,1137.1,inh,0
5276,1138.2,inh,0
4786,1139.7,inh,0
4346,1140.4,inh,0
4316,1140.9,inh,0
4256,1141.7,inh,0
4756,1142.3,inh,0
4476,1143.0,inh,0
5206,1145.3,inh,0
4366,1145.6,inh,0
5066,1146.4,inh,0
5226,1147.5,inh,0
4466,1148.3,inh,0
4156,1150.4,inh,0
4356,1150.8,inh,0
4676,1152.1,inh,0
5236,1155.4,inh,0
4806,1156.2,inh,0
4336,1156.4,inh,0
4486,1158.2,inh,0
4596,1159.6,inh,0
4166,1167.2,inh,0
5166,1167.2,inh,0
4346,1167.5,inh,0
5276,1167.6,inh,0
4336,1167.7,inh,0
5216,1168.9,inh,0
4156,1170.1,inh,0
4266,1170.1,inh,0
4476,1170.3,inh,0
4386,1174.1,inh,0
4676,1175.1,inh,0
4396,1180.4,inh,0
4196,1180.9,inh,0
4346,1180.9,inh,0
4336,1181.4,inh,0
4716,1181.6,inh,0
4156,1181.9,inh,0
4276,1182.4,inh,0
4836,1183.0,inh,0
5226,1183.2,inh,0
4776,1184.6,inh,0
5066,1184.9,inh,0
4806,1187.9,inh,0
4586,1189.1,inh,0
5276,1189.9,inh,0
4596,1190.5,inh,0
4696,1190.8,inh,0
4316,1191.8,inh,0
5186,1193.2,inh,0
4486,1196.0,inh,0
4676,1200.8,inh,0
4476,1202.3,inh,0
4156,1204.8,inh,0
4896,1205.0,inh,0
4656,1205.2,inh,0
4966,1205.5,inh,0
4666,1205.6,inh,0
4346,1205.9,inh,0
5096,1206.0,inh,0
5226,1206.8,inh,0
4796,1208.7,inh,0
5186,1209.3,inh,0
4176,1209.8,inh,0
4546,1210.7,inh,0
4926,1211.0,inh,0
4226,1211.4,inh,0
5276,1214.7,inh,0
4826,1217.4,inh,0
4766,1218.2,inh,0
5206,1218.3,inh,0
4476,1219.6,inh,0
4346,1219.9,inh,0
4266,1220.1,inh,0
4446,1222.2,inh,0
4836,1226.0,inh,0
4676,1226.3,inh,0
5236,1227.3,inh,0
4596,1228.5,inh,0
4946,1228.8,inh,0
5226,1228.9,inh,0
4856,1231.2,inh,0
4896,1231.9,inh,0
4966,1233.5,inh,0
4756,1235.6,inh,0
5276,1236.5,inh,0
4166,1237.9,inh,0
5096,1238.7,inh,0
4156,1240.2,inh,0
4476,1241.4,inh,0
4736,1241.8,inh,0
4776,1241.9,inh,0
4826,1242.8,inh,0
4876,1246.4,inh,0
4716,1247.3,inh,0
4346,1248.1,inh,0
5246,1250.2,inh,0
5216,1250.3,inh,0
4396,1251.7,inh,0
4656,1252.9,inh,0
4266,1253.0,inh,0
4966,1253.6,inh,0
4836,1253.8,inh,0
5196,1254.5,inh,0
4526,1254.7,inh,0
4856,1254.8,inh,0
4806,1256.4,inh,0
4146,1257.1,inh,0
4726,1259.3,inh,0
4876,1260.0,inh,0
4756,1264.4,inh,0
4776,1266.1,inh,0
5226,1266.2,inh,0
4676,1266.4,inh,0
4156,1266.8,inh,0
4486,1268.7,inh,0
4516,1269.1,inh,0
4346,1273.5,inh,0
5216,1276.0,inh,0
4266,1276.9,inh,0
5276,1277.3,inh,0
4146,1278.0,inh,0
4736,1279.0,inh,0
4826,1279.1,inh,0
4966,1279.2,inh,0
4346,1282.9,inh,0
4786,1284.0,inh,0
4946,1288.0,inh,0
4386,1288.2,inh,0
5026,1288.2,inh,0
4836,1288.6,inh,0
4616,1289.5,inh,0
4166,1290.6,inh,0
4416,1291.0,inh,0
4696,1291.8,inh,0
4266,1293.2,inh,0
4756,1297.0,inh,0
5066,1300.2,inh,0
4966,1301.7,inh,0
4156,1301.8,inh,0
5276,1303.1,inh,0
4586,1306.2,inh,0
4266,1307.6,inh,0
4766,1307.9,inh,0
4246,1310.7,inh,0
5086,1311.4,inh,0
4476,1312.6,inh,0
4206,1312.7,inh,0
4806,1313.0,inh,0
4356,1318.2,inh,0
4676,1321.5,inh,0
4596,1322.7,inh,0
4476,1323.0,inh,0
4266,1323.1,inh,0
4856,1323.5,inh,0
4396,1325.5,inh,0
4346,1325.9,inh,0
5116,1326.1,inh,0
4716,1326.2,inh,0
4486,1328.2,inh,0
4476,1330.1,inh,0
4336,1332.3,inh,0
4146,1333.3,inh,0
4776,1335.9,inh,0
4156,1336.0,inh,0
4756,1336.3,inh,0
4346,1337.0,inh,0
4586,1337.0,inh,0
5136,1337.0,inh,0
4656,1337.1,inh,0
5236,1337.2,inh,0
5216,1337.3,inh,0
4766,1337.6,inh,0
4876,1337.7,inh,0
5226,1337.7,inh,0
4676,1337.9,inh,0
4716,1347.2,inh,0
4476,1347.4,inh,0
4486,1347.9,inh,0
5276,1359.7,inh,0
4396,1360.6,inh,0
5086,1360.7,inh,0
4786,1362.1,inh,0
4266,1371.0,inh,0
4806,1371.1,inh,0
4996,1371.4,inh,0
4166,1371.5,inh,0
4206,1371.9,inh,0
5016,1372.3,inh,0
5136,1373.2,inh,0
5256,1373.9,inh,0
4486,1374.5,inh,0
4476,1382.8,inh,0
4146,1383.7,inh,0
4156,1383.9,inh,0
4166,1384.5,inh,0
4436,1385.5,inh,0
4276,1385.9,inh,0
5146,1391.9,inh,0
4716,1394.5,inh,0
5276,1395.6,inh,0
4176,1395.9,inh,0
4856,1395.9,inh,0
4356,1396.5,inh,0
4346,1396.7,inh,0
4596,1397.3,inh,0
4756,1397.3,inh,0
4276,1405.8,inh,0
4156,1406.0,inh,0
4676,1406.1,inh,0
4776,1406.1,inh,0
4266,1406.3,inh,0
4726,1406.4,inh,0
4336,1406.6,inh,0
4766,1406.6,inh,0
4486,1407.3,inh,0
5246,1407.3,inh,0
4666,1407.4,inh,0
4856,1407.4,inh,0
5026,1407.6,inh,0
4466,1408.5,inh,0
4146,1408.8,inh,0
4836,1411.8,inh,0
4716,1415.5,inh,0
4786,1416.1,inh,0
5136,1419.0,inh,0
4966,1419.5,inh,0
5186,1419.7,inh,0
4346,1420.5,inh,0
4476,1420.6,inh,0
4856,1424.0,inh,0
4626,1425.5,inh,0
4506,1427.3,inh,0
4876,1427.7,inh,0
4546,1429.1,inh,0
4676,1429.1,inh,0
4156,1431.6,inh,0
4966,1431.8,inh,0
5226,1431.9,inh,0
4486,1433.6,inh,0
4346,1436.1,inh,0
4316,1439.4,inh,0
4806,1440.0,inh,0
4946,1440.0,inh,0
4266,1440.7,inh,0
4786,1440.8,inh,0
4756,1443.1,inh,0
4596,1445.8,inh,0
4666,1446.1,inh,0
4676,1447.4,inh,0
4166,1450.4,inh,0
4966,1451.7,inh,0
4476,1451.8,inh,0
4296,1452.3,inh,0
4766,1452.7,inh,0
4156,1453.4,inh,0
4946,1457.7,inh,0
4486,1462.7,inh,0
4576,1463.3,inh,0
4756,1464.4,inh,0
4496,1464.7,inh,0
4346,1465.1,inh,0
4266,1466.0,inh,0
4786,1467.3,inh,0
4676,1471.1,inh,0
4276,1473.2,inh,0
4766,1477.1,inh,0
4156,1477.3,inh,0
5186,1477.3,inh,0
5106,1477.6,inh,0
4226,1478.0,inh,0
5236,1484.8,inh,0
4166,1485.9,inh,0
4826,1486.7,inh,0
4666,1487.6,inh,0
4756,1487.6,inh,0
4156,1487.7,inh,0
5096,1490.0,inh,0
4146,1491.0,inh,0
4776,1493.1,inh,0
4486,1496.8,inh,0
4896,1496.9,inh,0
5226,1496.9,inh,0
4206,1498.5,inh,0
4516,1498.5,inh,0
5266,1499.1,inh,0
5086,1499.5,inh,0
4156,1499.8,inh,0
4177,0.1,inh,0
4687,0.1,inh,0
5217,13.3,inh,0
4467,17.0,inh,0
5257,18.9,inh,0
4727,24.4,inh,0
4497,30.1,inh,0
4487,30.6,inh,0
4537,34.3,inh,0
4857,38.7,inh,0
4547,47.5,inh,0
4847,48.8,inh,0
5077,53.0,inh,0
5137,54.1,inh,0
4147,59.3,inh,0
4737,61.3,inh,0
5047,62.5,inh,0
5067,63.2,inh,0
4887,63.3,inh,0
4227,63.8,inh,0
5097,64.5,inh,0
4877,65.3,inh,0
4217,74.8,inh,0
4837,77.1,inh,0
4387,77.3,inh,0
4317,79.1,inh,0
4647,81.6,inh,0
4337,84.2,inh,0
5017,92.9,inh,0
4657,96.2,inh,0
5137,97.3,inh,0
4377,97.6,inh,0
4437,97.8,inh,0
4927,101.3,inh,0
4857,103.3,inh,0
4277,109.0,inh,0
4727,112.1,inh,0
5227,112.4,inh,0
4737,113.6,inh,0
5277,114.1,inh,0
5107,115.2,inh,0
4947,117.5,inh,0
4157,118.3,inh,0
4447,122.6,inh,0
4817,124.3,inh,0
4527,124.4,inh,0
5057,126.7,inh,0
4877,129.4,inh,0
4467,138.9,inh,0
4547,146.6,inh,0
4517,147.6,inh,0
4707,147.9,inh,0
4657,152.3,inh,0
4867,159.4,inh,0
4827,162.8,inh,0
5037,163.9,inh,0
4917,171.3,inh,0
4667,178.7,inh,0
4357,182.2,inh,0
5057,189.9,inh,0
4837,192.9,inh,0
4827,193.5,inh,0
5217,195.7,inh,0
4987,197.5,inh,0
4967,201.4,inh,0
5077,201.6,inh,0
4537,201.9,inh,0
4737,202.2,inh,0
5107,206.7,inh,0
4137,208.1,inh,0
4697,209.1,inh,0
4467,209.2,inh,0
4677,211.5,inh,0
4407,215.5,inh,0
4737,225.0,inh,0
4727,236.1,inh,0
4497,236.6,inh,0
4617,238.3,inh,0
4997,238.8,inh,0
4457,240.6,inh,0
5147,241.0,inh,0
5247,241.1,inh,0
4197,244.3,inh,0
5117,250.3,inh,0
5137,252.6,inh,0
4467,254.4,inh,0
4607,263.8,inh,0
4967,266.4,inh,0
4457,268.1,inh,0
4737,268.1,inh,0
4547,268.2,inh,0
4707,277.4,inh,0
4317,278.9,inh,0
4197,284.3,inh,0
4157,286.9,inh,0
4997,289.9,inh,0
4877,298.2,inh,0
4787,299.0,inh,0
4387,299.1,inh,0
5247,307.4,inh,0
5297,308.8,inh,0
4967,310.4,inh,0
4377,311.1,inh,0
5077,311.1,inh,0
4617,314.9,inh,0
4567,315.0,inh,0
5137,321.8,inh,0
4627,323.0,inh,0
4357,325.5,inh,0
4517,326.5,inh,0
4787,330.0,inh,0
4667,331.5,inh,0
4637,332.3,inh,0
4317,333.1,inh,0
4447,335.4,inh,0
4867,337.7,inh,0
5027,341.4,inh,0
5247,341.9,inh,0
4407,342.1,inh,0
4417,342.1,inh,0
4597,342.5,inh,0
4777,345.2,inh,0
5167,355.1,inh,0
5227,359.0,inh,0
4617,359.5,inh,0
5147,361.4,inh,0
4737,372.0,inh,0
4317,380.0,inh,0
4137,381.7,inh,0
5177,390.6,inh,0
4217,393.9,inh,0
4997,402.9,inh,0
5197,403.3,inh,0
4617,403.7,inh,0
5097,404.2,inh,0
5257,404.2,inh,0
4637,412.9,inh,0
4707,414.8,inh,0
4677,416.5,inh,0
4177,421.9,inh,0
4777,422.4,inh,0
4597,429.5,inh,0
4557,434.7,inh,0
4737,436.4,inh,0
4927,436.8,inh,0
4967,454.0,inh,0
4997,455.0,inh,0
4777,462.2,inh,0
5257,466.9,inh,0
5017,469.1,inh,0
4617,472.3,inh,0
4807,480.4,inh,0
4527,482.1,inh,0
4357,484.3,inh,0
4887,485.4,inh,0
5107,487.7,inh,0
4177,498.1,inh,0
4727,506.3,inh,0
4647,506.8,inh,0
4737,507.3,inh,0
5277,507.6,inh,0
5057,507.9,inh,0
4217,508.0,inh,0
4497,508.0,inh,0
5087,508.1,inh,0
5117,508.2,inh,0
4297,508.6,inh,0
4447,508.7,inh,0
4707,508.7,inh,0
4817,509.3,inh,0
4837,510.3,inh,0
4467,510.6,inh,0
5167,510.7,inh,0
4777,510.9,inh,0
5147,511.6,inh,0
4597,511.8,inh,0
4157,512.1,inh,0
4967,512.9,inh,0
4807,516.4,inh,0
5177,516.6,inh,0
4347,517.2,inh,0
5247,517.3,inh,0
4607,518.8,inh,0
4317,519.8,inh,0
4927,520.8,inh,0
5197,521.3,inh,0
4137,521.4,inh,0
4357,521.4,inh,0
4307,521.5,inh,0
5037,522.2,inh,0
4727,523.1,inh,0
5267,526.8,inh,0
5107,531.0,inh,0
5047,532.0,inh,0
4827,532.1,inh,0
4137,532.5,inh,0
4657,533.5,inh,0
4737,533.5,inh,0
5017,533.5,inh,0
4817,533.7,inh,0
4297,534.0,inh,0
4367,534.1,inh,0
4617,535.2,inh,0
5057,535.7,inh,0
5237,535.7,inh,0
4967,536.2,inh,0
4777,537.2,inh,0
4727,544.1,inh,0
4517,546.0,inh,0
4737,546.3,inh,0
4547,548.1,inh,0
4657,548.1,inh,0
5097,548.1,inh,0
5167,548.1,inh,0
4207,548.3,inh,0
5217,548.5,inh,0
4917,548.6,inh,0
4707,548.8,inh,0
5247,548.9,inh,0
5107,549.3,inh,0
4797,549.7,inh,0
4997,549.9,inh,0
4837,550.7,inh,0
4527,552.7,inh,0
4777,552.9,inh,0
5077,560.5,inh,0
4617,560.9,inh,0
4797,561.4,inh,0
4217,561.5,inh,0
4307,561.7,inh,0
5177,562.4,inh,0
5057,562.5,inh,0
4817,562.6,inh,0
4537,563.0,inh,0
4707,563.0,inh,0
5247,563.0,inh,0
4357,565.8,inh,0
4697,566.6,inh,0
4727,573.4,inh,0
4627,574.0,inh,0
4947,574.3,inh,0
4657,574.4,inh,0
5127,574.6,inh,0
4567,574.7,inh,0
5167,575.3,inh,0
4887,576.7,inh,0
5077,577.1,inh,0
5037,579.7,inh,0
4917,581.3,inh,0
5297,585.0,inh,0
4737,586.0,inh,0
4467,587.3,inh,0
4307,587.4,inh,0
4487,587.4,inh,0
5247,587.6,inh,0
4967,587.9,inh,0
4277,588.3,inh,0
4817,588.9,inh,0
4707,589.9,inh,0
4577,593.0,inh,0
4667,598.1,inh,0
5147,598.3,inh,0
4947,598.7,inh,0
4837,598.8,inh,0
5177,599.0,inh,0
4967,599.2,inh,0
4147,599.4,inh,0
4627,599.4,inh,0
4657,599.5,inh,0
4697,599.8,inh,0
5077,599.8,inh,0
4567,599.9,inh,0
5247,600.0,inh,0
4777,600.1,inh,0
4727,600.3,inh,0
5217,600.4,inh,0
5037,602.3,inh,0
4737,605.0,inh,0
5267,607.8,inh,0
4797,610.8,inh,0
4857,611.0,inh,0
4817,611.1,inh,0
4547,611.2,inh,0
4917,611.4,inh,0
4777,612.2,inh,0
4807,612.5,inh,0
4707,613.1,inh,0
5047,616.3,inh,0
4517,618.9,inh,0
4837,620.5,inh,0
4467,624.1,inh,0
4697,625.2,inh,0
5257,625.2,inh,0
4967,625.4,inh,0
4897,626.0,inh,0
4617,626.3,inh,0
4727,627.2,inh,0
4357,628.5,inh,0
4157,632.2,inh,0
4487,633.9,inh,0
5057,635.6,inh,0
4817,635.8,inh,0
5127,636.5,inh,0
4447,636.7,inh,0
4637,636.7,inh,0
4827,636.7,inh,0
4737,637.0,inh,0
4167,637.2,inh,0
5037,637.5,inh,0
5177,637.5,inh,0
4657,638.0,inh,0
4627,639.0,inh,0
4517,648.6,inh,0
5047,648.9,inh,0
5077,648.9,inh,0
5087,649.3,inh,0
4657,649.4,inh,0
5277,649.4,inh,0
5147,650.0,inh,0
4537,650.1,inh,0
4217,651.0,inh,0
5127,655.1,inh,0
4207,660.9,inh,0
4307,662.3,inh,0
4357,663.5,inh,0
5247,663.6,inh,0
4217,664.6,inh,0
4677,665.5,inh,0
4967,667.4,inh,0
5217,670.9,inh,0
4917,671.6,inh,0
4627,671.9,inh,0
4657,672.9,inh,0
4457,673.0,inh,0
5247,673.1,inh,0
5037,673.6,inh,0
5057,674.1,inh,0
4777,674.8,inh,0
4817,681.5,inh,0
4807,681.7,inh,0
4177,682.7,inh,0
4997,683.5,inh,0
5107,683.7,inh,0
4137,683.8,inh,0
4787,684.0,inh,0
4967,684.0,inh,0
4467,684.2,inh,0
4617,684.2,inh,0
4567,685.2,inh,0
4737,685.5,inh,0
4517,685.9,inh,0
4477,686.0,inh,0
4707,686.3,inh,0
4547,686.4,inh,0
4847,686.4,inh,0
4697,686.6,inh,0
4317,689.5,inh,0
5257,690.9,inh,0
4887,694.8,inh,0
5147,695.4,inh,0
4947,695.9,inh,0
4617,697.2,inh,0
5247,697.5,inh,0
4727,697.6,inh,0
4697,698.1,inh,0
4287,698.4,inh,0
5127,699.6,inh,0
4807,703.5,inh,0
5037,706.9,inh,0
4577,707.7,inh,0
4817,708.1,inh,0
4357,709.1,inh,0
4887,709.4,inh,0
4737,709.5,inh,0
4597,709.7,inh,0
4967,710.4,inh,0
4707,710.5,inh,0
4837,710.7,inh,0
5117,710.9,inh,0
4727,717.7,inh,0
5037,718.7,inh,0
5047,721.3,inh,0
4467,721.5,inh,0
4457,722.3,inh,0
4807,722.3,inh,0
4447,723.0,inh,0
4577,723.8,inh,0
4967,723.9,inh,0
4147,724.4,inh,0
4337,724.8,inh,0
4887,726.0,inh,0
5087,728.4,inh,0
5247,732.7,inh,0
4517,733.6,inh,0
4667,734.1,inh,0
4817,734.6,inh,0
4547,734.9,inh,0
4807,735.3,inh,0
4737,735.7,inh,0
4967,735.8,inh,0
4727,736.2,inh,0
4577,736.4,inh,0
4307,745.0,inh,0
4787,747.3,inh,0
4827,747.3,inh,0
4367,747.4,inh,0
4707,747.4,inh,0
4567,748.9,inh,0
5057,748.9,inh,0
4817,749.3,inh,0
4447,749.4,inh,0
4357,755.6,inh,0
4627,758.2,inh,0
4947,759.1,inh,0
4157,759.2,inh,0
4497,759.8,inh,0
4317,760.4,inh,0
5037,760.5,inh,0
4327,761.1,inh,0
4467,761.4,inh,0
4847,768.9,inh,0
4827,769.7,inh,0
4737,770.1,inh,0
5107,771.0,inh,0
4707,771.7,inh,0
4517,772.3,inh,0
4387,772.4,inh,0
4787,772.8,inh,0
4967,772.8,inh,0
4677,773.0,inh,0
5097,773.0,inh,0
4727,773.1,inh,0
4657,773.6,inh,0
5077,773.6,inh,0
5017,773.7,inh,0
4597,773.9,inh,0
4627,774.5,inh,0
4537,782.8,inh,0
4467,783.7,inh,0
4617,783.9,inh,0
4657,784.1,inh,0
4357,784.4,inh,0
5147,784.7,inh,0
5107,785.0,inh,0
4567,785.2,inh,0
4527,785.3,inh,0
4887,785.8,inh,0
4727,786.0,inh,0
5217,786.0,inh,0
5057,786.2,inh,0
4967,787.6,inh,0
4157,793.1,inh,0
4707,795.4,inh,0
5247,796.9,inh,0
4357,797.1,inh,0
4737,797.7,inh,0
5037,797.9,inh,0
4727,798.3,inh,0
5167,798.3,inh,0
5057,798.9,inh,0
4737,808.3,inh,0
4837,808.3,inh,0
4137,808.6,inh,0
4707,809.0,inh,0
4547,809.5,inh,0
5077,810.4,inh,0
4817,811.0,inh,0
4727,811.3,inh,0
4467,813.2,inh,0
5057,813.7,inh,0
4567,813.8,inh,0
5037,814.9,inh,0
4357,818.3,inh,0
4147,819.3,inh,0
4577,820.3,inh,0
4627,821.2,inh,0
4827,821.4,inh,0
5247,821.4,inh,0
4417,821.5,inh,0
5167,821.5,inh,0
4777,821.8,inh,0
4447,822.0,inh,0
4457,822.0,inh,0
4847,822.0,inh,0
5107,822.0,inh,0
5057,822.2,inh,0
4727,822.5,inh,0
5097,823.7,inh,0
4737,824.2,inh,0
4617,830.7,inh,0
4927,831.8,inh,0
4517,833.0,inh,0
4807,833.2,inh,0
4307,833.7,inh,0
4817,834.0,inh,0
5037,834.1,inh,0
4737,834.2,inh,0
4777,834.3,inh,0
4217,834.5,inh,0
4547,834.6,inh,0
4967,834.6,inh,0
5237,835.4,inh,0
5197,835.9,inh,0
4887,836.5,inh,0
4857,843.8,inh,0
4467,844.5,inh,0
4577,844.6,inh,0
4357,848.1,inh,0
4307,848.4,inh,0
5177,848.5,inh,0
4497,852.6,inh,0
4217,856.9,inh,0
4537,857.2,inh,0
4657,857.6,inh,0
4317,858.4,inh,0
5047,858.8,inh,0
4487,859.2,inh,0
5217,859.2,inh,0
4257,859.3,inh,0
4837,860.6,inh,0
5247,861.7,inh,0
4707,863.0,inh,0
4727,865.6,inh,0
4887,866.7,inh,0
4417,868.3,inh,0
5037,868.4,inh,0
4287,868.6,inh,0
5147,868.7,inh,0
4547,868.8,inh,0
4817,868.9,inh,0
5127,869.1,inh,0
4357,869.4,inh,0
4967,870.0,inh,0
5257,870.2,inh,0
4447,870.7,inh,0
4497,870.7,inh,0
4517,871.7,inh,0
4577,881.8,inh,0
4807,882.0,inh,0
4767,882.2,inh,0
5167,882.4,inh,0
4567,882.5,inh,0
4627,882.7,inh,0
5117,883.1,inh,0
5297,883.4,inh,0
5097,884.1,inh,0
5247,884.2,inh,0
4617,884.6,inh,0
4757,884.8,inh,0
5057,884.9,inh,0
4727,893.9,inh,0
4737,894.3,inh,0
5077,895.3,inh,0
4967,895.8,inh,0
4817,896.1,inh,0
4847,896.2,inh,0
4617,896.7,inh,0
5257,896.7,inh,0
5037,896.9,inh,0
4647,897.3,inh,0
5117,897.4,inh,0
4137,897.5,inh,0
4467,904.5,inh,0
5247,905.7,inh,0
4707,906.6,inh,0
4307,907.5,inh,0
4137,909.8,inh,0
4697,910.5,inh,0
4727,915.1,inh,0
4997,915.8,inh,0
4807,916.1,inh,0
4567,917.2,inh,0
5207,917.2,inh,0
4637,918.2,inh,0
4737,918.8,inh,0
4917,921.8,inh,0
4317,922.8,inh,0
4617,930.2,inh,0
5077,931.1,inh,0
4817,931.2,inh,0
5117,932.8,inh,0
5257,933.4,inh,0
5087,933.7,inh,0
4577,935.4,inh,0
4967,937.2,inh,0
4947,937.3,inh,0
5177,940.0,inh,0
5147,942.6,inh,0
4847,943.4,inh,0
4327,943.6,inh,0
5237,944.0,inh,0
4467,944.3,inh,0
4517,945.3,inh,0
5057,945.6,inh,0
4827,945.8,inh,0
4967,945.8,inh,0
4807,946.3,inh,0
5117,946.6,inh,0
5167,948.8,inh,0
4727,949.4,inh,0
4737,951.4,inh,0
5037,952.8,inh,0
5127,953.4,inh,0
5247,957.0,inh,0
4677,958.0,inh,0
4357,958.6,inh,0
4817,958.9,inh,0
4627,959.9,inh,0
5117,960.5,inh,0
4617,963.9,inh,0
4467,966.4,inh,0
5177,967.4,inh,0
4887,967.7,inh,0
4307,968.4,inh,0
4967,968.5,inh,0
4457,968.8,inh,0
5077,969.6,inh,0
4217,973.4,inh,0
4657,973.9,inh,0
4357,976.2,inh,0
4827,976.8,inh,0
4517,978.1,inh,0
4737,978.5,inh,0
4567,978.8,inh,0
4847,980.7,inh,0
4347,981.0,inh,0
5107,981.2,inh,0
4967,981.5,inh,0
4727,981.6,inh,0
5217,982.4,inh,0
4917,983.6,inh,0
4777,983.7,inh,0
4447,984.1,inh,0
4817,989.1,inh,0
5037,990.4,inh,0
4777,993.9,inh,0
4307,994.0,inh,0
4757,994.1,inh,0
5127,995.0,inh,0
4697,995.3,inh,0
4967,997.8,inh,0
4637,998.4,inh,0
5147,1001.0,inh,0
4487,1002.4,inh,0
4497,1002.9,inh,0
5247,1002.9,inh,0
4247,1004.1,inh,0
4357,1004.1,inh,0
4887,1006.0,inh,0
4617,1006.2,inh,0
4737,1006.4,inh,0
4787,1006.4,inh,0
4177,1006.8,inh,0
4777,1007.0,inh,0
4697,1007.1,inh,0
5097,1007.5,inh,0
4417,1007.6,inh,0
4947,1007.6,inh,0
4467,1008.0,inh,0
4217,1009.3,inh,0
5217,1010.4,inh,0
4517,1017.0,inh,0
4727,1020.1,inh,0
4637,1020.8,inh,0
4817,1022.0,inh,0
4467,1023.0,inh,0
4657,1023.0,inh,0
4217,1028.6,inh,0
4737,1031.8,inh,0
5247,1032.0,inh,0
4257,1032.8,inh,0
5297,1035.6,inh,0
4727,1036.7,inh,0
4307,1038.1,inh,0
4137,1038.9,inh,0
4467,1043.9,inh,0
4627,1044.0,inh,0
5147,1044.3,inh,0
4517,1044.4,inh,0
4917,1046.2,inh,0
4367,1047.5,inh,0
5247,1047.7,inh,0
5127,1051.7,inh,0
4837,1056.1,inh,0
5217,1057.3,inh,0
5057,1058.5,inh,0
4257,1060.8,inh,0
4707,1061.9,inh,0
4297,1062.2,inh,0
4967,1062.7,inh,0
5187,1066.1,inh,0
4657,1066.8,inh,0
4617,1067.0,inh,0
4787,1067.9,inh,0
4737,1068.9,inh,0
4827,1069.7,inh,0
4637,1070.0,inh,0
4727,1070.0,inh,0
4597,1071.7,inh,0
4137,1073.9,inh,0
4387,1074.5,inh,0
4817,1074.6,inh,0
4567,1078.1,inh,0
5037,1080.6,inh,0
4827,1081.1,inh,0
4737,1082.2,inh,0
4647,1083.3,inh,0
4727,1084.3,inh,0
5247,1085.5,inh,0
5097,1088.2,inh,0
5237,1091.0,inh,0
4607,1091.9,inh,0
5127,1092.1,inh,0
5277,1092.3,inh,0
4577,1092.7,inh,0
4357,1092.9,inh,0
4697,1093.3,inh,0
4307,1093.7,inh,0
4617,1094.3,inh,0
5077,1098.0,inh,0
4637,1104.3,inh,0
4807,1104.4,inh,0
4817,1104.4,inh,0
4787,1104.5,inh,0
5107,1104.6,inh,0
4207,1104.7,inh,0
4917,1104.9,inh,0
4707,1106.4,inh,0
4887,1108.2,inh,0
4857,1110.3,inh,0
4737,1110.9,inh,0
5057,1111.0,inh,0
4627,1111.2,inh,0
5237,1111.3,inh,0
4967,1112.1,inh,0
4547,1113.4,inh,0
5137,1113.5,inh,0
5117,1113.6,inh,0
4217,1113.7,inh,0
5247,1116.8,inh,0
4317,1117.2,inh,0
4467,1117.6,inh,0
4147,1117.7,inh,0
4497,1119.9,inh,0
5147,1124.8,inh,0
4347,1126.9,inh,0
4967,1128.5,inh,0
4817,1129.1,inh,0
5097,1129.6,inh,0
4857,1131.9,inh,0
4517,1139.3,inh,0
4737,1139.4,inh,0
5277,1140.0,inh,0
4847,1140.2,inh,0
4607,1141.7,inh,0
4137,1142.1,inh,0
4777,1142.9,inh,0
5247,1143.2,inh,0
5207,1146.1,inh,0
4737,1150.4,inh,0
4807,1156.2,inh,0
4307,1156.9,inh,0
4547,1157.3,inh,0
4827,1158.0,inh,0
5037,1159.7,inh,0
4517,1160.6,inh,0
4737,1167.7,inh,0
5147,1169.2,inh,0
5247,1170.6,inh,0
4447,1170.7,inh,0
4537,1171.3,inh,0
4347,1179.7,inh,0
5217,1180.5,inh,0
5057,1181.0,inh,0
4497,1181.4,inh,0
5247,1181.4,inh,0
4467,1181.7,inh,0
4737,1181.7,inh,0
4807,1181.8,inh,0
5107,1182.0,inh,0
4567,1182.1,inh,0
4777,1182.4,inh,0
5117,1182.4,inh,0
4917,1183.0,inh,0
4827,1185.6,inh,0
4617,1187.5,inh,0
4307,1190.2,inh,0
4657,1190.4,inh,0
4217,1190.8,inh,0
4517,1195.0,inh,0
4637,1195.4,inh,0
5127,1195.8,inh,0
4447,1197.8,inh,0
4257,1198.1,inh,0
4807,1204.0,inh,0
4967,1204.1,inh,0
4547,1204.3,inh,0
5107,1204.5,inh,0
4647,1205.8,inh,0
4357,1205.9,inh,0
4657,1206.1,inh,0
4317,1207.0,inh,0
4707,1208.0,inh,0
4387,1209.7,inh,0
4637,1216.4,inh,0
4737,1216.8,inh,0
5297,1217.2,inh,0
4157,1217.6,inh,0
4627,1217.7,inh,0
4967,1217.8,inh,0
4497,1218.4,inh,0
4437,1220.2,inh,0
5037,1226.0,inh,0
4567,1226.8,inh,0
5247,1228.6,inh,0
4827,1228.9,inh,0
5177,1229.1,inh,0
5147,1229.4,inh,0
4767,1230.8,inh,0
4357,1230.9,inh,0
4737,1239.7,inh,0
4817,1239.8,inh,0
4537,1242.0,inh,0
4857,1242.0,inh,0
4917,1242.1,inh,0
4517,1242.2,inh,0
4467,1245.3,inh,0
4657,1246.9,inh,0
4497,1249.0,inh,0
5117,1252.8,inh,0
4577,1253.3,inh,0
4727,1254.3,inh,0
4317,1254.6,inh,0
4567,1256.0,inh,0
4777,1256.1,inh,0
4737,1256.3,inh,0
5067,1257.1,inh,0
4417,1263.9,inh,0
4807,1263.9,inh,0
4827,1264.3,inh,0
4887,1265.9,inh,0
4917,1266.0,inh,0
5127,1266.1,inh,0
4637,1266.3,inh,0
4387,1268.7,inh,0
4707,1271.1,inh,0
4837,1275.6,inh,0
4617,1276.3,inh,0
5297,1277.1,inh,0
5217,1277.5,inh,0
4967,1277.7,inh,0
5257,1277.8,inh,0
4567,1278.0,inh,0
4757,1278.0,inh,0
4737,1278.4,inh,0
5147,1279.2,inh,0
4447,1279.3,inh,0
4467,1281.0,inh,0
4817,1285.1,inh,0
4577,1287.7,inh,0
5247,1288.1,inh,0
5117,1288.6,inh,0
4837,1289.5,inh,0
4807,1290.2,inh,0
4557,1291.1,inh,0
4357,1292.1,inh,0
4317,1294.1,inh,0
4737,1296.6,inh,0
4917,1299.5,inh,0
5057,1300.5,inh,0
4967,1302.5,inh,0
4947,1304.8,inh,0
4887,1310.3,inh,0
4547,1310.7,inh,0
4737,1311.1,inh,0
4857,1311.3,inh,0
5297,1311.7,inh,0
5037,1312.0,inh,0
4347,1312.4,inh,0
4807,1312.5,inh,0
5247,1312.5,inh,0
4617,1312.9,inh,0
5077,1313.5,inh,0
4727,1314.4,inh,0
4517,1314.6,inh,0
4307,1316.1,inh,0
4627,1317.8,inh,0
4817,1320.6,inh,0
4467,1322.7,inh,0
4137,1323.6,inh,0
5147,1323.6,inh,0
4657,1326.4,inh,0
4707,1326.6,inh,0
5057,1329.0,inh,0
5087,1329.3,inh,0
4737,1334.7,inh,0
4847,1334.7,inh,0
4537,1335.2,inh,0
4777,1335.9,inh,0
4807,1336.6,inh,0
4837,1336.6,inh,0
4927,1336.8,inh,0
4917,1336.9,inh,0
4617,1337.0,inh,0
4967,1337.7,inh,0
4887,1337.9,inh,0
5037,1338.1,inh,0
4827,1338.2,inh,0
5247,1348.4,inh,0
5087,1349.6,inh,0
4727,1350.2,inh,0
4547,1350.3,inh,0
4517,1356.6,inh,0
4267,1358.9,inh,0
5037,1359.7,inh,0
5147,1359.8,inh,0
4347,1361.4,inh,0
4457,1361.9,inh,0
4727,1367.0,inh,0
4467,1370.6,inh,0
4737,1370.7,inh,0
4177,1371.4,inh,0
5107,1371.5,inh,0
5127,1371.8,inh,0
4217,1373.2,inh,0
4357,1373.3,inh,0
4847,1373.8,inh,0
4967,1373.9,inh,0
4707,1374.0,inh,0
4677,1374.5,inh,0
4627,1378.9,inh,0
5247,1381.6,inh,0
4517,1382.8,inh,0
4547,1382.8,inh,0
4407,1383.7,inh,0
5057,1384.3,inh,0
4887,1384.4,inh,0
5177,1384.6,inh,0
4767,1384.7,inh,0
4797,1384.7,inh,0
5117,1384.9,inh,0
5257,1384.9,inh,0
4487,1385.3,inh,0
4707,1386.0,inh,0
4917,1386.7,inh,0
4827,1393.9,inh,0
4417,1395.1,inh,0
5167,1395.4,inh,0
4657,1395.9,inh,0
4727,1396.7,inh,0
5087,1397.1,inh,0
4697,1397.2,inh,0
5107,1397.4,inh,0
5247,1403.8,inh,0
4777,1405.3,inh,0
4547,1406.1,inh,0
5127,1406.5,inh,0
4887,1406.6,inh,0
4707,1406.7,inh,0
4727,1415.1,inh,0
4217,1416.0,inh,0
4837,1418.6,inh,0
5117,1418.9,inh,0
4967,1419.5,inh,0
4737,1421.9,inh,0
5147,1423.4,inh,0
4737,1430.1,inh,0
4817,1430.1,inh,0
4897,1431.7,inh,0
4777,1432.4,inh,0
5077,1432.9,inh,0
4647,1433.1,inh,0
4947,1433.3,inh,0
4637,1433.9,inh,0
4467,1435.8,inh,0
4917,1440.1,inh,0
4617,1441.0,inh,0
5167,1441.3,inh,0
4257,1441.6,inh,0
5207,1441.6,inh,0
4577,1445.9,inh,0
4357,1448.0,inh,0
4137,1451.2,inh,0
4277,1452.2,inh,0
4707,1452.6,inh,0
4817,1453.1,inh,0
4727,1453.5,inh,0
4467,1453.9,inh,0
4517,1453.9,inh,0
4347,1454.0,inh,0
5057,1454.6,inh,0
5177,1456.0,inh,0
4737,1461.7,inh,0
4697,1461.8,inh,0
4177,1463.5,inh,0
5297,1463.7,inh,0
4147,1464.1,inh,0
4207,1466.8,inh,0
4297,1467.2,inh,0
5117,1471.0,inh,0
4517,1473.4,inh,0
4967,1475.9,inh,0
4837,1476.3,inh,0
4777,1476.8,inh,0
4817,1476.9,inh,0
4857,1476.9,inh,0
4947,1477.0,inh,0
5237,1477.1,inh,0
4197,1477.4,inh,0
4887,1477.4,inh,0
5037,1477.4,inh,0
4657,1478.0,inh,0
5177,1478.4,inh,0
4827,1479.5,inh,0
5087,1480.1,inh,0
4317,1480.7,inh,0
5077,1481.1,inh,0
4617,1487.0,inh,0
4577,1487.7,inh,0
4887,1488.3,inh,0
4307,1488.4,inh,0
4737,1495.8,inh,0
4277,1499.5,inh,0
5247,1499.5,inh,0
4178,17.9,inh,0
4298,31.0,inh,0
4978,33.1,inh,0
5238,42.8,inh,0
4898,46.1,inh,0
5178,46.5,inh,0
5158,51.3,inh,0
4358,62.7,inh,0
5278,65.1,inh,0
4368,67.7,inh,0
4278,68.1,inh,0
5288,72.5,inh,0
4218,79.7,inh,0
4588,82.0,inh,0
4638,82.2,inh,0
5158,82.2,inh,0
4688,82.6,inh,0
4468,84.8,inh,0
5108,85.7,inh,0
4768,93.2,inh,0
4958,94.3,inh,0
4178,96.9,inh,0
4168,98.8,inh,0
4988,101.7,inh,0
5128,105.8,inh,0
4998,109.0,inh,0
4428,109.5,inh,0
4648,110.0,inh,0
4718,110.5,inh,0
4598,110.6,inh,0
4238,110.7,inh,0
4788,114.0,inh,0
4468,115.0,inh,0
4698,117.6,inh,0
5078,122.1,inh,0
4208,122.2,inh,0
4318,123.8,inh,0
4218,136.7,inh,0
5158,137.7,inh,0
4378,142.3,inh,0
4138,145.3,inh,0
5268,147.2,inh,0
4968,149.0,inh,0
4628,149.4,inh,0
5298,151.9,inh,0
4478,152.5,inh,0
5278,155.9,inh,0
4368,158.8,inh,0
4178,159.1,inh,0
5228,161.3,inh,0
4698,161.8,inh,0
4198,162.8,inh,0
4678,163.6,inh,0
4498,163.7,inh,0
5088,163.7,inh,0
4478,169.3,inh,0
5168,173.9,inh,0
5218,174.7,inh,0
4568,175.1,inh,0
5198,182.0,inh,0
5178,184.2,inh,0
4368,191.7,inh,0
4288,193.8,inh,0
4218,194.7,inh,0
4698,198.9,inh,0
4338,199.2,inh,0
4828,205.6,inh,0
5138,211.3,inh,0
5248,213.1,inh,0
4988,222.8,inh,0
5228,223.0,inh,0
4708,224.4,inh,0
5188,233.3,inh,0
4638,234.9,inh,0
5138,237.3,inh,0
5198,237.6,inh,0
4208,244.2,inh,0
4398,246.6,inh,0
4188,249.0,inh,0
4778,251.5,inh,0
4468,251.6,inh,0
4888,252.9,inh,0
4988,258.5,inh,0
4858,259.6,inh,0
4258,261.2,inh,0
4588,262.7,inh,0
4608,264.3,inh,0
4978,264.4,inh,0
4388,265.7,inh,0
4578,268.5,inh,0
4178,269.4,inh,0
5088,272.9,inh,0
5268,275.6,inh,0
4698,278.2,inh,0
4438,279.9,inh,0
4868,282.9,inh,0
4798,287.5,inh,0
4908,293.6,inh,0
4928,295.3,inh,0
4968,296.9,inh,0
4978,298.7,inh,0
4218,300.2,inh,0
5198,309.5,inh,0
4778,309.7,inh,0
4628,311.4,inh,0
5168,316.5,inh,0
5028,319.9,inh,0
4798,321.6,inh,0
5258,322.9,inh,0
4998,323.9,inh,0
4548,325.1,inh,0
5048,330.7,inh,0
4638,335.3,inh,0
4388,341.4,inh,0
4368,341.9,inh,0
4978,343.2,inh,0
4208,352.8,inh,0
4478,356.5,inh,0
4958,359.0,inh,0
4738,359.2,inh,0
5238,371.3,inh,0
4808,372.0,inh,0
4768,378.7,inh,0
5148,379.1,inh,0
5198,382.3,inh,0
5128,385.4,inh,0
5178,385.7,inh,0
4458,389.0,inh,0
4928,393.7,inh,0
4878,395.5,inh,0
4608,398.2,inh,0
4658,398.7,inh,0
4758,398.9,inh,0
5088,402.0,inh,0
4898,403.5,inh,0
4688,405.7,inh,0
4858,416.7,inh,0
4988,418.2,inh,0
4178,422.9,inh,0
4328,427.8,inh,0
5128,428.0,inh,0
4848,430.8,inh,0
4498,434.2,inh,0
5138,435.2,inh,0
5008,438.3,inh,0
4878,441.3,inh,0
4478,455.9,inh,0
4468,456.0,inh,0
4588,456.1,inh,0
4988,462.0,inh,0
4978,467.4,inh,0
5178,468.7,inh,0
4278,470.0,inh,0
4208,473.7,inh,0
4488,479.2,inh,0
5228,486.9,inh,0
5138,487.0,inh,0
5048,490.6,inh,0
4468,495.4,inh,0
4638,497.5,inh,0
4148,506.1,inh,0
5198,507.0,inh,0
4718,507.1,inh,0
5178,507.2,inh,0
4828,507.4,inh,0
5108,507.6,inh,0
4998,507.7,inh,0
5228,507.7,inh,0
4368,507.8,inh,0
4528,507.8,inh,0
4988,507.9,inh,0
4218,508.0,inh,0
4868,508.1,inh,0
4908,508.1,inh,0
5258,508.1,inh,0
4178,508.2,inh,0
5138,508.2,inh,0
4348,508.3,inh,0
5268,508.3,inh,0
4338,508.4,inh,0
5068,508.6,inh,0
5298,508.6,inh,0
4298,508.8,inh,0
4888,509.1,inh,0
4798,509.4,inh,0
4738,510.7,inh,0
5048,511.0,inh,0
4268,512.4,inh,0
4568,513.4,inh,0
4378,513.6,inh,0
4598,514.0,inh,0
4918,514.2,inh,0
4208,514.3,inh,0
4848,514.6,inh,0
4638,516.7,inh,0
5068,518.0,inh,0
4658,519.6,inh,0
4948,519.8,inh,0
4288,520.0,inh,0
5298,522.5,inh,0
5188,522.6,inh,0
4308,523.4,inh,0
4188,523.5,inh,0
5198,530.9,inh,0
5168,532.3,inh,0
4138,533.1,inh,0
4858,533.7,inh,0
5228,534.2,inh,0
4228,534.6,inh,0
4458,534.6,inh,0
4478,534.6,inh,0
5248,534.6,inh,0
4378,534.7,inh,0
5008,534.8,inh,0
5128,535.0,inh,0
4408,535.3,inh,0
4538,535.4,inh,0
4798,535.4,inh,0
4188,539.0,inh,0
4438,543.4,inh,0
4638,544.4,inh,0
5198,546.7,inh,0
4388,546.8,inh,0
5088,547.4,inh,0
4988,547.8,inh,0
4588,548.1,inh,0
4648,548.1,inh,0
5298,548.1,inh,0
5028,548.2,inh,0
4468,548.3,inh,0
4478,548.4,inh,0
4348,548.8,inh,0
4138,549.1,inh,0
4768,549.2,inh,0
4798,549.7,inh,0
4808,549.8,inh,0
4848,550.1,inh,0
5128,550.2,inh,0
4998,550.3,inh,0
4918,551.2,inh,0
4208,551.5,inh,0
4798,560.9,inh,0
4828,562.2,inh,0
4988,562.2,inh,0
5198,562.8,inh,0
4868,563.0,inh,0
4428,563.5,inh,0
4138,564.6,inh,0
5238,568.0,inh,0
4408,569.7,inh,0
4298,569.9,inh,0
4528,570.0,inh,0
5298,574.1,inh,0
5008,575.4,inh,0
4808,576.9,inh,0
4218,577.5,inh,0
4228,577.5,inh,0
4638,579.5,inh,0
4198,580.8,inh,0
4388,582.3,inh,0
4378,582.5,inh,0
5028,584.1,inh,0
4298,584.5,inh,0
4308,584.7,inh,0
4768,585.6,inh,0
4868,585.8,inh,0
5128,585.9,inh,0
4338,586.0,inh,0
4478,586.8,inh,0
4958,587.0,inh,0
4798,588.3,inh,0
4188,588.8,inh,0
4178,590.7,inh,0
4218,593.1,inh,0
4988,593.1,inh,0
5228,595.2,inh,0
4948,597.5,inh,0
4368,597.8,inh,0
5198,598.0,inh,0
4208,598.6,inh,0
4428,598.7,inh,0
5208,599.1,inh,0
4958,599.5,inh,0
4878,599.7,inh,0
4478,599.8,inh,0
4268,600.0,inh,0
5088,600.1,inh,0
4698,600.5,inh,0
4348,601.4,inh,0
4248,601.5,inh,0
4138,607.6,inh,0
4568,608.0,inh,0
4848,609.7,inh,0
5268,610.4,inh,0
4988,612.1,inh,0
5028,613.5,inh,0
5088,613.8,inh,0
4228,615.5,inh,0
4198,616.3,inh,0
4388,619.3,inh,0
5178,622.8,inh,0
4478,623.9,inh,0
5198,625.9,inh,0
4468,626.5,inh,0
5138,627.6,inh,0
4378,627.9,inh,0
4968,628.4,inh,0
4448,633.7,inh,0
4808,635.0,inh,0
4908,635.6,inh,0
4608,635.8,inh,0
4208,636.3,inh,0
5088,636.3,inh,0
5198,636.3,inh,0
5028,636.5,inh,0
5208,636.7,inh,0
4298,637.0,inh,0
4798,637.0,inh,0
4648,637.4,inh,0
5068,639.8,inh,0
4828,643.2,inh,0
5178,645.2,inh,0
4388,647.0,inh,0
4738,647.5,inh,0
5108,648.9,inh,0
4858,649.0,inh,0
5198,649.2,inh,0
4368,649.9,inh,0
4478,649.9,inh,0
5028,649.9,inh,0
4958,659.7,inh,0
5298,659.8,inh,0
4218,661.0,inh,0
4848,671.5,inh,0
4308,672.9,inh,0
5168,672.9,inh,0
4338,675.3,inh,0
4878,678.1,inh,0
4468,680.1,inh,0
4298,683.4,inh,0
4908,683.5,inh,0
4428,684.0,inh,0
5128,684.0,inh,0
5028,684.1,inh,0
5278,684.2,inh,0
4358,684.3,inh,0
4948,684.3,inh,0
4828,684.5,inh,0
4208,686.2,inh,0
4348,686.6,inh,0
4998,686.7,inh,0
5068,686.8,inh,0
5138,692.2,inh,0
4978,695.9,inh,0
4528,696.9,inh,0
5088,697.4,inh,0
4368,698.1,inh,0
4558,698.1,inh,0
4988,700.0,inh,0
4738,700.2,inh,0
5198,702.1,inh,0
4208,703.4,inh,0
5088,709.6,inh,0
4308,709.7,inh,0
4338,709.7,inh,0
4258,709.8,inh,0
4958,709.8,inh,0
4388,710.1,inh,0
4218,710.3,inh,0
5028,710.6,inh,0
4798,712.1,inh,0
4478,715.9,inh,0
5138,717.8,inh,0
4848,718.3,inh,0
5178,718.6,inh,0
4428,718.9,inh,0
4988,719.2,inh,0
4568,721.1,inh,0
4418,721.9,inh,0
5198,721.9,inh,0
4688,722.0,inh,0
4268,722.1,inh,0
4868,722.2,inh,0
5168,722.5,inh,0
5068,724.3,inh,0
4888,724.7,inh,0
4188,724.9,inh,0
4908,725.0,inh,0
5128,730.1,inh,0
4268,734.3,inh,0
4278,734.8,inh,0
4848,734.9,inh,0
4798,735.1,inh,0
4368,735.4,inh,0
4568,735.4,inh,0
5138,736.2,inh,0
5238,736.4,inh,0
5248,736.4,inh,0
4288,736.7,inh,0
4478,737.0,inh,0
5168,744.7,inh,0
4578,745.0,inh,0
5298,745.6,inh,0
4828,746.4,inh,0
5178,748.3,inh,0
5048,748.8,inh,0
4308,749.3,inh,0
4268,749.7,inh,0
4528,749.7,inh,0
5118,749.8,inh,0
5198,751.0,inh,0
4768,758.9,inh,0
4138,759.5,inh,0
4568,759.5,inh,0
4688,759.5,inh,0
4468,759.6,inh,0
4388,759.8,inh,0
5228,760.0,inh,0
4608,760.7,inh,0
4868,769.2,inh,0
4338,769.9,inh,0
4658,772.3,inh,0
4478,773.0,inh,0
5298,773.0,inh,0
4878,773.1,inh,0
4798,773.2,inh,0
4988,773.4,inh,0
4358,773.6,inh,0
5048,773.7,inh,0
5208,773.9,inh,0
4738,774.0,inh,0
4368,775.5,inh,0
4568,778.0,inh,0
5128,783.9,inh,0
4178,784.6,inh,0
4348,784.9,inh,0
4638,785.5,inh,0
5028,785.6,inh,0
5168,785.8,inh,0
4848,786.5,inh,0
4958,786.5,inh,0
4858,786.7,inh,0
5108,793.1,inh,0
4988,795.4,inh,0
5198,795.5,inh,0
4948,796.6,inh,0
5278,796.8,inh,0
4228,797.0,inh,0
4598,797.3,inh,0
4808,797.4,inh,0
4868,799.9,inh,0
4918,807.1,inh,0
4978,808.5,inh,0
5108,808.5,inh,0
4428,808.8,inh,0
4398,809.3,inh,0
4728,809.4,inh,0
4338,811.8,inh,0
4498,812.2,inh,0
4568,812.3,inh,0
4308,815.5,inh,0
5198,816.7,inh,0
5128,820.0,inh,0
5178,820.8,inh,0
5238,821.1,inh,0
4198,821.9,inh,0
4218,822.2,inh,0
4138,822.6,inh,0
4918,822.6,inh,0
5068,822.7,inh,0
4478,822.8,inh,0
4868,822.8,inh,0
5278,822.9,inh,0
4788,823.2,inh,0
4368,825.2,inh,0
4798,829.6,inh,0
4998,832.9,inh,0
4348,833.4,inh,0
4738,833.5,inh,0
4298,834.0,inh,0
4988,834.1,inh,0
5298,834.1,inh,0
5198,843.9,inh,0
4208,845.8,inh,0
4768,845.9,inh,0
4848,846.5,inh,0
4218,847.2,inh,0
4858,847.4,inh,0
5048,848.2,inh,0
5178,848.2,inh,0
4178,848.9,inh,0
4638,849.6,inh,0
4678,850.1,inh,0
4338,853.0,inh,0
4258,856.9,inh,0
4828,857.4,inh,0
4298,858.1,inh,0
5198,858.1,inh,0
5108,859.3,inh,0
4798,860.1,inh,0
5028,860.1,inh,0
5088,860.3,inh,0
4378,865.7,inh,0
4848,868.3,inh,0
4478,869.1,inh,0
4568,869.9,inh,0
5088,871.1,inh,0
4278,871.5,inh,0
4868,871.9,inh,0
4718,872.7,inh,0
4768,873.5,inh,0
5138,874.5,inh,0
4998,879.5,inh,0
5198,881.7,inh,0
4648,882.5,inh,0
5298,882.7,inh,0
4148,883.1,inh,0
4808,887.1,inh,0
5008,889.5,inh,0
4268,893.6,inh,0
5198,894.1,inh,0
4308,894.2,inh,0
4228,894.7,inh,0
4138,895.4,inh,0
4348,895.8,inh,0
5248,895.8,inh,0
4338,895.9,inh,0
4368,895.9,inh,0
4208,896.0,inh,0
4698,896.4,inh,0
5238,896.6,inh,0
5298,897.2,inh,0
5178,900.7,inh,0
4828,904.1,inh,0
4408,907.6,inh,0
4798,907.8,inh,0
4648,908.3,inh,0
4478,913.3,inh,0
5198,917.8,inh,0
4818,918.1,inh,0
5008,918.5,inh,0
4268,919.8,inh,0
4988,921.8,inh,0
4608,922.3,inh,0
4188,922.7,inh,0
5058,925.5,inh,0
5088,926.7,inh,0
4968,929.2,inh,0
4918,929.8,inh,0
4218,930.3,inh,0
4848,931.9,inh,0
4358,932.5,inh,0
4798,932.5,inh,0
4478,932.9,inh,0
4768,933.1,inh,0
4258,934.9,inh,0
5138,935.3,inh,0
4138,936.0,inh,0
4208,937.8,inh,0
4368,939.6,inh,0
4678,942.7,inh,0
4438,943.9,inh,0
4268,944.1,inh,0
5168,944.5,inh,0
5198,944.8,inh,0
4848,945.1,inh,0
5278,945.3,inh,0
4988,945.8,inh,0
5138,945.8,inh,0
5178,950.3,inh,0
4198,953.7,inh,0
4588,958.5,inh,0
5298,958.7,inh,0
4298,958.8,inh,0
4388,959.6,inh,0
5198,959.8,inh,0
4348,961.5,inh,0
4858,965.2,inh,0
4578,966.0,inh,0
5178,967.4,inh,0
4958,967.5,inh,0
5128,969.4,inh,0
5198,972.3,inh,0
4848,972.8,inh,0
4608,977.5,inh,0
4268,979.3,inh,0
4798,979.3,inh,0
4208,980.6,inh,0
4988,980.8,inh,0
4698,980.9,inh,0
4138,981.1,inh,0
4198,981.1,inh,0
4478,981.1,inh,0
4178,981.7,inh,0
4218,983.1,inh,0
4638,983.2,inh,0
5108,989.5,inh,0
4468,990.0,inh,0
4348,992.8,inh,0
5068,993.2,inh,0
4228,993.4,inh,0
4218,993.6,inh,0
5198,993.6,inh,0
4958,993.7,inh,0
4848,994.1,inh,0
4798,994.3,inh,0
5288,994.6,inh,0
5138,994.7,inh,0
4698,995.4,inh,0
4588,995.9,inh,0
4918,996.4,inh,0
4968,1005.0,inh,0
4428,1005.4,inh,0
5178,1006.1,inh,0
4648,1006.9,inh,0
5278,1007.1,inh,0
4448,1007.3,inh,0
4338,1007.6,inh,0
4848,1008.5,inh,0
4248,1008.7,inh,0
4568,1009.2,inh,0
4468,1010.1,inh,0
5108,1010.5,inh,0
5198,1017.0,inh,0
5138,1017.9,inh,0
5028,1018.5,inh,0
4388,1018.7,inh,0
5068,1019.7,inh,0
4678,1019.8,inh,0
5188,1019.8,inh,0
4478,1020.4,inh,0
4138,1021.7,inh,0
4878,1023.7,inh,0
4178,1025.9,inh,0
5298,1029.6,inh,0
4298,1030.9,inh,0
5198,1032.0,inh,0
4308,1034.4,inh,0
4568,1034.4,inh,0
4338,1034.5,inh,0
4448,1035.0,inh,0
5238,1037.2,inh,0
4798,1039.3,inh,0
4278,1039.8,inh,0
4988,1041.3,inh,0
4318,1044.0,inh,0
4848,1044.6,inh,0
4428,1045.7,inh,0
4268,1045.8,inh,0
4968,1048.1,inh,0
4478,1054.7,inh,0
5088,1056.8,inh,0
5198,1057.0,inh,0
4718,1057.5,inh,0
5138,1057.8,inh,0
4218,1058.2,inh,0
4988,1058.7,inh,0
4468,1061.9,inh,0
4568,1066.5,inh,0
5288,1066.6,inh,0
4208,1067.5,inh,0
4848,1068.7,inh,0
4638,1069.3,inh,0
5018,1069.3,inh,0
5108,1069.8,inh,0
4298,1069.9,inh,0
4338,1070.1,inh,0
4648,1070.4,inh,0
5028,1070.8,inh,0
4278,1072.5,inh,0
5128,1075.5,inh,0
4348,1081.7,inh,0
4918,1082.4,inh,0
5198,1083.2,inh,0
4928,1083.4,inh,0
4638,1084.0,inh,0
5298,1085.2,inh,0
5168,1090.9,inh,0
4768,1091.7,inh,0
4698,1092.0,inh,0
4958,1092.3,inh,0
4198,1092.8,inh,0
4718,1093.1,inh,0
4998,1093.9,inh,0
4138,1094.1,inh,0
4248,1094.4,inh,0
5268,1095.7,inh,0
5288,1096.2,inh,0
5138,1097.3,inh,0
4338,1103.6,inh,0
4298,1104.5,inh,0
4268,1104.9,inh,0
5108,1105.1,inh,0
4218,1105.9,inh,0
5228,1107.8,inh,0
4568,1107.9,inh,0
4478,1110.3,inh,0
5178,1112.1,inh,0
4768,1112.2,inh,0
4798,1112.4,inh,0
4948,1115.1,inh,0
4608,1115.2,inh,0
4988,1115.7,inh,0
5028,1116.4,inh,0
5198,1116.6,inh,0
4218,1116.7,inh,0
5128,1117.0,inh,0
4808,1119.8,inh,0
4268,1120.2,inh,0
4368,1120.7,inh,0
4848,1127.8,inh,0
4998,1128.1,inh,0
4218,1129.2,inh,0
4468,1129.8,inh,0
4588,1130.5,inh,0
5298,1130.7,inh,0
4368,1131.0,inh,0
4598,1131.2,inh,0
5088,1131.4,inh,0
4498,1131.6,inh,0
5138,1131.6,inh,0
4808,1132.3,inh,0
4578,1133.5,inh,0
5198,1135.6,inh,0
4638,1137.8,inh,0
5028,1138.2,inh,0
4958,1138.6,inh,0
4768,1139.6,inh,0
4858,1142.0,inh,0
4868,1145.2,inh,0
4528,1146.6,inh,0
4138,1150.7,inh,0
4378,1150.7,inh,0
5028,1151.6,inh,0
4198,1157.6,inh,0
4858,1158.3,inh,0
5138,1158.5,inh,0
4348,1159.7,inh,0
4208,1159.8,inh,0
4388,1160.8,inh,0
4978,1160.9,inh,0
4428,1162.3,inh,0
5128,1165.5,inh,0
5088,1166.0,inh,0
4798,1167.3,inh,0
5198,1167.3,inh,0
4268,1167.5,inh,0
5178,1168.4,inh,0
4918,1168.9,inh,0
4988,1169.0,inh,0
4218,1169.2,inh,0
4608,1169.5,inh,0
5238,1169.5,inh,0
5298,1169.9,inh,0
5108,1170.4,inh,0
5008,1172.1,inh,0
4478,1177.6,inh,0
5278,1179.0,inh,0
4198,1180.4,inh,0
4928,1180.4,inh,0
4568,1181.0,inh,0
4438,1181.5,inh,0
4768,1181.5,inh,0
4798,1181.7,inh,0
4858,1182.4,inh,0
5178,1183.6,inh,0
5198,1190.6,inh,0
5088,1191.7,inh,0
4588,1192.5,inh,0
4448,1200.2,inh,0
4578,1201.3,inh,0
4738,1203.5,inh,0
5138,1205.3,inh,0
4298,1205.4,inh,0
4868,1205.8,inh,0
5128,1205.9,inh,0
4428,1206.2,inh,0
4908,1206.7,inh,0
4368,1206.8,inh,0
4218,1207.1,inh,0
4678,1207.5,inh,0
5048,1208.5,inh,0
4268,1209.5,inh,0
4438,1211.3,inh,0
4848,1213.1,inh,0
4188,1215.8,inh,0
4858,1216.7,inh,0
4728,1219.2,inh,0
4388,1220.2,inh,0
5088,1220.6,inh,0
4248,1224.5,inh,0
4468,1225.9,inh,0
4638,1228.2,inh,0
4218,1228.4,inh,0
4978,1230.6,inh,0
4648,1231.1,inh,0
4798,1231.4,inh,0
5198,1239.0,inh,0
4218,1239.6,inh,0
4148,1240.1,inh,0
4848,1241.1,inh,0
4958,1241.5,inh,0
4338,1241.8,inh,0
5068,1242.2,inh,0
4248,1242.7,inh,0
4558,1244.6,inh,0
4568,1253.1,inh,0
4808,1253.1,inh,0
4858,1254.3,inh,0
5178,1254.5,inh,0
4598,1255.5,inh,0
4348,1255.8,inh,0
4378,1256.4,inh,0
4428,1256.4,inh,0
4798,1257.2,inh,0
4958,1263.3,inh,0
5108,1263.6,inh,0
4218,1265.4,inh,0
4138,1265.9,inh,0
4858,1266.3,inh,0
4438,1269.3,inh,0
4478,1269.3,inh,0
4588,1272.2,inh,0
4368,1273.4,inh,0
5138,1277.2,inh,0
5178,1278.9,inh,0
4798,1280.0,inh,0
4888,1280.3,inh,0
4988,1285.4,inh,0
4858,1286.5,inh,0
5028,1288.8,inh,0
4848,1289.2,inh,0
4198,1290.3,inh,0
5298,1290.4,inh,0
5198,1290.9,inh,0
4468,1291.3,inh,0
4478,1291.5,inh,0
5008,1293.6,inh,0
5168,1296.6,inh,0
4348,1299.0,inh,0
4798,1299.2,inh,0
4178,1299.6,inh,0
5158,1301.6,inh,0
4468,1302.2,inh,0
4218,1302.7,inh,0
4228,1302.9,inh,0
4408,1303.1,inh,0
4678,1310.1,inh,0
4368,1312.1,inh,0
4568,1313.3,inh,0
4298,1313.7,inh,0
5278,1315.4,inh,0
4638,1322.7,inh,0
5138,1323.2,inh,0
4388,1324.6,inh,0
4338,1325.2,inh,0
5068,1325.7,inh,0
5198,1328.6,inh,0
4918,1329.8,inh,0
4138,1333.0,inh,0
4968,1335.5,inh,0
4208,1336.1,inh,0
4588,1336.3,inh,0
4198,1336.4,inh,0
5188,1336.5,inh,0
4318,1336.6,inh,0
5178,1336.9,inh,0
4258,1337.1,inh,0
4378,1337.4,inh,0
4738,1337.6,inh,0
4368,1338.1,inh,0
5278,1338.7,inh,0
4448,1339.0,inh,0
4828,1340.7,inh,0
4798,1344.0,inh,0
4308,1346.5,inh,0
5138,1346.8,inh,0
5168,1348.3,inh,0
4988,1348.4,inh,0
5028,1348.4,inh,0
4848,1350.0,inh,0
4338,1350.4,inh,0
5048,1350.8,inh,0
4208,1351.2,inh,0
4218,1352.3,inh,0
4188,1353.5,inh,0
4268,1356.7,inh,0
4308,1358.0,inh,0
4878,1359.0,inh,0
5208,1361.0,inh,0
4798,1361.1,inh,0
4608,1361.9,inh,0
4278,1362.6,inh,0
4418,1363.4,inh,0
5278,1369.8,inh,0
5258,1371.0,inh,0
5168,1371.5,inh,0
4918,1371.7,inh,0
4718,1373.3,inh,0
5058,1373.5,inh,0
4858,1373.9,inh,0
4568,1374.0,inh,0
4988,1374.0,inh,0
4838,1374.2,inh,0
5138,1375.3,inh,0
4578,1378.1,inh,0
4678,1383.4,inh,0
4218,1383.5,inh,0
4478,1383.5,inh,0
4848,1383.5,inh,0
4358,1383.7,inh,0
5088,1384.4,inh,0
4138,1386.2,inh,0
5298,1391.1,inh,0
5198,1391.8,inh,0
4798,1394.8,inh,0
4478,1395.0,inh,0
4808,1395.5,inh,0
4988,1395.7,inh,0
4268,1396.6,inh,0
4918,1397.0,inh,0
4198,1404.9,inh,0
4868,1406.4,inh,0
5178,1406.4,inh,0
4208,1406.8,inh,0
4288,1407.1,inh,0
5108,1407.6,inh,0
4368,1407.7,inh,0
4718,1408.9,inh,0
4988,1413.5,inh,0
4848,1414.2,inh,0
4478,1417.7,inh,0
5198,1418.3,inh,0
4348,1418.4,inh,0
4958,1419.9,inh,0
4208,1422.0,inh,0
4468,1430.0,inh,0
4798,1430.1,inh,0
4808,1430.1,inh,0
5298,1432.4,inh,0
5138,1434.8,inh,0
5158,1436.0,inh,0
5108,1436.3,inh,0
5198,1437.9,inh,0
4968,1439.4,inh,0
4378,1440.9,inh,0
4218,1441.2,inh,0
4848,1441.3,inh,0
4288,1442.1,inh,0
4738,1445.7,inh,0
4568,1449.6,inh,0
5128,1450.3,inh,0
4478,1450.5,inh,0
5108,1452.4,inh,0
4298,1453.9,inh,0
5138,1454.2,inh,0
4208,1460.8,inh,0
5198,1461.7,inh,0
4218,1463.2,inh,0
5088,1463.9,inh,0
5068,1464.5,inh,0
4578,1464.6,inh,0
5298,1466.3,inh,0
4908,1468.7,inh,0
4858,1470.1,inh,0
4338,1471.2,inh,0
5168,1474.7,inh,0
4918,1475.0,inh,0
4568,1475.2,inh,0
4138,1476.5,inh,0
4848,1476.5,inh,0
5288,1477.3,inh,0
4448,1477.7,inh,0
5128,1478.0,inh,0
4198,1478.5,inh,0
4218,1478.7,inh,0
4988,1478.9,inh,0
4798,1485.4,inh,0
5298,1486.4,inh,0
4958,1486.8,inh,0
5178,1487.6,inh,0
5048,1487.9,inh,0
4478,1488.4,inh,0
4188,1488.6,inh,0
5168,1497.6,inh,0
4528,1499.5,inh,0
4968,1499.6,inh,0
