# NEST version: 3.5
# RecordingBackendASCII version: 2
sender	time_ms
9927	710.700
9525	710.800
8753	710.900
8821	710.900
8954	710.900
9274	710.900
9317	710.900
10186	710.900
10461	710.900
8670	711.000
8739	711.000
8789	711.000
8925	711.000
9219	711.000
9357	711.000
9647	711.000
9948	711.000
10702	711.000
8683	711.100
8771	711.100
8988	711.100
9079	711.100
9278	711.100
9440	711.100
9642	711.100
9691	711.100
9913	711.100
10294	711.100
10323	711.100
10566	711.100
10611	711.100
8901	711.200
9243	711.200
9258	711.200
9658	711.200
10006	711.200
10073	711.200
8671	711.300
8711	711.300
8833	711.300
9147	711.300
9150	711.300
9283	711.300
9333	711.300
9348	711.300
9619	711.300
10271	711.300
10337	711.300
10372	711.300
10556	711.300
8657	711.400
8736	711.400
8837	711.400
8920	711.400
9047	711.400
9505	711.400
9573	711.400
9604	711.400
9977	711.400
10048	711.400
10063	711.400
10176	711.400
10333	711.400
10554	711.400
10595	711.400
10610	711.400
8803	711.500
8859	711.500
8994	711.500
9052	711.500
9254	711.500
9607	711.500
9728	711.500
10130	711.500
10160	711.500
10166	711.500
10565	711.500
10573	711.500
10581	711.500
10656	711.500
10707	711.500
8810	711.600
9240	711.600
9457	711.600
9460	711.600
9714	711.600
9843	711.600
9941	711.600
9944	711.600
10028	711.600
10338	711.600
10429	711.600
10462	711.600
10473	711.600
10691	711.600
8706	711.700
8818	711.700
9229	711.700
9293	711.700
9461	711.700
9486	711.700
9571	711.700
9671	711.700
9771	711.700
9841	711.700
9870	711.700
9962	711.700
10001	711.700
10015	711.700
10123	711.700
10134	711.700
10234	711.700
10248	711.700
10377	711.700
10484	711.700
10490	711.700
10517	711.700
10560	711.700
10561	711.700
10589	711.700
8734	711.800
8751	711.800
8759	711.800
8916	711.800
8982	711.800
9003	711.800
9135	711.800
9245	711.800
9282	711.800
9301	711.800
9310	711.800
9390	711.800
9398	711.800
9405	711.800
9426	711.800
9450	711.800
9543	711.800
9759	711.800
9993	711.800
10010	711.800
10020	711.800
10066	711.800
10118	711.800
10168	711.800
10173	711.800
10180	711.800
10285	711.800
10296	711.800
10301	711.800
10388	711.800
10427	711.800
10526	711.800
10562	711.800
10650	711.800
8712	711.900
8728	711.900
8729	711.900
8731	711.900
8735	711.900
8740	711.900
8767	711.900
8793	711.900
8800	711.900
8874	711.900
9067	711.900
9073	711.900
9074	711.900
9078	711.900
9089	711.900
9140	711.900
9220	711.900
9265	711.900
9273	711.900
9407	711.900
9447	711.900
9491	711.900
9524	711.900
9570	711.900
9614	711.900
9657	711.900
9823	711.900
9865	711.900
9876	711.900
9880	711.900
9971	711.900
9987	711.900
10082	711.900
10156	711.900
10208	711.900
10266	711.900
10345	711.900
10369	711.900
10531	711.900
10542	711.900
10647	711.900
8689	712.000
8722	712.000
8741	712.000
8760	712.000
8863	712.000
8873	712.000
8964	712.000
9033	712.000
9139	712.000
9170	712.000
9203	712.000
9206	712.000
9230	712.000
9312	712.000
9380	712.000
9406	712.000
9480	712.000
9503	712.000
9535	712.000
9542	712.000
9705	712.000
9719	712.000
9777	712.000
9802	712.000
9825	712.000
9840	712.000
9898	712.000
9910	712.000
9919	712.000
9942	712.000
10070	712.000
10171	712.000
10193	712.000
10196	712.000
10201	712.000
10210	712.000
10253	712.000
10273	712.000
10339	712.000
10362	712.000
10384	712.000
10450	712.000
10460	712.000
10557	712.000
10587	712.000
10701	712.000
8724	712.100
8817	712.100
8851	712.100
8883	712.100
8910	712.100
8958	712.100
8959	712.100
8983	712.100
9083	712.100
9095	712.100
9167	712.100
9186	712.100
9196	712.100
9198	712.100
9237	712.100
9374	712.100
9409	712.100
9410	712.100
9462	712.100
9476	712.100
9477	712.100
9529	712.100
9555	712.100
9572	712.100
9646	712.100
9651	712.100
9652	712.100
9729	712.100
9733	712.100
9736	712.100
9758	712.100
9778	712.100
9794	712.100
9827	712.100
9857	712.100
9858	712.100
9912	712.100
9966	712.100
9991	712.100
10050	712.100
10065	712.100
10074	712.100
10094	712.100
10098	712.100
10103	712.100
10127	712.100
10145	712.100
10161	712.100
10189	712.100
10205	712.100
10274	712.100
10276	712.100
10366	712.100
10371	712.100
10406	712.100
10468	712.100
10488	712.100
10530	712.100
10572	712.100
10599	712.100
10600	712.100
10634	712.100
10640	712.100
8737	712.200
8776	712.200
8778	712.200
8860	712.200
8972	712.200
9006	712.200
9044	712.200
9054	712.200
9058	712.200
9068	712.200
9164	712.200
9187	712.200
9195	712.200
9212	712.200
9221	712.200
9252	712.200
9285	712.200
9291	712.200
9344	712.200
9361	712.200
9366	712.200
9383	712.200
9402	712.200
9408	712.200
9443	712.200
9451	712.200
9454	712.200
9495	712.200
9499	712.200
9500	712.200
9519	712.200
9550	712.200
9569	712.200
9578	712.200
9588	712.200
9593	712.200
9594	712.200
9605	712.200
9631	712.200
9636	712.200
9649	712.200
9664	712.200
9669	712.200
9676	712.200
9685	712.200
9700	712.200
9745	712.200
9752	712.200
9761	712.200
9769	712.200
9774	712.200
9785	712.200
9819	712.200
9853	712.200
9860	712.200
9917	712.200
9923	712.200
9932	712.200
9978	712.200
10000	712.200
10013	712.200
10062	712.200
10101	712.200
10111	712.200
10128	712.200
10191	712.200
10206	712.200
10219	712.200
10254	712.200
10298	712.200
10313	712.200
10358	712.200
10437	712.200
10493	712.200
10497	712.200
10523	712.200
10582	712.200
10616	712.200
10620	712.200
10642	712.200
10658	712.200
10671	712.200
10674	712.200
10685	712.200
10706	712.200
8646	712.300
8679	712.300
8707	712.300
8718	712.300
8720	712.300
8761	712.300
8764	712.300
8777	712.300
8792	712.300
8820	712.300
8831	712.300
8834	712.300
8854	712.300
8881	712.300
8893	712.300
8896	712.300
8924	712.300
8931	712.300
8957	712.300
8967	712.300
8976	712.300
8981	712.300
8998	712.300
9000	712.300
9009	712.300
9013	712.300
9038	712.300
9049	712.300
9072	712.300
9077	712.300
9082	712.300
9091	712.300
9104	712.300
9126	712.300
9128	712.300
9129	712.300
9134	712.300
9210	712.300
9214	712.300
9222	712.300
9298	712.300
9322	712.300
9358	712.300
9376	712.300
9381	712.300
9397	712.300
9431	712.300
9445	712.300
9498	712.300
9523	712.300
9567	712.300
9581	712.300
9587	712.300
9590	712.300
9602	712.300
9616	712.300
9630	712.300
9637	712.300
9663	712.300
9667	712.300
9675	712.300
9677	712.300
9679	712.300
9689	712.300
9724	712.300
9748	712.300
9749	712.300
9765	712.300
9768	712.300
9775	712.300
9776	712.300
9808	712.300
9837	712.300
9887	712.300
9979	712.300
9980	712.300
9981	712.300
9986	712.300
10052	712.300
10068	712.300
10086	712.300
10089	712.300
10091	712.300
10107	712.300
10108	712.300
10110	712.300
10125	712.300
10141	712.300
10147	712.300
10151	712.300
10162	712.300
10172	712.300
10179	712.300
10255	712.300
10304	712.300
10306	712.300
10307	712.300
10320	712.300
10328	712.300
10330	712.300
10386	712.300
10390	712.300
10409	712.300
10417	712.300
10420	712.300
10421	712.300
10428	712.300
10511	712.300
10513	712.300
10525	712.300
10528	712.300
10538	712.300
10545	712.300
10548	712.300
10576	712.300
10578	712.300
10603	712.300
10629	712.300
10643	712.300
10697	712.300
8650	712.400
8651	712.400
8663	712.400
8688	712.400
8693	712.400
8694	712.400
8763	712.400
8797	712.400
8839	712.400
8862	712.400
8911	712.400
8951	712.400
8956	712.400
8963	712.400
8966	712.400
8979	712.400
9011	712.400
9035	712.400
9043	712.400
9093	712.400
9105	712.400
9117	712.400
9133	712.400
9143	712.400
9183	712.400
9190	712.400
9223	712.400
9268	712.400
9281	712.400
9330	712.400
9372	712.400
9375	712.400
9414	712.400
9458	712.400
9459	712.400
9473	712.400
9478	712.400
9496	712.400
9511	712.400
9539	712.400
9547	712.400
9599	712.400
9622	712.400
9635	712.400
9653	712.400
9654	712.400
9660	712.400
9668	712.400
9683	712.400
9698	712.400
9703	712.400
9710	712.400
9716	712.400
9738	712.400
9740	712.400
9757	712.400
9790	712.400
9812	712.400
9833	712.400
9861	712.400
9869	712.400
9886	712.400
9895	712.400
9911	712.400
9924	712.400
9935	712.400
9959	712.400
9985	712.400
9989	712.400
10025	712.400
10032	712.400
10039	712.400
10067	712.400
10071	712.400
10080	712.400
10088	712.400
10099	712.400
10104	712.400
10119	712.400
10131	712.400
10140	712.400
10170	712.400
10178	712.400
10199	712.400
10202	712.400
10231	712.400
10238	712.400
10263	712.400
10277	712.400
10342	712.400
10350	712.400
10370	712.400
10375	712.400
10407	712.400
10434	712.400
10436	712.400
10464	712.400
10476	712.400
10482	712.400
10521	712.400
10546	712.400
10618	712.400
10619	712.400
10636	712.400
10639	712.400
10682	712.400
8647	712.500
8676	712.500
8687	712.500
8716	712.500
8719	712.500
8770	712.500
8772	712.500
8774	712.500
8795	712.500
8811	712.500
8841	712.500
8855	712.500
8879	712.500
8886	712.500
8907	712.500
8913	712.500
8921	712.500
8927	712.500
8941	712.500
8970	712.500
8985	712.500
8989	712.500
9021	712.500
9023	712.500
9030	712.500
9036	712.500
9064	712.500
9066	712.500
9087	712.500
9103	712.500
9114	712.500
9120	712.500
9124	712.500
9153	712.500
9154	712.500
9172	712.500
9199	712.500
9228	712.500
9246	712.500
9270	712.500
9287	712.500
9289	712.500
9300	712.500
9331	712.500
9349	712.500
9353	712.500
9354	712.500
9377	712.500
9415	712.500
9422	712.500
9453	712.500
9481	712.500
9513	712.500
9514	712.500
9517	712.500
9530	712.500
9532	712.500
9548	712.500
9583	712.500
9585	712.500
9645	712.500
9650	712.500
9670	712.500
9681	712.500
9715	712.500
9727	712.500
9746	712.500
9772	712.500
9786	712.500
9789	712.500
9793	712.500
9807	712.500
9822	712.500
9838	712.500
9846	712.500
9904	712.500
9905	712.500
9906	712.500
9988	712.500
9996	712.500
9997	712.500
9999	712.500
10064	712.500
10113	712.500
10154	712.500
10175	712.500
10184	712.500
10197	712.500
10198	712.500
10225	712.500
10227	712.500
10228	712.500
10229	712.500
10242	712.500
10251	712.500
10252	712.500
10275	712.500
10286	712.500
10297	712.500
10299	712.500
10302	712.500
10303	712.500
10352	712.500
10355	712.500
10414	712.500
10415	712.500
10432	712.500
10433	712.500
10439	712.500
10467	712.500
10469	712.500
10474	712.500
10498	712.500
10522	712.500
10524	712.500
10540	712.500
10559	712.500
10570	712.500
10601	712.500
10602	712.500
10609	712.500
10630	712.500
10641	712.500
10648	712.500
10649	712.500
10660	712.500
10665	712.500
10678	712.500
10708	712.500
10710	712.500
10711	712.500
8661	712.600
8704	712.600
8708	712.600
8709	712.600
8717	712.600
8749	712.600
8758	712.600
8780	712.600
8794	712.600
8801	712.600
8804	712.600
8805	712.600
8850	712.600
8867	712.600
8892	712.600
8902	712.600
8932	712.600
8936	712.600
8939	712.600
8947	712.600
8952	712.600
8980	712.600
8991	712.600
8993	712.600
9001	712.600
9002	712.600
9037	712.600
9051	712.600
9060	712.600
9062	712.600
9069	712.600
9081	712.600
9102	712.600
9136	712.600
9159	712.600
9162	712.600
9168	712.600
9182	712.600
9184	712.600
9207	712.600
9232	712.600
9244	712.600
9272	712.600
9279	712.600
9302	712.600
9305	712.600
9329	712.600
9356	712.600
9370	712.600
9378	712.600
9379	712.600
9382	712.600
9424	712.600
9446	712.600
9448	712.600
9471	712.600
9492	712.600
9512	712.600
9516	712.600
9520	712.600
9544	712.600
9557	712.600
9595	712.600
9598	712.600
9624	712.600
9627	712.600
9639	712.600
9661	712.600
9684	712.600
9688	712.600
9707	712.600
9742	712.600
9743	712.600
9760	712.600
9767	712.600
9784	712.600
9791	712.600
9798	712.600
9801	712.600
9803	712.600
9805	712.600
9814	712.600
9828	712.600
9836	712.600
9890	712.600
9894	712.600
9897	712.600
9940	712.600
9961	712.600
9963	712.600
9970	712.600
9995	712.600
10009	712.600
10021	712.600
10022	712.600
10083	712.600
10087	712.600
10093	712.600
10097	712.600
10102	712.600
10122	712.600
10159	712.600
10177	712.600
10222	712.600
10230	712.600
10246	712.600
10287	712.600
10295	712.600
10300	712.600
10347	712.600
10354	712.600
10357	712.600
10385	712.600
10389	712.600
10395	712.600
10401	712.600
10440	712.600
10444	712.600
10489	712.600
10495	712.600
10585	712.600
10592	712.600
10604	712.600
10608	712.600
10612	712.600
10614	712.600
10622	712.600
10627	712.600
10652	712.600
10653	712.600
10655	712.600
10667	712.600
10679	712.600
10703	712.600
8649	712.700
8656	712.700
8658	712.700
8668	712.700
8669	712.700
8699	712.700
8701	712.700
8746	712.700
8748	712.700
8756	712.700
8779	712.700
8785	712.700
8808	712.700
8846	712.700
8869	712.700
8882	712.700
8900	712.700
8922	712.700
8938	712.700
8953	712.700
8962	712.700
8973	712.700
8992	712.700
8997	712.700
9008	712.700
9024	712.700
9027	712.700
9031	712.700
9059	712.700
9063	712.700
9070	712.700
9076	712.700
9085	712.700
9086	712.700
9097	712.700
9119	712.700
9131	712.700
9145	712.700
9165	712.700
9177	712.700
9191	712.700
9192	712.700
9205	712.700
9218	712.700
9261	712.700
9277	712.700
9288	712.700
9292	712.700
9308	712.700
9309	712.700
9324	712.700
9335	712.700
9365	712.700
9449	712.700
9455	712.700
9474	712.700
9475	712.700
9487	712.700
9493	712.700
9494	712.700
9497	712.700
9502	712.700
9508	712.700
9526	712.700
9528	712.700
9534	712.700
9545	712.700
9562	712.700
9574	712.700
9579	712.700
9617	712.700
9618	712.700
9678	712.700
9690	712.700
9704	712.700
9712	712.700
9718	712.700
9730	712.700
9750	712.700
9753	712.700
9755	712.700
9792	712.700
9809	712.700
9820	712.700
9829	712.700
9844	712.700
9849	712.700
9892	712.700
9907	712.700
9930	712.700
9939	712.700
9974	712.700
9976	712.700
9984	712.700
9992	712.700
10023	712.700
10027	712.700
10031	712.700
10038	712.700
10042	712.700
10054	712.700
10056	712.700
10057	712.700
10059	712.700
10060	712.700
10117	712.700
10142	712.700
10144	712.700
10182	712.700
10188	712.700
10214	712.700
10264	712.700
10281	712.700
10292	712.700
10314	712.700
10329	712.700
10331	712.700
10348	712.700
10373	712.700
10376	712.700
10391	712.700
10419	712.700
10424	712.700
10426	712.700
10480	712.700
10487	712.700
10515	712.700
10529	712.700
10543	712.700
10575	712.700
10580	712.700
10584	712.700
10633	712.700
10677	712.700
10693	712.700
10694	712.700
10698	712.700
8662	712.800
8664	712.800
8677	712.800
8710	712.800
8713	712.800
8725	712.800
8738	712.800
8750	712.800
8765	712.800
8807	712.800
8812	712.800
8827	712.800
8843	712.800
8849	712.800
8853	712.800
8856	712.800
8880	712.800
8906	712.800
8923	712.800
8974	712.800
8977	712.800
8984	712.800
9005	712.800
9025	712.800
9039	712.800
9042	712.800
9075	712.800
9096	712.800
9098	712.800
9101	712.800
9106	712.800
9113	712.800
9121	712.800
9123	712.800
9156	712.800
9161	712.800
9173	712.800
9175	712.800
9180	712.800
9181	712.800
9201	712.800
9238	712.800
9248	712.800
9256	712.800
9290	712.800
9303	712.800
9307	712.800
9314	712.800
9332	712.800
9338	712.800
9351	712.800
9352	712.800
9355	712.800
9389	712.800
9392	712.800
9399	712.800
9416	712.800
9435	712.800
9438	712.800
9452	712.800
9469	712.800
9504	712.800
9507	712.800
9518	712.800
9527	712.800
9531	712.800
9540	712.800
9546	712.800
9552	712.800
9592	712.800
9600	712.800
9610	712.800
9632	712.800
9634	712.800
9644	712.800
9656	712.800
9672	712.800
9711	712.800
9764	712.800
9773	712.800
9779	712.800
9845	712.800
9848	712.800
9850	712.800
9852	712.800
9881	712.800
9899	712.800
9909	712.800
9915	712.800
9929	712.800
9946	712.800
9951	712.800
9969	712.800
9972	712.800
9975	712.800
10011	712.800
10018	712.800
10040	712.800
10044	712.800
10092	712.800
10096	712.800
10148	712.800
10155	712.800
10163	712.800
10174	712.800
10185	712.800
10187	712.800
10218	712.800
10220	712.800
10221	712.800
10244	712.800
10249	712.800
10261	712.800
10267	712.800
10268	712.800
10269	712.800
10293	712.800
10321	712.800
10326	712.800
10344	712.800
10349	712.800
10367	712.800
10381	712.800
10393	712.800
10397	712.800
10399	712.800
10423	712.800
10430	712.800
10446	712.800
10463	712.800
10481	712.800
10496	712.800
10505	712.800
10544	712.800
10563	712.800
10579	712.800
10596	712.800
10625	712.800
10628	712.800
10644	712.800
10645	712.800
10664	712.800
10670	712.800
10681	712.800
10683	712.800
10695	712.800
8648	712.900
8666	712.900
8673	712.900
8675	712.900
8700	712.900
8745	712.900
8786	712.900
8791	712.900
8799	712.900
8828	712.900
8845	712.900
8848	712.900
8858	712.900
8875	712.900
8904	712.900
8914	712.900
8918	712.900
8929	712.900
8933	712.900
8961	712.900
8975	712.900
8995	712.900
9041	712.900
9048	712.900
9056	712.900
9057	712.900
9071	712.900
9118	712.900
9146	712.900
9148	712.900
9152	712.900
9169	712.900
9178	712.900
9189	712.900
9194	712.900
9200	712.900
9209	712.900
9242	712.900
9250	712.900
9267	712.900
9276	712.900
9297	712.900
9313	712.900
9328	712.900
9334	712.900
9336	712.900
9339	712.900
9342	712.900
9346	712.900
9362	712.900
9395	712.900
9401	712.900
9404	712.900
9413	712.900
9418	712.900
9420	712.900
9428	712.900
9433	712.900
9437	712.900
9470	712.900
9509	712.900
9521	712.900
9536	712.900
9553	712.900
9559	712.900
9560	712.900
9563	712.900
9597	712.900
9648	712.900
9659	712.900
9665	712.900
9694	712.900
9713	712.900
9725	712.900
9734	712.900
9735	712.900
9737	712.900
9744	712.900
9780	712.900
9810	712.900
9813	712.900
9834	712.900
9855	712.900
9875	712.900
9882	712.900
9889	712.900
9891	712.900
9893	712.900
9921	712.900
9922	712.900
9936	712.900
9952	712.900
9953	712.900
9960	712.900
9998	712.900
10014	712.900
10019	712.900
10030	712.900
10034	712.900
10058	712.900
10124	712.900
10137	712.900
10138	712.900
10149	712.900
10169	712.900
10181	712.900
10209	712.900
10215	712.900
10262	712.900
10270	712.900
10289	712.900
10290	712.900
10305	712.900
10318	712.900
10324	712.900
10336	712.900
10340	712.900
10353	712.900
10361	712.900
10402	712.900
10410	712.900
10418	712.900
10441	712.900
10443	712.900
10452	712.900
10499	712.900
10506	712.900
10507	712.900
10539	712.900
10549	712.900
10551	712.900
10590	712.900
10591	712.900
10597	712.900
10637	712.900
10651	712.900
10659	712.900
10663	712.900
10680	712.900
10696	712.900
10709	712.900
8654	713.000
8672	713.000
8684	713.000
8697	713.000
8698	713.000
8742	713.000
8762	713.000
8768	713.000
8775	713.000
8782	713.000
8788	713.000
8790	713.000
8806	713.000
8852	713.000
8864	713.000
8890	713.000
8897	713.000
8919	713.000
8926	713.000
8934	713.000
8943	713.000
8948	713.000
8965	713.000
8987	713.000
9019	713.000
9029	713.000
9034	713.000
9045	713.000
9092	713.000
9116	713.000
9138	713.000
9142	713.000
9151	713.000
9176	713.000
9202	713.000
9211	713.000
9213	713.000
9217	713.000
9226	713.000
9227	713.000
9233	713.000
9234	713.000
9241	713.000
9249	713.000
9294	713.000
9311	713.000
9319	713.000
9321	713.000
9359	713.000
9368	713.000
9373	713.000
9427	713.000
9456	713.000
9466	713.000
9482	713.000
9484	713.000
9506	713.000
9584	713.000
9591	713.000
9596	713.000
9601	713.000
9603	713.000
9608	713.000
9623	713.000
9633	713.000
9643	713.000
9666	713.000
9687	713.000
9701	713.000
9723	713.000
9756	713.000
9770	713.000
9800	713.000
9818	713.000
9826	713.000
9854	713.000
9863	713.000
9866	713.000
9914	713.000
9920	713.000
9928	713.000
9937	713.000
9973	713.000
10005	713.000
10012	713.000
10033	713.000
10041	713.000
10069	713.000
10085	713.000
10115	713.000
10133	713.000
10150	713.000
10152	713.000
10211	713.000
10224	713.000
10226	713.000
10247	713.000
10257	713.000
10260	713.000
10279	713.000
10280	713.000
10351	713.000
10363	713.000
10383	713.000
10398	713.000
10408	713.000
10422	713.000
10438	713.000
10445	713.000
10453	713.000
10475	713.000
10477	713.000
10479	713.000
10485	713.000
10492	713.000
10516	713.000
10532	713.000
10558	713.000
10567	713.000
10568	713.000
10569	713.000
10657	713.000
10661	713.000
10668	713.000
10669	713.000
10673	713.000
10675	713.000
10684	713.000
10686	713.000
10687	713.000
10699	713.000
8652	713.100
8667	713.100
8686	713.100
8715	713.100
8752	713.100
8755	713.100
8757	713.100
8769	713.100
8802	713.100
8816	713.100
8824	713.100
8826	713.100
8842	713.100
8844	713.100
8857	713.100
8870	713.100
8885	713.100
8915	713.100
8937	713.100
8949	713.100
9007	713.100
9017	713.100
9046	713.100
9065	713.100
9088	713.100
9094	713.100
9112	713.100
9127	713.100
9132	713.100
9149	713.100
9155	713.100
9157	713.100
9171	713.100
9179	713.100
9193	713.100
9197	713.100
9216	713.100
9247	713.100
9257	713.100
9260	713.100
9262	713.100
9296	713.100
9304	713.100
9306	713.100
9384	713.100
9388	713.100
9403	713.100
9430	713.100
9444	713.100
9464	713.100
9489	713.100
9510	713.100
9551	713.100
9558	713.100
9586	713.100
9626	713.100
9628	713.100
9662	713.100
9673	713.100
9680	713.100
9699	713.100
9720	713.100
9797	713.100
9817	713.100
9821	713.100
9835	713.100
9859	713.100
9871	713.100
9873	713.100
9888	713.100
9896	713.100
9900	713.100
9902	713.100
9938	713.100
9943	713.100
9945	713.100
9957	713.100
9967	713.100
10002	713.100
10007	713.100
10017	713.100
10049	713.100
10120	713.100
10121	713.100
10126	713.100
10213	713.100
10232	713.100
10233	713.100
10235	713.100
10258	713.100
10272	713.100
10283	713.100
10288	713.100
10356	713.100
10387	713.100
10404	713.100
10411	713.100
10431	713.100
10447	713.100
10449	713.100
10451	713.100
10456	713.100
10501	713.100
10502	713.100
10504	713.100
10508	713.100
10509	713.100
10533	713.100
10541	713.100
10547	713.100
10553	713.100
10577	713.100
10598	713.100
10615	713.100
10704	713.100
8674	713.200
8696	713.200
8721	713.200
8730	713.200
8787	713.200
8813	713.200
8819	713.200
8830	713.200
8865	713.200
8877	713.200
8878	713.200
8884	713.200
8888	713.200
8895	713.200
8898	713.200
8908	713.200
8917	713.200
8935	713.200
8942	713.200
8945	713.200
9010	713.200
9020	713.200
9032	713.200
9084	713.200
9099	713.200
9108	713.200
9110	713.200
9111	713.200
9122	713.200
9215	713.200
9231	713.200
9259	713.200
9271	713.200
9275	713.200
9286	713.200
9325	713.200
9341	713.200
9360	713.200
9364	713.200
9367	713.200
9386	713.200
9393	713.200
9396	713.200
9412	713.200
9439	713.200
9463	713.200
9564	713.200
9568	713.200
9575	713.200
9611	713.200
9621	713.200
9629	713.200
9682	713.200
9686	713.200
9692	713.200
9697	713.200
9722	713.200
9754	713.200
9782	713.200
9783	713.200
9815	713.200
9830	713.200
9832	713.200
9842	713.200
9884	713.200
9885	713.200
9901	713.200
9933	713.200
9950	713.200
9958	713.200
9964	713.200
9990	713.200
9994	713.200
10004	713.200
10029	713.200
10043	713.200
10051	713.200
10076	713.200
10079	713.200
10084	713.200
10095	713.200
10129	713.200
10136	713.200
10157	713.200
10165	713.200
10190	713.200
10217	713.200
10237	713.200
10241	713.200
10243	713.200
10259	713.200
10310	713.200
10315	713.200
10316	713.200
10327	713.200
10343	713.200
10368	713.200
10382	713.200
10457	713.200
10458	713.200
10459	713.200
10471	713.200
10519	713.200
10534	713.200
10535	713.200
10552	713.200
10623	713.200
10632	713.200
10635	713.200
10705	713.200
8653	713.300
8680	713.300
8691	713.300
8702	713.300
8714	713.300
8798	713.300
8809	713.300
8825	713.300
8836	713.300
8838	713.300
8840	713.300
8847	713.300
8871	713.300
8889	713.300
8909	713.300
8940	713.300
8944	713.300
8968	713.300
8969	713.300
8971	713.300
8986	713.300
9015	713.300
9022	713.300
9040	713.300
9053	713.300
9080	713.300
9100	713.300
9109	713.300
9115	713.300
9125	713.300
9137	713.300
9160	713.300
9163	713.300
9185	713.300
9253	713.300
9255	713.300
9320	713.300
9345	713.300
9387	713.300
9394	713.300
9400	713.300
9419	713.300
9436	713.300
9441	713.300
9468	713.300
9479	713.300
9485	713.300
9537	713.300
9582	713.300
9613	713.300
9702	713.300
9706	713.300
9717	713.300
9787	713.300
9867	713.300
9872	713.300
9883	713.300
9931	713.300
9947	713.300
9955	713.300
10035	713.300
10045	713.300
10105	713.300
10106	713.300
10109	713.300
10132	713.300
10139	713.300
10146	713.300
10153	713.300
10194	713.300
10195	713.300
10203	713.300
10212	713.300
10216	713.300
10245	713.300
10265	713.300
10284	713.300
10308	713.300
10311	713.300
10319	713.300
10335	713.300
10341	713.300
10364	713.300
10379	713.300
10380	713.300
10400	713.300
10405	713.300
10413	713.300
10416	713.300
10435	713.300
10442	713.300
10454	713.300
10466	713.300
10470	713.300
10478	713.300
10494	713.300
10550	713.300
10555	713.300
10564	713.300
10583	713.300
10588	713.300
10605	713.300
10617	713.300
10638	713.300
10688	713.300
10690	713.300
10700	713.300
8655	713.400
8659	713.400
8678	713.400
8681	713.400
8682	713.400
8690	713.400
8744	713.400
8747	713.400
8766	713.400
8822	713.400
8829	713.400
8835	713.400
8876	713.400
8891	713.400
8905	713.400
8912	713.400
8928	713.400
8955	713.400
9004	713.400
9016	713.400
9018	713.400
9026	713.400
9061	713.400
9090	713.400
9107	713.400
9166	713.400
9188	713.400
9204	713.400
9224	713.400
9235	713.400
9236	713.400
9239	713.400
9316	713.400
9317	713.400
9323	713.400
9327	713.400
9337	713.400
9340	713.400
9385	713.400
9417	713.400
9467	713.400
9488	713.400
9490	713.400
9525	713.400
9541	713.400
9566	713.400
9576	713.400
9606	713.400
9612	713.400
9615	713.400
9655	713.400
9674	713.400
9693	713.400
9708	713.400
9709	713.400
9741	713.400
9747	713.400
9751	713.400
9762	713.400
9781	713.400
9788	713.400
9804	713.400
9839	713.400
9877	713.400
9879	713.400
9926	713.400
9927	713.400
9934	713.400
9965	713.400
9983	713.400
10016	713.400
10053	713.400
10055	713.400
10061	713.400
10077	713.400
10081	713.400
10116	713.400
10135	713.400
10167	713.400
10186	713.400
10223	713.400
10256	713.400
10278	713.400
10291	713.400
10312	713.400
10322	713.400
10334	713.400
10374	713.400
10396	713.400
10403	713.400
10425	713.400
10448	713.400
10465	713.400
10510	713.400
10514	713.400
10536	713.400
10571	713.400
10594	713.400
10606	713.400
10621	713.400
10654	713.400
10662	713.400
10672	713.400
8660	713.500
8665	713.500
8692	713.500
8705	713.500
8732	713.500
8789	713.500
8796	713.500
8815	713.500
8821	713.500
8823	713.500
8866	713.500
8887	713.500
8954	713.500
8960	713.500
8988	713.500
8990	713.500
9012	713.500
9014	713.500
9028	713.500
9055	713.500
9144	713.500
9158	713.500
9219	713.500
9251	713.500
9266	713.500
9274	713.500
9280	713.500
9284	713.500
9299	713.500
9343	713.500
9411	713.500
9423	713.500
9425	713.500
9434	713.500
9515	713.500
9522	713.500
9533	713.500
9554	713.500
9625	713.500
9647	713.500
9721	713.500
9731	713.500
9739	713.500
9795	713.500
9824	713.500
9831	713.500
9864	713.500
9868	713.500
9903	713.500
9916	713.500
9925	713.500
10003	713.500
10008	713.500
10047	713.500
10072	713.500
10090	713.500
10100	713.500
10114	713.500
10164	713.500
10183	713.500
10192	713.500
10207	713.500
10236	713.500
10239	713.500
10309	713.500
10346	713.500
10359	713.500
10360	713.500
10365	713.500
10394	713.500
10461	713.500
10472	713.500
10483	713.500
10586	713.500
10689	713.500
10692	713.500
8645	713.600
8683	713.600
8685	713.600
8733	713.600
8739	713.600
8743	713.600
8753	713.600
8781	713.600
8872	713.600
8901	713.600
8925	713.600
8946	713.600
8978	713.600
8996	713.600
9050	713.600
9079	713.600
9225	713.600
9258	713.600
9269	713.600
9347	713.600
9357	713.600
9369	713.600
9429	713.600
9472	713.600
9483	713.600
9640	713.600
9641	713.600
9642	713.600
9691	713.600
9726	713.600
9806	713.600
9811	713.600
9851	713.600
9862	713.600
9908	713.600
9948	713.600
9949	713.600
9956	713.600
10006	713.600
10026	713.600
10036	713.600
10075	713.600
10078	713.600
10112	713.600
10323	713.600
10378	713.600
10491	713.600
10518	713.600
10574	713.600
10593	713.600
10626	713.600
10631	713.600
10702	713.600
10712	713.600
8670	713.700
8723	713.700
8771	713.700
8783	713.700
8784	713.700
8930	713.700
8950	713.700
9130	713.700
9264	713.700
9278	713.700
9326	713.700
9391	713.700
9432	713.700
9549	713.700
9556	713.700
9589	713.700
9638	713.700
9763	713.700
9856	713.700
9878	713.700
9913	713.700
9968	713.700
9982	713.700
10200	713.700
10332	713.700
10392	713.700
10512	713.700
10537	713.700
10566	713.700
10611	713.700
10613	713.700
10624	713.700
8711	713.800
8726	713.800
8736	713.800
8833	713.800
8837	713.800
8920	713.800
9141	713.800
9147	713.800
9243	713.800
9348	713.800
9350	713.800
9371	713.800
9440	713.800
9442	713.800
9918	713.800
10046	713.800
10073	713.800
10160	713.800
10204	713.800
10250	713.800
10271	713.800
10294	713.800
10317	713.800
10372	713.800
10500	713.800
10554	713.800
10595	713.800
10666	713.800
8868	713.900
9263	713.900
9565	713.900
9604	713.900
9658	713.900
9847	713.900
10063	713.900
10240	713.900
10333	713.900
9607	714.000
9619	714.000
10176	714.000
10337	714.000
10683	715.700
9626	715.800
9896	715.800
10319	715.800
10617	715.800
8789	715.900
8816	715.900
9294	715.900
9334	715.900
9960	715.900
10014	715.900
10341	715.900
10353	715.900
10541	715.900
10705	715.900
8667	716.000
8755	716.000
9194	716.000
9343	716.000
9525	716.000
9568	716.000
10232	716.000
10449	716.000
8750	716.100
9158	716.100
9647	716.100
9782	716.100
10055	716.100
10120	716.100
10466	716.100
10470	716.100
10571	716.100
10702	716.100
8815	716.200
8885	716.200
8988	716.200
9219	716.200
9251	716.200
9274	716.200
10007	716.200
10186	716.200
8753	716.300
9079	716.300
9236	716.300
9691	716.300
9948	716.300
10447	716.300
8901	716.400
9371	716.400
9278	716.500
10294	716.500
8736	717.500
8837	717.600
8771	717.800
8671	718.000
9258	718.000
9619	718.000
8670	718.100
8925	718.100
9052	718.100
10160	718.100
10687	718.100
8810	718.200
9913	718.200
10611	718.200
8653	718.300
8917	718.300
9040	718.300
9147	718.300
9642	718.300
9716	718.300
9927	718.300
10566	718.300
8788	718.400
8790	718.400
9687	718.400
10683	718.400
9099	718.500
9148	718.500
9787	718.500
10705	718.500
8745	718.600
9374	718.600
9607	718.600
10052	718.600
10176	718.600
10562	718.600
10700	718.600
9313	718.700
9360	718.700
9384	718.700
9905	718.700
9960	718.700
10227	718.700
10302	718.700
10333	718.700
10459	718.700
8698	718.800
8954	718.800
9753	718.800
10319	718.800
10541	718.800
10581	718.800
9658	718.900
10253	718.900
10337	718.900
10353	718.900
9629	719.000
10440	719.100
10581	729.000
9079	729.200
10461	729.400
9913	729.700
10556	730.100
9870	730.300
9927	730.700
10123	730.700
9040	730.900
9753	730.900
9691	731.000
9670	731.100
9716	731.100
8837	731.200
8925	731.300
10562	731.300
9658	731.400
9103	731.500
10201	731.500
8670	731.600
9619	731.600
9245	731.700
8653	731.800
8671	731.800
10063	731.800
8849	732.000
9724	732.100
10603	732.100
8810	732.200
9960	732.200
9274	732.300
10052	732.300
8982	732.400
10460	732.400
10526	732.400
9841	732.500
9930	732.500
10602	732.500
9440	732.600
8789	732.800
10130	732.800
8712	732.900
9017	732.900
8910	733.000
9164	733.000
9514	733.000
9037	733.100
9052	733.100
9443	733.100
9727	733.100
10175	733.100
10449	733.200
10581	733.200
9457	733.300
9819	733.300
9912	733.300
9981	733.300
10253	733.300
10417	733.300
8737	733.400
8833	733.400
9319	733.400
9624	733.400
9689	733.400
9840	733.400
9892	733.400
10228	733.400
10299	733.400
10372	733.400
10473	733.400
8862	733.500
8954	733.500
9011	733.500
9139	733.500
9230	733.500
9278	733.500
10285	733.500
10294	733.500
10522	733.500
10687	733.500
9148	733.600
9977	733.600
10337	733.600
10539	733.600
10611	733.600
8808	733.700
8858	733.700
8920	733.700
9792	733.700
9843	733.700
10186	733.700
10233	733.700
10461	733.700
8736	733.800
8818	733.800
8821	733.800
9079	733.800
9147	733.800
9360	733.800
9614	733.800
9888	733.800
10000	733.800
10544	733.800
8783	733.900
8795	733.900
9047	733.900
9131	733.900
9459	733.900
9535	733.900
9948	733.900
9963	733.900
10020	733.900
10068	733.900
10160	733.900
10194	733.900
10440	733.900
8803	734.000
8901	734.000
8986	734.000
9062	734.000
9216	734.000
9219	734.000
9231	734.000
9243	734.000
9406	734.000
9408	734.000
9497	734.000
10048	734.000
10073	734.000
10098	734.000
10193	734.000
10480	734.000
10523	734.000
8706	734.100
8988	734.100
9098	734.100
9301	734.100
9778	734.100
9870	734.100
9941	734.100
10344	734.100
10375	734.100
10554	734.100
10565	734.100
8724	734.200
9042	734.200
9132	734.200
9308	734.200
9407	734.200
9773	734.200
9929	734.200
10004	734.200
10131	734.200
10176	734.200
10179	734.200
10199	734.200
10542	734.200
10627	734.200
8914	734.300
8927	734.300
9183	734.300
9309	734.300
9384	734.300
9462	734.300
9705	734.300
9710	734.300
9753	734.300
10141	734.300
10174	734.300
10306	734.300
10369	734.300
10556	734.300
10568	734.300
10589	734.300
10599	734.300
8683	734.400
9044	734.400
9073	734.400
9248	734.400
9329	734.400
9413	734.400
9503	734.400
9865	734.400
10077	734.400
10168	734.400
10264	734.400
10301	734.400
10352	734.400
10648	734.400
10670	734.400
8701	734.500
8711	734.500
8716	734.500
8878	734.500
8972	734.500
8981	734.500
9101	734.500
9331	734.500
9584	734.500
9607	734.500
9927	734.500
10013	734.500
8709	734.600
8874	734.600
9009	734.600
9254	734.600
9374	734.600
9397	734.600
9605	734.600
9691	734.600
9769	734.600
10116	734.600
10266	734.600
10516	734.600
10685	734.600
8964	734.700
8991	734.700
9082	734.700
9317	734.700
9447	734.700
9525	734.700
9642	734.700
9758	734.700
9803	734.700
9940	734.700
10015	734.700
10128	734.700
10149	734.700
10592	734.700
8788	734.800
8875	734.800
9289	734.800
9469	734.800
9471	734.800
9597	734.800
9626	734.800
9923	734.800
9991	734.800
10070	734.800
10187	734.800
10319	734.800
10484	734.800
10498	734.800
10549	734.800
8720	734.900
8753	734.900
8771	734.900
9335	734.900
9452	734.900
9684	734.900
9742	734.900
9855	734.900
10117	734.900
10415	734.900
10488	734.900
10671	734.900
10693	734.900
8698	735.000
8758	735.000
8761	735.000
8791	735.000
9195	735.000
9228	735.000
9279	735.000
9322	735.000
9370	735.000
9599	735.000
9676	735.000
9692	735.000
9989	735.000
10044	735.000
10069	735.000
10248	735.000
10361	735.000
10502	735.000
10665	735.000
8722	735.100
8786	735.100
8856	735.100
8879	735.100
9194	735.100
9277	735.100
9330	735.100
9496	735.100
9505	735.100
9646	735.100
9647	735.100
9658	735.100
9679	735.100
9759	735.100
10001	735.100
10032	735.100
10094	735.100
10096	735.100
10124	735.100
10287	735.100
10303	735.100
10380	735.100
10655	735.100
10661	735.100
8663	735.200
8750	735.200
8778	735.200
9057	735.200
9068	735.200
9071	735.200
9075	735.200
9095	735.200
9258	735.200
9314	735.200
9344	735.200
9346	735.200
9398	735.200
9619	735.200
9698	735.200
9913	735.200
10030	735.200
10074	735.200
10113	735.200
10258	735.200
10333	735.200
10366	735.200
10414	735.200
10476	735.200
10529	735.200
10640	735.200
8662	735.300
8794	735.300
8863	735.300
8913	735.300
9021	735.300
9171	735.300
9288	735.300
9476	735.300
9573	735.300
9604	735.300
9716	735.300
9743	735.300
9827	735.300
10107	735.300
10145	735.300
10166	735.300
10320	735.300
10669	735.300
10675	735.300
8729	735.400
8742	735.400
9029	735.400
9161	735.400
9222	735.400
9292	735.400
9409	735.400
9415	735.400
9486	735.400
9491	735.400
9536	735.400
9671	735.400
9845	735.400
9971	735.400
9972	735.400
10002	735.400
10021	735.400
10023	735.400
10123	735.400
10201	735.400
10215	735.400
10302	735.400
10330	735.400
10634	735.400
10649	735.400
10702	735.400
10706	735.400
8668	735.500
8752	735.500
8816	735.500
8907	735.500
8916	735.500
8938	735.500
8957	735.500
8976	735.500
9175	735.500
9333	735.500
9334	735.500
9388	735.500
9448	735.500
9475	735.500
9521	735.500
9542	735.500
9634	735.500
9666	735.500
9712	735.500
9714	735.500
9771	735.500
9794	735.500
9800	735.500
9807	735.500
9853	735.500
9880	735.500
9969	735.500
10065	735.500
10087	735.500
10171	735.500
10178	735.500
10255	735.500
10411	735.500
10478	735.500
10501	735.500
10513	735.500
10546	735.500
10573	735.500
10650	735.500
10657	735.500
8704	735.600
8734	735.600
8998	735.600
9060	735.600
9102	735.600
9109	735.600
9133	735.600
9143	735.600
9150	735.600
9220	735.600
9229	735.600
9492	735.600
9494	735.600
9498	735.600
9506	735.600
9570	735.600
9588	735.600
9616	735.600
9657	735.600
9667	735.600
9677	735.600
9719	735.600
9724	735.600
9887	735.600
9997	735.600
10033	735.600
10121	735.600
10326	735.600
10338	735.600
10371	735.600
10409	735.600
10447	735.600
10550	735.600
10633	735.600
10658	735.600
10698	735.600
8650	735.700
8733	735.700
8900	735.700
8911	735.700
8924	735.700
8959	735.700
9020	735.700
9172	735.700
9182	735.700
9191	735.700
9291	735.700
9293	735.700
9375	735.700
9420	735.700
9569	735.700
9579	735.700
9776	735.700
9793	735.700
9876	735.700
9886	735.700
9889	735.700
9900	735.700
9921	735.700
9955	735.700
10063	735.700
10104	735.700
10202	735.700
10318	735.700
10353	735.700
10397	735.700
10517	735.700
10601	735.700
10703	735.700
10705	735.700
8694	735.800
8712	735.800
8804	735.800
8839	735.800
8965	735.800
9091	735.800
9121	735.800
9123	735.800
9153	735.800
9202	735.800
9245	735.800
9249	735.800
9283	735.800
9297	735.800
9379	735.800
9473	735.800
9524	735.800
9733	735.800
9775	735.800
9787	735.800
9801	735.800
9881	735.800
10076	735.800
10129	735.800
10142	735.800
10225	735.800
10234	735.800
10470	735.800
10492	735.800
10504	735.800
10541	735.800
10562	735.800
10584	735.800
10597	735.800
10663	735.800
10679	735.800
8653	735.900
8670	735.900
8735	735.900
8746	735.900
8853	735.900
8855	735.900
8883	735.900
8917	735.900
8951	735.900
8956	735.900
9008	735.900
9039	735.900
9056	735.900
9078	735.900
9103	735.900
9111	735.900
9118	735.900
9129	735.900
9211	735.900
9233	735.900
9237	735.900
9274	735.900
9310	735.900
9338	735.900
9511	735.900
9660	735.900
9670	735.900
9694	735.900
9713	735.900
9715	735.900
9782	735.900
9898	735.900
9919	735.900
9979	735.900
9996	735.900
10120	735.900
10189	735.900
10279	735.900
10280	735.900
10383	735.900
10390	735.900
10467	735.900
10468	735.900
10526	735.900
10540	735.900
10557	735.900
10587	735.900
10619	735.900
10622	735.900
8656	736.000
8667	736.000
8689	736.000
8759	736.000
8764	736.000
8777	736.000
8815	736.000
8873	736.000
8881	736.000
8896	736.000
8918	736.000
8948	736.000
8961	736.000
8982	736.000
9040	736.000
9198	736.000
9200	736.000
9240	736.000
9242	736.000
9244	736.000
9428	736.000
9500	736.000
9517	736.000
9562	736.000
9567	736.000
9628	736.000
9673	736.000
9699	736.000
9728	736.000
9729	736.000
9777	736.000
9857	736.000
9866	736.000
9933	736.000
9935	736.000
9953	736.000
9961	736.000
10007	736.000
10027	736.000
10152	736.000
10163	736.000
10170	736.000
10180	736.000
10218	736.000
10273	736.000
10277	736.000
10278	736.000
10388	736.000
10434	736.000
10442	736.000
10452	736.000
10454	736.000
10460	736.000
10477	736.000
10490	736.000
10495	736.000
10532	736.000
10610	736.000
8671	736.100
8717	736.100
8731	736.100
8757	736.100
8820	736.100
8880	736.100
9013	736.100
9054	736.100
9087	736.100
9169	736.100
9203	736.100
9226	736.100
9342	736.100
9357	736.100
9361	736.100
9381	736.100
9395	736.100
9453	736.100
9477	736.100
9484	736.100
9487	736.100
9509	736.100
9559	736.100
9636	736.100
9651	736.100
9860	736.100
9938	736.100
10040	736.100
10089	736.100
10314	736.100
10321	736.100
10370	736.100
10381	736.100
10389	736.100
10430	736.100
10432	736.100
10444	736.100
10614	736.100
10620	736.100
10643	736.100
10697	736.100
8649	736.200
8697	736.200
8718	736.200
8739	736.200
8980	736.200
9094	736.200
9164	736.200
9221	736.200
9234	736.200
9276	736.200
9341	736.200
9345	736.200
9382	736.200
9574	736.200
9631	736.200
9772	736.200
9875	736.200
9896	736.200
9957	736.200
9993	736.200
10211	736.200
10245	736.200
10253	736.200
10363	736.200
10572	736.200
10585	736.200
10603	736.200
10680	736.200
8688	736.300
8725	736.300
8760	736.300
8841	736.300
8849	736.300
8886	736.300
8890	736.300
8947	736.300
9006	736.300
9033	736.300
9052	736.300
9077	736.300
9185	736.300
9256	736.300
9265	736.300
9353	736.300
9400	736.300
9504	736.300
9512	736.300
9544	736.300
9585	736.300
9600	736.300
9629	736.300
9648	736.300
9664	736.300
9683	736.300
9925	736.300
10082	736.300
10130	736.300
10144	736.300
10151	736.300
10257	736.300
10349	736.300
10354	736.300
10401	736.300
10445	736.300
10474	736.300
10481	736.300
10528	736.300
10547	736.300
8646	736.400
8790	736.400
8860	736.400
8921	736.400
9017	736.400
9136	736.400
9178	736.400
9365	736.400
9412	736.400
9618	736.400
9737	736.400
9788	736.400
9826	736.400
9831	736.400
9850	736.400
9981	736.400
9987	736.400
10056	736.400
10235	736.400
10457	736.400
10482	736.400
10496	736.400
10555	736.400
9140	736.500
9196	736.500
9312	736.500
9319	736.500
9530	736.500
9546	736.500
9590	736.500
9780	736.500
10126	736.500
10198	736.500
10417	736.500
10581	736.500
8696	736.600
9393	736.600
9841	736.600
9970	736.600
10224	736.600
10357	736.600
10459	736.600
10531	736.600
9416	736.700
9959	736.700
10404	736.700
9064	736.800
9649	736.800
9013	745.000
9017	745.100
9103	745.100
9274	745.100
9631	745.100
10151	745.100
10417	745.100
10526	745.100
9052	745.200
9801	745.200
9957	745.200
10253	745.200
10610	745.200
8764	745.300
8982	745.300
9033	745.300
9147	745.300
9244	745.300
9276	745.300
9357	745.300
9505	745.300
9651	745.300
9775	745.300
9959	745.300
9981	745.300
10562	745.300
8735	745.400
8954	745.400
9077	745.400
9245	745.400
9477	745.400
9649	745.400
10357	745.400
10383	745.400
10444	745.400
10531	745.400
8646	745.500
8734	745.500
8860	745.500
8921	745.500
9164	745.500
9240	745.500
9590	745.500
9993	745.500
10089	745.500
10180	745.500
10198	745.500
10252	745.500
10294	745.500
10314	745.500
8670	745.600
8873	745.600
8988	745.600
9198	745.600
9361	745.600
9379	745.600
9664	745.600
9716	745.600
9875	745.600
9886	745.600
10120	745.600
10202	745.600
10460	745.600
10566	745.600
8712	745.700
8725	745.700
8759	745.700
8760	745.700
8820	745.700
8997	745.700
9044	745.700
9182	745.700
9202	745.700
9234	745.700
9265	745.700
9283	745.700
9301	745.700
9333	745.700
9624	745.700
9850	745.700
9860	745.700
10063	745.700
10370	745.700
10573	745.700
10581	745.700
8671	745.800
8739	745.800
8761	745.800
8789	745.800
8810	745.800
8841	745.800
8910	745.800
9047	745.800
9087	745.800
9123	745.800
9440	745.800
9569	745.800
9600	745.800
9714	745.800
9841	745.800
9987	745.800
10352	745.800
10388	745.800
10401	745.800
10528	745.800
10557	745.800
10650	745.800
8753	745.900
8839	745.900
8853	745.900
8855	745.900
8881	745.900
8924	745.900
8925	745.900
8948	745.900
8972	745.900
8976	745.900
8994	745.900
9008	745.900
9079	745.900
9111	745.900
9278	745.900
9374	745.900
9382	745.900
9416	745.900
9435	745.900
9457	745.900
9511	745.900
9636	745.900
9657	745.900
9713	745.900
9733	745.900
9819	745.900
9865	745.900
10000	745.900
10012	745.900
10087	745.900
10245	745.900
10277	745.900
10468	745.900
10473	745.900
10490	745.900
10517	745.900
10587	745.900
10589	745.900
10702	745.900
8649	746.000
8667	746.000
8890	746.000
9129	746.000
9170	746.000
9172	746.000
9175	746.000
9219	746.000
9297	746.000
9312	746.000
9492	746.000
9571	746.000
9583	746.000
9616	746.000
9619	746.000
9658	746.000
9671	746.000
9683	746.000
9705	746.000
9710	746.000
9772	746.000
9777	746.000
9831	746.000
9843	746.000
9876	746.000
10011	746.000
10014	746.000
10021	746.000
10044	746.000
10101	746.000
10123	746.000
10144	746.000
10189	746.000
10210	746.000
10248	746.000
10262	746.000
10304	746.000
10390	746.000
10420	746.000
10461	746.000
10541	746.000
10546	746.000
10556	746.000
10601	746.000
10603	746.000
10620	746.000
10629	746.000
10674	746.000
10687	746.000
8689	746.100
8694	746.100
8722	746.100
8729	746.100
8818	746.100
8951	746.100
8959	746.100
9056	746.100
9091	746.100
9203	746.100
9221	746.100
9254	746.100
9310	746.100
9381	746.100
9447	746.100
9500	746.100
9530	746.100
9546	746.100
9753	746.100
9794	746.100
9814	746.100
9840	746.100
9857	746.100
9919	746.100
9997	746.100
10013	746.100
10056	746.100
10104	746.100
10121	746.100
10126	746.100
10130	746.100
10301	746.100
10321	746.100
10338	746.100
10349	746.100
10366	746.100
10371	746.100
10389	746.100
10474	746.100
10484	746.100
10585	746.100
10614	746.100
8696	746.200
8706	746.200
8736	746.200
8778	746.200
8880	746.200
8883	746.200
8886	746.200
8911	746.200
8913	746.200
8916	746.200
8967	746.200
9011	746.200
9064	746.200
9068	746.200
9073	746.200
9078	746.200
9133	746.200
9140	746.200
9150	746.200
9169	746.200
9187	746.200
9229	746.200
9237	746.200
9249	746.200
9397	746.200
9406	746.200
9451	746.200
9498	746.200
9512	746.200
9578	746.200
9587	746.200
9679	746.200
9684	746.200
9699	746.200
9758	746.200
9771	746.200
9778	746.200
9793	746.200
9904	746.200
9913	746.200
9929	746.200
9953	746.200
10001	746.200
10015	746.200
10027	746.200
10068	746.200
10145	746.200
10166	746.200
10193	746.200
10206	746.200
10225	746.200
10233	746.200
10234	746.200
10255	746.200
10279	746.200
10406	746.200
10457	746.200
10529	746.200
10679	746.200
10701	746.200
8740	746.300
8757	746.300
8771	746.300
8788	746.300
8803	746.300
8901	746.300
8907	746.300
8917	746.300
8957	746.300
8980	746.300
8981	746.300
9006	746.300
9067	746.300
9153	746.300
9196	746.300
9220	746.300
9230	746.300
9258	746.300
9341	746.300
9412	746.300
9517	746.300
9524	746.300
9542	746.300
9543	746.300
9574	746.300
9618	746.300
9626	746.300
9660	746.300
9667	746.300
9691	746.300
9728	746.300
9788	746.300
9870	746.300
9887	746.300
9900	746.300
9905	746.300
9912	746.300
9935	746.300
10020	746.300
10082	746.300
10129	746.300
10149	746.300
10160	746.300
10163	746.300
10186	746.300
10199	746.300
10201	746.300
10218	746.300
10263	746.300
10273	746.300
10299	746.300
10319	746.300
10333	746.300
10337	746.300
10375	746.300
10442	746.300
10467	746.300
10476	746.300
10482	746.300
10542	746.300
10559	746.300
10619	746.300
10640	746.300
10658	746.300
10671	746.300
10680	746.300
10683	746.300
10706	746.300
8653	746.400
8683	746.400
8698	746.400
8717	746.400
8720	746.400
8737	746.400
8777	746.400
8817	746.400
9109	746.400
9131	746.400
9132	746.400
9191	746.400
9222	746.400
9298	746.400
9308	746.400
9317	746.400
9319	746.400
9342	746.400
9380	746.400
9400	746.400
9452	746.400
9476	746.400
9486	746.400
9514	746.400
9525	746.400
9544	746.400
9581	746.400
9605	746.400
9607	746.400
9650	746.400
9711	746.400
9729	746.400
9896	746.400
9910	746.400
9974	746.400
9989	746.400
10039	746.400
10094	746.400
10152	746.400
10156	746.400
10175	746.400
10178	746.400
10179	746.400
10224	746.400
10275	746.400
10320	746.400
10323	746.400
10361	746.400
10369	746.400
10426	746.400
10431	746.400
10432	746.400
10440	746.400
10464	746.400
10496	746.400
10540	746.400
10560	746.400
8679	746.500
8751	746.500
8790	746.500
8794	746.500
8821	746.500
8833	746.500
8837	746.500
8859	746.500
8862	746.500
8863	746.500
8896	746.500
8986	746.500
8998	746.500
9020	746.500
9040	746.500
9042	746.500
9054	746.500
9074	746.500
9093	746.500
9126	746.500
9127	746.500
9136	746.500
9154	746.500
9167	746.500
9178	746.500
9200	746.500
9279	746.500
9282	746.500
9321	746.500
9393	746.500
9443	746.500
9462	746.500
9480	746.500
9507	746.500
9570	746.500
9573	746.500
9614	746.500
9629	746.500
9646	746.500
9689	746.500
9743	746.500
9745	746.500
9769	746.500
9807	746.500
9881	746.500
9909	746.500
9938	746.500
9948	746.500
9955	746.500
9971	746.500
10040	746.500
10058	746.500
10071	746.500
10076	746.500
10147	746.500
10227	746.500
10228	746.500
10281	746.500
10287	746.500
10362	746.500
10409	746.500
10414	746.500
10415	746.500
10428	746.500
10452	746.500
10470	746.500
10488	746.500
10495	746.500
10544	746.500
10622	746.500
10663	746.500
10698	746.500
8650	746.600
8701	746.600
8718	746.600
8749	746.600
8750	746.600
8785	746.600
8827	746.600
8920	746.600
8932	746.600
8947	746.600
9021	746.600
9030	746.600
9031	746.600
9039	746.600
9060	746.600
9139	746.600
9233	746.600
9243	746.600
9267	746.600
9277	746.600
9293	746.600
9306	746.600
9330	746.600
9353	746.600
9376	746.600
9388	746.600
9402	746.600
9414	746.600
9453	746.600
9491	746.600
9495	746.600
9536	746.600
9572	746.600
9584	746.600
9642	746.600
9647	746.600
9668	746.600
9719	746.600
9759	746.600
9764	746.600
9776	746.600
9782	746.600
9784	746.600
9787	746.600
9853	746.600
9866	746.600
9880	746.600
9889	746.600
9892	746.600
9925	746.600
9927	746.600
9963	746.600
9970	746.600
9995	746.600
10006	746.600
10048	746.600
10065	746.600
10073	746.600
10110	746.600
10117	746.600
10128	746.600
10131	746.600
10133	746.600
10162	746.600
10172	746.600
10174	746.600
10176	746.600
10211	746.600
10264	746.600
10266	746.600
10302	746.600
10363	746.600
10404	746.600
10429	746.600
10437	746.600
10454	746.600
10497	746.600
10523	746.600
10532	746.600
10572	746.600
10584	746.600
10592	746.600
10611	746.600
10667	746.600
10708	746.600
8655	746.700
8663	746.700
8697	746.700
8707	746.700
8709	746.700
8724	746.700
8731	746.700
8776	746.700
8797	746.700
8808	746.700
8879	746.700
8927	746.700
8956	746.700
8965	746.700
8983	746.700
9051	746.700
9071	746.700
9106	746.700
9120	746.700
9185	746.700
9207	746.700
9256	746.700
9291	746.700
9327	746.700
9345	746.700
9395	746.700
9409	746.700
9410	746.700
9428	746.700
9459	746.700
9473	746.700
9475	746.700
9482	746.700
9562	746.700
9567	746.700
9579	746.700
9654	746.700
9670	746.700
9673	746.700
9704	746.700
9748	746.700
9785	746.700
9826	746.700
9845	746.700
9869	746.700
9960	746.700
9969	746.700
9977	746.700
9991	746.700
9996	746.700
10064	746.700
10141	746.700
10168	746.700
10171	746.700
10235	746.700
10330	746.700
10384	746.700
10427	746.700
10439	746.700
10459	746.700
10508	746.700
10513	746.700
10548	746.700
10558	746.700
10597	746.700
10634	746.700
10643	746.700
10648	746.700
10664	746.700
10697	746.700
10703	746.700
10705	746.700
8661	746.800
8723	746.800
8733	746.800
8746	746.800
8779	746.800
8780	746.800
8791	746.800
8807	746.800
8816	746.800
8953	746.800
8961	746.800
9009	746.800
9057	746.800
9075	746.800
9082	746.800
9086	746.800
9089	746.800
9094	746.800
9118	746.800
9161	746.800
9228	746.800
9242	746.800
9358	746.800
9375	746.800
9413	746.800
9460	746.800
9466	746.800
9484	746.800
9494	746.800
9496	746.800
9509	746.800
9594	746.800
9628	746.800
9662	746.800
9666	746.800
9669	746.800
9715	746.800
9724	746.800
9780	746.800
9823	746.800
9837	746.800
9930	746.800
9941	746.800
9961	746.800
9979	746.800
9986	746.800
10028	746.800
10032	746.800
10052	746.800
10054	746.800
10057	746.800
10098	746.800
10122	746.800
10125	746.800
10138	746.800
10140	746.800
10187	746.800
10219	746.800
10222	746.800
10229	746.800
10257	746.800
10285	746.800
10286	746.800
10292	746.800
10296	746.800
10326	746.800
10328	746.800
10344	746.800
10345	746.800
10372	746.800
10398	746.800
10433	746.800
10481	746.800
10511	746.800
10595	746.800
10628	746.800
10633	746.800
10649	746.800
10691	746.800
8647	746.900
8742	746.900
8767	746.900
8769	746.900
8852	746.900
8918	746.900
8937	746.900
8938	746.900
8973	746.900
8985	746.900
9038	746.900
9062	746.900
9101	746.900
9143	746.900
9180	746.900
9183	746.900
9205	746.900
9214	746.900
9238	746.900
9248	746.900
9268	746.900
9305	746.900
9309	746.900
9322	746.900
9346	746.900
9373	746.900
9405	746.900
9420	746.900
9450	746.900
9469	746.900
9471	746.900
9487	746.900
9493	746.900
9497	746.900
9506	746.900
9559	746.900
9591	746.900
9602	746.900
9604	746.900
9635	746.900
9675	746.900
9712	746.900
9742	746.900
9773	746.900
9790	746.900
9829	746.900
9894	746.900
9932	746.900
9945	746.900
10023	746.900
10059	746.900
10066	746.900
10099	746.900
10113	746.900
10170	746.900
10173	746.900
10276	746.900
10280	746.900
10306	746.900
10329	746.900
10354	746.900
10434	746.900
10469	746.900
10515	746.900
10547	746.900
10565	746.900
10576	746.900
10583	746.900
10599	746.900
10665	746.900
10693	746.900
8651	747.000
8684	747.000
8693	747.000
8758	747.000
8800	747.000
8805	747.000
9148	747.000
9156	747.000
9162	747.000
9194	747.000
9210	747.000
9335	747.000
9389	747.000
9426	747.000
9430	747.000
9504	747.000
9548	747.000
9597	747.000
9634	747.000
9648	747.000
9677	747.000
9700	747.000
9718	747.000
9752	747.000
9761	747.000
9767	747.000
9825	747.000
9863	747.000
9882	747.000
9888	747.000
9988	747.000
9999	747.000
10069	747.000
10249	747.000
10274	747.000
10336	747.000
10350	747.000
10353	747.000
10380	747.000
10609	747.000
10700	747.000
8656	747.100
8704	747.100
8834	747.100
8884	747.100
8941	747.100
8944	747.100
9110	747.100
9155	747.100
9206	747.100
9236	747.100
9349	747.100
9399	747.100
9408	747.100
9513	747.100
9516	747.100
9521	747.100
9585	747.100
9588	747.100
9617	747.100
9730	747.100
9768	747.100
9897	747.100
9923	747.100
9976	747.100
10025	747.100
10053	747.100
10067	747.100
10079	747.100
10116	747.100
10154	747.100
10200	747.100
10268	747.100
10355	747.100
10391	747.100
10430	747.100
10436	747.100
10445	747.100
10521	747.100
10561	747.100
10602	747.100
10675	747.100
10694	747.100
10707	747.100
8699	747.200
8748	747.200
8796	747.200
8902	747.200
8963	747.200
8964	747.200
8975	747.200
9029	747.200
9059	747.200
9092	747.200
9095	747.200
9098	747.200
9338	747.200
9344	747.200
9365	747.200
9407	747.200
9503	747.200
9520	747.200
9550	747.200
9639	747.200
9652	747.200
9676	747.200
9861	747.200
9992	747.200
10107	747.200
10118	747.200
10124	747.200
10137	747.200
10313	747.200
10580	747.200
8708	747.300
8815	747.300
8906	747.300
9003	747.300
9121	747.300
9158	747.300
9211	747.300
9535	747.300
9687	747.300
9774	747.300
9798	747.300
10017	747.300
10142	747.300
10318	747.300
10343	747.300
10346	747.300
8874	747.400
9063	747.400
9653	747.400
9737	747.400
9978	747.400
9980	747.400
10214	747.400
10627	747.400
9226	747.500
10381	747.500
9216	747.600
9693	747.600
10617	747.600
10098	760.300
8808	760.700
9742	760.700
8815	760.800
8985	760.800
9103	760.800
9183	760.800
9724	760.800
10294	760.800
10369	760.800
8704	760.900
8767	760.900
8805	760.900
9248	760.900
9778	760.900
9932	760.900
10248	760.900
10264	760.900
9052	761.000
9513	761.000
9602	761.000
9691	761.000
9974	761.000
10117	761.000
10544	761.000
8797	761.100
9207	761.100
9358	761.100
9380	761.100
9535	761.100
9570	761.100
9614	761.100
9671	761.100
9676	761.100
9684	761.100
9700	761.100
9758	761.100
9897	761.100
9927	761.100
10000	761.100
10006	761.100
10073	761.100
10141	761.100
10149	761.100
10151	761.100
10201	761.100
10299	761.100
10380	761.100
10440	761.100
10484	761.100
10565	761.100
8694	761.200
8709	761.200
8736	761.200
8739	761.200
8758	761.200
8789	761.200
8794	761.200
8883	761.200
8976	761.200
9038	761.200
9044	761.200
9071	761.200
9147	761.200
9243	761.200
9397	761.200
9407	761.200
9459	761.200
9581	761.200
9626	761.200
9705	761.200
9759	761.200
9976	761.200
10020	761.200
10057	761.200
10071	761.200
10094	761.200
10113	761.200
10122	761.200
10131	761.200
10193	761.200
10304	761.200
10353	761.200
10366	761.200
10371	761.200
10372	761.200
10398	761.200
10523	761.200
10573	761.200
10602	761.200
10664	761.200
10671	761.200
8683	761.300
8693	761.300
8723	761.300
8746	761.300
8788	761.300
8833	761.300
8902	761.300
8907	761.300
8956	761.300
8964	761.300
9079	761.300
9106	761.300
9129	761.300
9148	761.300
9211	761.300
9220	761.300
9277	761.300
9317	761.300
9399	761.300
9484	761.300
9486	761.300
9496	761.300
9503	761.300
9548	761.300
9550	761.300
9619	761.300
9652	761.300
9743	761.300
9819	761.300
9845	761.300
9853	761.300
9870	761.300
9888	761.300
10001	761.300
10015	761.300
10048	761.300
10069	761.300
10110	761.300
10124	761.300
10171	761.300
10178	761.300
10225	761.300
10306	761.300
10323	761.300
10428	761.300
10474	761.300
10526	761.300
10541	761.300
10566	761.300
10589	761.300
10595	761.300
10599	761.300
10619	761.300
10648	761.300
8671	761.400
8701	761.400
8707	761.400
8719	761.400
8720	761.400
8722	761.400
8734	761.400
8753	761.400
8779	761.400
8816	761.400
8863	761.400
8874	761.400
8916	761.400
8954	761.400
8963	761.400
9017	761.400
9060	761.400
9068	761.400
9086	761.400
9089	761.400
9093	761.400
9139	761.400
9154	761.400
9228	761.400
9254	761.400
9278	761.400
9331	761.400
9408	761.400
9447	761.400
9471	761.400
9491	761.400
9514	761.400
9516	761.400
9587	761.400
9588	761.400
9607	761.400
9658	761.400
9668	761.400
9716	761.400
9764	761.400
9769	761.400
9923	761.400
9929	761.400
9948	761.400
9977	761.400
9986	761.400
9989	761.400
9991	761.400
10017	761.400
10068	761.400
10103	761.400
10118	761.400
10174	761.400
10275	761.400
10301	761.400
10328	761.400
10375	761.400
10406	761.400
10427	761.400
10439	761.400
10445	761.400
10476	761.400
10515	761.400
10542	761.400
10561	761.400
10693	761.400
8653	761.500
8663	761.500
8712	761.500
8729	761.500
8731	761.500
8751	761.500
8791	761.500
8810	761.500
8837	761.500
8879	761.500
8924	761.500
8925	761.500
8998	761.500
9003	761.500
9047	761.500
9054	761.500
9074	761.500
9082	761.500
9095	761.500
9101	761.500
9167	761.500
9187	761.500
9219	761.500
9230	761.500
9298	761.500
9301	761.500
9305	761.500
9309	761.500
9322	761.500
9381	761.500
9389	761.500
9406	761.500
9450	761.500
9466	761.500
9492	761.500
9529	761.500
9591	761.500
9604	761.500
9618	761.500
9639	761.500
9648	761.500
9650	761.500
9669	761.500
9710	761.500
9712	761.500
9718	761.500
9719	761.500
9785	761.500
9807	761.500
9823	761.500
9840	761.500
9865	761.500
9912	761.500
9930	761.500
9945	761.500
9979	761.500
9999	761.500
10013	761.500
10032	761.500
10052	761.500
10059	761.500
10063	761.500
10129	761.500
10160	761.500
10176	761.500
10179	761.500
10187	761.500
10202	761.500
10234	761.500
10235	761.500
10285	761.500
10357	761.500
10361	761.500
10389	761.500
10414	761.500
10417	761.500
10426	761.500
10433	761.500
10473	761.500
10521	761.500
10528	761.500
10556	761.500
10557	761.500
10576	761.500
10581	761.500
10583	761.500
10633	761.500
10634	761.500
10658	761.500
10679	761.500
10702	761.500
8651	761.600
8697	761.600
8699	761.600
8737	761.600
8742	761.600
8750	761.600
8759	761.600
8764	761.600
8771	761.600
8778	761.600
8780	761.600
8818	761.600
8827	761.600
8932	761.600
8981	761.600
8986	761.600
8988	761.600
9011	761.600
9021	761.600
9029	761.600
9030	761.600
9056	761.600
9073	761.600
9091	761.600
9092	761.600
9109	761.600
9118	761.600
9120	761.600
9131	761.600
9153	761.600
9182	761.600
9206	761.600
9214	761.600
9216	761.600
9242	761.600
9268	761.600
9308	761.600
9342	761.600
9356	761.600
9376	761.600
9379	761.600
9398	761.600
9400	761.600
9426	761.600
9451	761.600
9462	761.600
9469	761.600
9476	761.600
9498	761.600
9506	761.600
9520	761.600
9525	761.600
9578	761.600
9583	761.600
9594	761.600
9653	761.600
9657	761.600
9714	761.600
9761	761.600
9793	761.600
9814	761.600
9837	761.600
9866	761.600
9938	761.600
9941	761.600
9957	761.600
9963	761.600
9987	761.600
10028	761.600
10040	761.600
10101	761.600
10123	761.600
10125	761.600
10145	761.600
10156	761.600
10173	761.600
10175	761.600
10189	761.600
10210	761.600
10214	761.600
10228	761.600
10229	761.600
10241	761.600
10252	761.600
10277	761.600
10320	761.600
10326	761.600
10333	761.600
10337	761.600
10352	761.600
10354	761.600
10362	761.600
10384	761.600
10415	761.600
10429	761.600
10467	761.600
10468	761.600
10497	761.600
10558	761.600
10610	761.600
10611	761.600
10622	761.600
10675	761.600
10687	761.600
10708	761.600
8661	761.700
8670	761.700
8716	761.700
8740	761.700
8803	761.700
8817	761.700
8821	761.700
8846	761.700
8862	761.700
8881	761.700
8911	761.700
8938	761.700
8941	761.700
8947	761.700
8972	761.700
8980	761.700
8982	761.700
9006	761.700
9009	761.700
9057	761.700
9062	761.700
9078	761.700
9087	761.700
9132	761.700
9150	761.700
9175	761.700
9189	761.700
9222	761.700
9237	761.700
9244	761.700
9252	761.700
9261	761.700
9276	761.700
9279	761.700
9282	761.700
9335	761.700
9348	761.700
9365	761.700
9410	761.700
9413	761.700
9420	761.700
9443	761.700
9448	761.700
9460	761.700
9473	761.700
9477	761.700
9480	761.700
9494	761.700
9505	761.700
9507	761.700
9530	761.700
9543	761.700
9567	761.700
9624	761.700
9633	761.700
9646	761.700
9647	761.700
9651	761.700
9662	761.700
9667	761.700
9670	761.700
9699	761.700
9713	761.700
9715	761.700
9728	761.700
9745	761.700
9748	761.700
9752	761.700
9753	761.700
9784	761.700
9789	761.700
9794	761.700
9812	761.700
9843	761.700
9860	761.700
9861	761.700
9863	761.700
9913	761.700
9961	761.700
9971	761.700
9997	761.700
10010	761.700
10021	761.700
10025	761.700
10087	761.700
10088	761.700
10096	761.700
10147	761.700
10152	761.700
10172	761.700
10208	761.700
10215	761.700
10253	761.700
10266	761.700
10274	761.700
10276	761.700
10292	761.700
10296	761.700
10330	761.700
10408	761.700
10431	761.700
10460	761.700
10482	761.700
10507	761.700
10511	761.700
10532	761.700
10548	761.700
10587	761.700
10592	761.700
10600	761.700
10609	761.700
10617	761.700
10629	761.700
10667	761.700
10691	761.700
10703	761.700
8647	761.800
8650	761.800
8667	761.800
8724	761.800
8733	761.800
8776	761.800
8800	761.800
8834	761.800
8851	761.800
8890	761.800
8901	761.800
8913	761.800
8917	761.800
8918	761.800
8953	761.800
8967	761.800
8983	761.800
8994	761.800
9013	761.800
9033	761.800
9039	761.800
9042	761.800
9063	761.800
9098	761.800
9117	761.800
9123	761.800
9140	761.800
9170	761.800
9172	761.800
9198	761.800
9202	761.800
9203	761.800
9226	761.800
9234	761.800
9240	761.800
9274	761.800
9283	761.800
9297	761.800
9310	761.800
9321	761.800
9330	761.800
9333	761.800
9353	761.800
9373	761.800
9374	761.800
9392	761.800
9412	761.800
9435	761.800
9440	761.800
9482	761.800
9495	761.800
9497	761.800
9500	761.800
9504	761.800
9517	761.800
9521	761.800
9536	761.800
9540	761.800
9571	761.800
9634	761.800
9666	761.800
9727	761.800
9729	761.800
9772	761.800
9773	761.800
9776	761.800
9787	761.800
9798	761.800
9869	761.800
9881	761.800
9886	761.800
9894	761.800
9900	761.800
9919	761.800
9960	761.800
9980	761.800
9981	761.800
9988	761.800
10044	761.800
10053	761.800
10064	761.800
10067	761.800
10099	761.800
10130	761.800
10144	761.800
10154	761.800
10166	761.800
10180	761.800
10220	761.800
10279	761.800
10293	761.800
10313	761.800
10321	761.800
10350	761.800
10386	761.800
10388	761.800
10434	761.800
10437	761.800
10493	761.800
10530	761.800
10539	761.800
10540	761.800
10545	761.800
10547	761.800
10554	761.800
10562	761.800
10584	761.800
10597	761.800
10627	761.800
10628	761.800
10643	761.800
10649	761.800
10650	761.800
10659	761.800
10665	761.800
10700	761.800
10706	761.800
10707	761.800
8655	761.900
8656	761.900
8708	761.900
8718	761.900
8728	761.900
8748	761.900
8785	761.900
8839	761.900
8852	761.900
8859	761.900
8860	761.900
8880	761.900
8884	761.900
8896	761.900
8910	761.900
8920	761.900
8921	761.900
8927	761.900
8951	761.900
8957	761.900
9008	761.900
9040	761.900
9043	761.900
9110	761.900
9149	761.900
9171	761.900
9192	761.900
9201	761.900
9236	761.900
9245	761.900
9249	761.900
9256	761.900
9258	761.900
9265	761.900
9267	761.900
9300	761.900
9306	761.900
9312	761.900
9357	761.900
9361	761.900
9382	761.900
9388	761.900
9414	761.900
9416	761.900
9430	761.900
9439	761.900
9449	761.900
9453	761.900
9493	761.900
9499	761.900
9542	761.900
9569	761.900
9573	761.900
9574	761.900
9597	761.900
9631	761.900
9635	761.900
9636	761.900
9642	761.900
9654	761.900
9664	761.900
9675	761.900
9677	761.900
9679	761.900
9683	761.900
9698	761.900
9704	761.900
9720	761.900
9767	761.900
9782	761.900
9827	761.900
9841	761.900
9857	761.900
9876	761.900
9887	761.900
9896	761.900
9904	761.900
9909	761.900
9910	761.900
9925	761.900
9993	761.900
10054	761.900
10062	761.900
10066	761.900
10082	761.900
10128	761.900
10140	761.900
10168	761.900
10186	761.900
10194	761.900
10198	761.900
10206	761.900
10218	761.900
10219	761.900
10222	761.900
10242	761.900
10249	761.900
10255	761.900
10287	761.900
10314	761.900
10329	761.900
10338	761.900
10345	761.900
10346	761.900
10444	761.900
10454	761.900
10457	761.900
10461	761.900
10480	761.900
10495	761.900
10504	761.900
10560	761.900
10601	761.900
10603	761.900
10640	761.900
10683	761.900
8662	762.000
8679	762.000
8689	762.000
8706	762.000
8725	762.000
8735	762.000
8741	762.000
8757	762.000
8760	762.000
8761	762.000
8769	762.000
8790	762.000
8841	762.000
8842	762.000
8931	762.000
9020	762.000
9031	762.000
9064	762.000
9077	762.000
9121	762.000
9126	762.000
9136	762.000
9161	762.000
9177	762.000
9178	762.000
9196	762.000
9221	762.000
9287	762.000
9291	762.000
9293	762.000
9324	762.000
9329	762.000
9344	762.000
9345	762.000
9346	762.000
9372	762.000
9402	762.000
9405	762.000
9415	762.000
9424	762.000
9428	762.000
9437	762.000
9452	762.000
9457	762.000
9458	762.000
9519	762.000
9584	762.000
9590	762.000
9599	762.000
9606	762.000
9616	762.000
9617	762.000
9693	762.000
9708	762.000
9733	762.000
9768	762.000
9786	762.000
9802	762.000
9803	762.000
9875	762.000
9880	762.000
9892	762.000
9935	762.000
9978	762.000
10011	762.000
10012	762.000
10061	762.000
10070	762.000
10076	762.000
10086	762.000
10089	762.000
10107	762.000
10108	762.000
10120	762.000
10121	762.000
10137	762.000
10161	762.000
10162	762.000
10163	762.000
10184	762.000
10196	762.000
10199	762.000
10200	762.000
10233	762.000
10268	762.000
10281	762.000
10303	762.000
10319	762.000
10324	762.000
10336	762.000
10339	762.000
10344	762.000
10349	762.000
10355	762.000
10404	762.000
10407	762.000
10409	762.000
10413	762.000
10420	762.000
10421	762.000
10436	762.000
10449	762.000
10452	762.000
10490	762.000
10501	762.000
10506	762.000
10513	762.000
10529	762.000
10538	762.000
10580	762.000
10614	762.000
10661	762.000
10674	762.000
10701	762.000
8668	762.100
8711	762.100
8717	762.100
8745	762.100
8749	762.100
8811	762.100
8866	762.100
8893	762.100
8973	762.100
8997	762.100
9002	762.100
9045	762.100
9059	762.100
9075	762.100
9111	762.100
9169	762.100
9173	762.100
9180	762.100
9186	762.100
9191	762.100
9223	762.100
9227	762.100
9231	762.100
9270	762.100
9292	762.100
9319	762.100
9325	762.100
9338	762.100
9341	762.100
9375	762.100
9442	762.100
9555	762.100
9557	762.100
9559	762.100
9572	762.100
9593	762.100
9596	762.100
9605	762.100
9628	762.100
9629	762.100
9645	762.100
9689	762.100
9711	762.100
9757	762.100
9771	762.100
9774	762.100
9775	762.100
9788	762.100
9821	762.100
9825	762.100
9833	762.100
9838	762.100
9850	762.100
9855	762.100
9905	762.100
9969	762.100
10022	762.100
10035	762.100
10039	762.100
10138	762.100
10197	762.100
10227	762.100
10270	762.100
10286	762.100
10300	762.100
10302	762.100
10343	762.100
10381	762.100
10390	762.100
10391	762.100
10397	762.100
10459	762.100
10464	762.100
10469	762.100
10496	762.100
10508	762.100
10516	762.100
10517	762.100
10522	762.100
10546	762.100
10559	762.100
10564	762.100
10625	762.100
10670	762.100
10694	762.100
10697	762.100
10698	762.100
10705	762.100
8664	762.200
8678	762.200
8696	762.200
8698	762.200
8710	762.200
8763	762.200
8783	762.200
8793	762.200
8804	762.200
8820	762.200
8867	762.200
8886	762.200
8887	762.200
8906	762.200
8923	762.200
8948	762.200
8974	762.200
9035	762.200
9072	762.200
9094	762.200
9156	762.200
9184	762.200
9194	762.200
9195	762.200
9210	762.200
9212	762.200
9229	762.200
9238	762.200
9246	762.200
9272	762.200
9273	762.200
9289	762.200
9314	762.200
9327	762.200
9366	762.200
9370	762.200
9390	762.200
9393	762.200
9409	762.200
9474	762.200
9478	762.200
9511	762.200
9512	762.200
9546	762.200
9562	762.200
9579	762.200
9585	762.200
9598	762.200
9600	762.200
9630	762.200
9656	762.200
9687	762.200
9725	762.200
9730	762.200
9744	762.200
9747	762.200
9801	762.200
9882	762.200
9883	762.200
9890	762.200
9906	762.200
9917	762.200
9953	762.200
9992	762.200
9995	762.200
9996	762.200
10014	762.200
10027	762.200
10042	762.200
10049	762.200
10065	762.200
10170	762.200
10231	762.200
10263	762.200
10347	762.200
10358	762.200
10359	762.200
10367	762.200
10370	762.200
10377	762.200
10401	762.200
10402	762.200
10430	762.200
10432	762.200
10463	762.200
10481	762.200
10489	762.200
10531	762.200
10585	762.200
10669	762.200
10685	762.200
8687	762.300
8752	762.300
8756	762.300
8777	762.300
8786	762.300
8796	762.300
8845	762.300
8847	762.300
8885	762.300
8914	762.300
8919	762.300
8952	762.300
8966	762.300
8977	762.300
8979	762.300
8989	762.300
8993	762.300
9032	762.300
9036	762.300
9067	762.300
9069	762.300
9083	762.300
9102	762.300
9114	762.300
9164	762.300
9165	762.300
9233	762.300
9288	762.300
9294	762.300
9307	762.300
9332	762.300
9377	762.300
9384	762.300
9422	762.300
9455	762.300
9461	762.300
9463	762.300
9524	762.300
9544	762.300
9547	762.300
9613	762.300
9660	762.300
9737	762.300
9741	762.300
9749	762.300
9777	762.300
9779	762.300
9780	762.300
9805	762.300
9826	762.300
9884	762.300
9898	762.300
9907	762.300
9933	762.300
9955	762.300
9959	762.300
10023	762.300
10038	762.300
10074	762.300
10104	762.300
10111	762.300
10116	762.300
10159	762.300
10195	762.300
10211	762.300
10254	762.300
10257	762.300
10262	762.300
10378	762.300
10399	762.300
10411	762.300
10435	762.300
10563	762.300
10570	762.300
10572	762.300
10678	762.300
10680	762.300
10682	762.300
8676	762.400
8713	762.400
8738	762.400
8762	762.400
8765	762.400
8849	762.400
8850	762.400
8873	762.400
8878	762.400
8936	762.400
8949	762.400
8961	762.400
9034	762.400
9051	762.400
9058	762.400
9088	762.400
9104	762.400
9122	762.400
9133	762.400
9143	762.400
9146	762.400
9155	762.400
9158	762.400
9162	762.400
9185	762.400
9188	762.400
9193	762.400
9218	762.400
9281	762.400
9284	762.400
9334	762.400
9343	762.400
9349	762.400
9364	762.400
9396	762.400
9502	762.400
9534	762.400
9551	762.400
9553	762.400
9582	762.400
9637	762.400
9678	762.400
9750	762.400
9790	762.400
9829	762.400
9951	762.400
10005	762.400
10079	762.400
10092	762.400
10133	762.400
10136	762.400
10167	762.400
10230	762.400
10236	762.400
10239	762.400
10273	762.400
10280	762.400
10295	762.400
10298	762.400
10327	762.400
10363	762.400
10383	762.400
10393	762.400
10488	762.400
10525	762.400
10568	762.400
10577	762.400
10582	762.400
10618	762.400
10621	762.400
10636	762.400
10663	762.400
10711	762.400
8755	762.500
8770	762.500
8801	762.500
8853	762.500
8858	762.500
8882	762.500
8922	762.500
8959	762.500
8965	762.500
8991	762.500
9024	762.500
9076	762.500
9099	762.500
9127	762.500
9151	762.500
9157	762.500
9199	762.500
9205	762.500
9213	762.500
9241	762.500
9259	762.500
9285	762.500
9290	762.500
9302	762.500
9351	762.500
9367	762.500
9383	762.500
9395	762.500
9526	762.500
9539	762.500
9595	762.500
9649	762.500
9818	762.500
9822	762.500
9911	762.500
9924	762.500
9943	762.500
9985	762.500
10046	762.500
10055	762.500
10058	762.500
10078	762.500
10134	762.500
10142	762.500
10169	762.500
10297	762.500
10308	762.500
10360	762.500
10451	762.500
10462	762.500
10470	762.500
10479	762.500
10502	762.500
10543	762.500
10550	762.500
10624	762.500
10630	762.500
10642	762.500
10647	762.500
10657	762.500
10684	762.500
10686	762.500
8684	762.600
8700	762.600
8795	762.600
8875	762.600
8926	762.600
8937	762.600
8944	762.600
9053	762.600
9055	762.600
9096	762.600
9113	762.600
9135	762.600
9232	762.600
9352	762.600
9418	762.600
9431	762.600
9456	762.600
9464	762.600
9552	762.600
9563	762.600
9659	762.600
9673	762.600
9692	762.600
9703	762.600
9736	762.600
9740	762.600
9846	762.600
9915	762.600
9936	762.600
9972	762.600
10033	762.600
10077	762.600
10084	762.600
10238	762.600
10310	762.600
10318	762.600
10334	762.600
10348	762.600
10438	762.600
10458	762.600
10524	762.600
10533	762.600
10579	762.600
10605	762.600
10612	762.600
10616	762.600
10635	762.600
10639	762.600
10641	762.600
10655	762.600
10677	762.600
8657	762.700
8675	762.700
8681	762.700
8688	762.700
8787	762.700
8807	762.700
8864	762.700
8892	762.700
8955	762.700
8975	762.700
8984	762.700
8987	762.700
9000	762.700
9027	762.700
9209	762.700
9313	762.700
9320	762.700
9446	762.700
9475	762.700
9523	762.700
9528	762.700
9601	762.700
9622	762.700
9655	762.700
9682	762.700
9688	762.700
9707	762.700
9765	762.700
9831	762.700
9889	762.700
9940	762.700
10002	762.700
10007	762.700
10029	762.700
10093	762.700
10098	762.700
10183	762.700
10213	762.700
10224	762.700
10237	762.700
10243	762.700
10245	762.700
10416	762.700
10441	762.700
10475	762.700
10656	762.700
8672	762.800
8747	762.800
8772	762.800
8856	762.800
9004	762.800
9037	762.800
9065	762.800
9138	762.800
9200	762.800
9247	762.800
9271	762.800
9328	762.800
9355	762.800
9681	762.800
9847	762.800
9877	762.800
9994	762.800
10127	762.800
10139	762.800
10205	762.800
10271	762.800
10311	762.800
10424	762.800
10620	762.800
10637	762.800
9105	762.900
9128	762.900
9145	762.900
9190	762.900
9296	762.900
9509	762.900
9568	762.900
9661	762.900
9685	762.900
9756	762.900
9808	762.900
9809	762.900
10041	762.900
10232	762.900
10269	762.900
10288	762.900
10340	762.900
10466	762.900
10498	762.900
8774	763.000
9085	763.000
9603	763.000
9625	763.000
9674	763.000
9893	763.000
10056	763.000
10365	763.000
10527	763.000
9215	763.100
9608	763.100
10519	763.100
9489	763.200
9926	763.200
10247	763.200
8970	763.300
8798	763.400
8826	763.500
9691	779.600
9716	779.600
10473	779.600
10522	779.600
9819	779.700
9052	779.800
8988	779.900
10573	779.900
8808	780.000
9843	780.000
10193	780.000
9571	780.100
9658	780.100
10098	780.100
10159	780.100
10277	780.100
10304	780.100
10526	780.100
10556	780.100
10595	780.100
8856	780.200
9044	780.200
9289	780.200
9314	780.200
9342	780.200
9447	780.200
10013	780.200
10110	780.200
10371	780.200
10461	780.200
10581	780.200
8709	780.300
8759	780.300
8771	780.300
8910	780.300
8954	780.300
8982	780.300
9011	780.300
9276	780.300
9278	780.300
9317	780.300
9398	780.300
9840	780.300
9913	780.300
9999	780.300
10130	780.300
10186	780.300
10475	780.300
10548	780.300
10566	780.300
10698	780.300
8670	780.400
8722	780.400
8751	780.400
8760	780.400
8778	780.400
8789	780.400
8810	780.400
8833	780.400
8914	780.400
8976	780.400
9147	780.400
9150	780.400
9301	780.400
9370	780.400
9374	780.400
9406	780.400
9408	780.400
9570	780.400
9661	780.400
9759	780.400
9941	780.400
10178	780.400
10234	780.400
10269	780.400
10294	780.400
10372	780.400
10417	780.400
10440	780.400
10523	780.400
10542	780.400
10557	780.400
10602	780.400
10678	780.400
10685	780.400
10711	780.400
8657	780.500
8671	780.500
8679	780.500
8716	780.500
8720	780.500
8756	780.500
8774	780.500
8804	780.500
8821	780.500
8853	780.500
8874	780.500
8881	780.500
8925	780.500
8967	780.500
8972	780.500
8983	780.500
9068	780.500
9183	780.500
9219	780.500
9231	780.500
9254	780.500
9312	780.500
9361	780.500
9407	780.500
9619	780.500
9624	780.500
9636	780.500
9659	780.500
9713	780.500
9771	780.500
9841	780.500
9865	780.500
9870	780.500
9940	780.500
9957	780.500
9981	780.500
10006	780.500
10020	780.500
10063	780.500
10149	780.500
10168	780.500
10301	780.500
10318	780.500
10339	780.500
10367	780.500
10498	780.500
10528	780.500
10702	780.500
8683	780.600
8688	780.600
8706	780.600
8728	780.600
8735	780.600
8753	780.600
8764	780.600
8793	780.600
8827	780.600
8907	780.600
9003	780.600
9027	780.600
9033	780.600
9067	780.600
9073	780.600
9074	780.600
9079	780.600
9087	780.600
9096	780.600
9220	780.600
9222	780.600
9229	780.600
9244	780.600
9245	780.600
9249	780.600
9265	780.600
9273	780.600
9283	780.600
9349	780.600
9495	780.600
9505	780.600
9670	780.600
9689	780.600
9698	780.600
9714	780.600
9758	780.600
9807	780.600
9845	780.600
9912	780.600
9917	780.600
9923	780.600
9929	780.600
9986	780.600
9991	780.600
10039	780.600
10064	780.600
10068	780.600
10123	780.600
10131	780.600
10141	780.600
10151	780.600
10298	780.600
10306	780.600
10337	780.600
10357	780.600
10444	780.600
10517	780.600
10529	780.600
10603	780.600
10650	780.600
10687	780.600
10691	780.600
8650	780.700
8651	780.700
8701	780.700
8712	780.700
8724	780.700
8837	780.700
8839	780.700
8845	780.700
8920	780.700
8948	780.700
8980	780.700
8981	780.700
9037	780.700
9047	780.700
9103	780.700
9123	780.700
9133	780.700
9209	780.700
9230	780.700
9379	780.700
9395	780.700
9397	780.700
9431	780.700
9443	780.700
9446	780.700
9456	780.700
9486	780.700
9500	780.700
9596	780.700
9600	780.700
9631	780.700
9642	780.700
9647	780.700
9651	780.700
9671	780.700
9684	780.700
9700	780.700
9719	780.700
9743	780.700
9753	780.700
9769	780.700
9785	780.700
9887	780.700
9889	780.700
9898	780.700
9927	780.700
9948	780.700
9985	780.700
10015	780.700
10058	780.700
10059	780.700
10069	780.700
10086	780.700
10087	780.700
10101	780.700
10133	780.700
10161	780.700
10202	780.700
10211	780.700
10228	780.700
10242	780.700
10264	780.700
10295	780.700
10300	780.700
10314	780.700
10370	780.700
10377	780.700
10389	780.700
10414	780.700
10438	780.700
10489	780.700
10490	780.700
10546	780.700
10554	780.700
10562	780.700
10599	780.700
10617	780.700
10641	780.700
10655	780.700
10656	780.700
10657	780.700
10669	780.700
8661	780.800
8664	780.800
8713	780.800
8736	780.800
8739	780.800
8758	780.800
8763	780.800
8769	780.800
8788	780.800
8818	780.800
8820	780.800
8834	780.800
8873	780.800
8901	780.800
8916	780.800
8919	780.800
8989	780.800
8994	780.800
9017	780.800
9035	780.800
9042	780.800
9078	780.800
9089	780.800
9091	780.800
9113	780.800
9118	780.800
9170	780.800
9186	780.800
9187	780.800
9196	780.800
9198	780.800
9207	780.800
9234	780.800
9243	780.800
9274	780.800
9310	780.800
9333	780.800
9380	780.800
9388	780.800
9389	780.800
9440	780.800
9451	780.800
9457	780.800
9475	780.800
9496	780.800
9499	780.800
9519	780.800
9542	780.800
9543	780.800
9555	780.800
9573	780.800
9581	780.800
9592	780.800
9595	780.800
9616	780.800
9618	780.800
9630	780.800
9664	780.800
9667	780.800
9703	780.800
9749	780.800
9750	780.800
9793	780.800
9794	780.800
9802	780.800
9808	780.800
9814	780.800
9821	780.800
9822	780.800
9890	780.800
9892	780.800
9904	780.800
9919	780.800
9963	780.800
9969	780.800
9980	780.800
9987	780.800
10007	780.800
10028	780.800
10057	780.800
10082	780.800
10121	780.800
10127	780.800
10136	780.800
10152	780.800
10180	780.800
10230	780.800
10248	780.800
10252	780.800
10274	780.800
10285	780.800
10287	780.800
10299	780.800
10320	780.800
10352	780.800
10375	780.800
10398	780.800
10415	780.800
10420	780.800
10460	780.800
10476	780.800
10507	780.800
10565	780.800
10589	780.800
10601	780.800
10610	780.800
10611	780.800
10667	780.800
10679	780.800
10706	780.800
8676	780.900
8689	780.900
8737	780.900
8750	780.900
8776	780.900
8817	780.900
8860	780.900
8867	780.900
8888	780.900
8893	780.900
8922	780.900
8924	780.900
8932	780.900
8991	780.900
9008	780.900
9032	780.900
9062	780.900
9164	780.900
9173	780.900
9228	780.900
9240	780.900
9246	780.900
9248	780.900
9261	780.900
9272	780.900
9277	780.900
9279	780.900
9291	780.900
9298	780.900
9324	780.900
9358	780.900
9366	780.900
9381	780.900
9402	780.900
9413	780.900
9435	780.900
9466	780.900
9471	780.900
9491	780.900
9494	780.900
9514	780.900
9550	780.900
9552	780.900
9569	780.900
9574	780.900
9578	780.900
9607	780.900
9614	780.900
9649	780.900
9669	780.900
9683	780.900
9685	780.900
9688	780.900
9710	780.900
9715	780.900
9728	780.900
9733	780.900
9757	780.900
9761	780.900
9775	780.900
9786	780.900
9798	780.900
9823	780.900
9857	780.900
9880	780.900
9886	780.900
9910	780.900
9936	780.900
9959	780.900
9961	780.900
9977	780.900
9989	780.900
10000	780.900
10001	780.900
10010	780.900
10012	780.900
10048	780.900
10052	780.900
10065	780.900
10066	780.900
10099	780.900
10120	780.900
10122	780.900
10124	780.900
10129	780.900
10134	780.900
10176	780.900
10198	780.900
10227	780.900
10236	780.900
10241	780.900
10253	780.900
10255	780.900
10263	780.900
10266	780.900
10273	780.900
10281	780.900
10296	780.900
10303	780.900
10310	780.900
10323	780.900
10328	780.900
10333	780.900
10336	780.900
10349	780.900
10366	780.900
10390	780.900
10429	780.900
10436	780.900
10468	780.900
10488	780.900
10531	780.900
10541	780.900
10544	780.900
10579	780.900
10587	780.900
10618	780.900
10622	780.900
10624	780.900
10642	780.900
10647	780.900
10665	780.900
10695	780.900
8675	781.000
8687	781.000
8694	781.000
8711	781.000
8717	781.000
8734	781.000
8740	781.000
8797	781.000
8801	781.000
8803	781.000
8859	781.000
8862	781.000
8892	781.000
8896	781.000
8957	781.000
8964	781.000
8966	781.000
9020	781.000
9021	781.000
9058	781.000
9065	781.000
9077	781.000
9114	781.000
9131	781.000
9132	781.000
9139	781.000
9154	781.000
9165	781.000
9167	781.000
9175	781.000
9192	781.000
9200	781.000
9203	781.000
9221	781.000
9281	781.000
9287	781.000
9293	781.000
9308	781.000
9330	781.000
9348	781.000
9353	781.000
9357	781.000
9382	781.000
9390	781.000
9437	781.000
9449	781.000
9453	781.000
9459	781.000
9473	781.000
9474	781.000
9477	781.000
9484	781.000
9498	781.000
9511	781.000
9517	781.000
9524	781.000
9529	781.000
9536	781.000
9539	781.000
9546	781.000
9562	781.000
9583	781.000
9584	781.000
9602	781.000
9613	781.000
9639	781.000
9656	781.000
9668	781.000
9674	781.000
9676	781.000
9677	781.000
9679	781.000
9705	781.000
9720	781.000
9724	781.000
9730	781.000
9742	781.000
9748	781.000
9772	781.000
9801	781.000
9837	781.000
9860	781.000
9877	781.000
9882	781.000
9893	781.000
9907	781.000
9930	781.000
9953	781.000
9971	781.000
9997	781.000
10011	781.000
10040	781.000
10055	781.000
10070	781.000
10073	781.000
10074	781.000
10089	781.000
10092	781.000
10094	781.000
10103	781.000
10113	781.000
10118	781.000
10125	781.000
10128	781.000
10145	781.000
10154	781.000
10156	781.000
10160	781.000
10174	781.000
10175	781.000
10189	781.000
10199	781.000
10201	781.000
10205	781.000
10210	781.000
10213	781.000
10214	781.000
10226	781.000
10231	781.000
10262	781.000
10276	781.000
10279	781.000
10302	781.000
10326	781.000
10338	781.000
10348	781.000
10369	781.000
10437	781.000
10464	781.000
10469	781.000
10502	781.000
10550	781.000
10570	781.000
10576	781.000
10629	781.000
10639	781.000
10658	781.000
10671	781.000
10674	781.000
10686	781.000
10707	781.000
8653	781.100
8655	781.100
8681	781.100
8698	781.100
8699	781.100
8718	781.100
8729	781.100
8733	781.100
8745	781.100
8749	781.100
8761	781.100
8770	781.100
8785	781.100
8800	781.100
8807	781.100
8811	781.100
8816	781.100
8841	781.100
8846	781.100
8863	781.100
8875	781.100
8880	781.100
8886	781.100
8921	781.100
8926	781.100
8931	781.100
8938	781.100
8949	781.100
8951	781.100
8952	781.100
8959	781.100
8961	781.100
8985	781.100
9036	781.100
9039	781.100
9063	781.100
9075	781.100
9095	781.100
9102	781.100
9120	781.100
9128	781.100
9129	781.100
9143	781.100
9148	781.100
9162	781.100
9169	781.100
9188	781.100
9202	781.100
9210	781.100
9212	781.100
9218	781.100
9227	781.100
9232	781.100
9233	781.100
9258	781.100
9297	781.100
9302	781.100
9305	781.100
9321	781.100
9335	781.100
9351	781.100
9356	781.100
9377	781.100
9399	781.100
9405	781.100
9418	781.100
9428	781.100
9452	781.100
9464	781.100
9480	781.100
9485	781.100
9492	781.100
9493	781.100
9497	781.100
9504	781.100
9525	781.100
9527	781.100
9530	781.100
9535	781.100
9567	781.100
9587	781.100
9588	781.100
9590	781.100
9594	781.100
9597	781.100
9645	781.100
9654	781.100
9657	781.100
9708	781.100
9711	781.100
9712	781.100
9718	781.100
9725	781.100
9727	781.100
9777	781.100
9779	781.100
9812	781.100
9849	781.100
9853	781.100
9861	781.100
9883	781.100
9884	781.100
9894	781.100
9897	781.100
9906	781.100
9925	781.100
9960	781.100
9962	781.100
9966	781.100
9972	781.100
9984	781.100
9995	781.100
10014	781.100
10017	781.100
10021	781.100
10023	781.100
10044	781.100
10046	781.100
10077	781.100
10079	781.100
10093	781.100
10117	781.100
10139	781.100
10166	781.100
10169	781.100
10179	781.100
10196	781.100
10219	781.100
10225	781.100
10239	781.100
10268	781.100
10270	781.100
10271	781.100
10297	781.100
10308	781.100
10354	781.100
10386	781.100
10388	781.100
10402	781.100
10413	781.100
10421	781.100
10430	781.100
10432	781.100
10462	781.100
10480	781.100
10484	781.100
10501	781.100
10511	781.100
10525	781.100
10527	781.100
10534	781.100
10540	781.100
10543	781.100
10545	781.100
10582	781.100
10584	781.100
10585	781.100
10620	781.100
10627	781.100
10628	781.100
10648	781.100
10661	781.100
10677	781.100
10684	781.100
10705	781.100
8647	781.200
8663	781.200
8668	781.200
8672	781.200
8696	781.200
8697	781.200
8708	781.200
8719	781.200
8725	781.200
8731	781.200
8746	781.200
8755	781.200
8765	781.200
8779	781.200
8795	781.200
8805	781.200
8815	781.200
8849	781.200
8851	781.200
8852	781.200
8855	781.200
8879	781.200
8883	781.200
8884	781.200
8906	781.200
8956	781.200
8974	781.200
8986	781.200
8998	781.200
9002	781.200
9040	781.200
9045	781.200
9117	781.200
9127	781.200
9140	781.200
9146	781.200
9151	781.200
9171	781.200
9172	781.200
9178	781.200
9189	781.200
9193	781.200
9194	781.200
9195	781.200
9201	781.200
9214	781.200
9223	781.200
9268	781.200
9285	781.200
9288	781.200
9292	781.200
9309	781.200
9313	781.200
9319	781.200
9329	781.200
9331	781.200
9345	781.200
9346	781.200
9355	781.200
9372	781.200
9383	781.200
9392	781.200
9396	781.200
9400	781.200
9410	781.200
9450	781.200
9458	781.200
9462	781.200
9506	781.200
9509	781.200
9512	781.200
9520	781.200
9523	781.200
9557	781.200
9604	781.200
9621	781.200
9626	781.200
9646	781.200
9662	781.200
9681	781.200
9765	781.200
9767	781.200
9773	781.200
9803	781.200
9805	781.200
9820	781.200
9825	781.200
9826	781.200
9838	781.200
9888	781.200
9900	781.200
9909	781.200
9933	781.200
9996	781.200
10022	781.200
10042	781.200
10056	781.200
10071	781.200
10116	781.200
10138	781.200
10144	781.200
10147	781.200
10163	781.200
10170	781.200
10172	781.200
10184	781.200
10187	781.200
10233	781.200
10238	781.200
10243	781.200
10246	781.200
10254	781.200
10313	781.200
10321	781.200
10362	781.200
10381	781.200
10384	781.200
10409	781.200
10426	781.200
10428	781.200
10434	781.200
10445	781.200
10457	781.200
10463	781.200
10482	781.200
10496	781.200
10497	781.200
10508	781.200
10515	781.200
10572	781.200
10604	781.200
10609	781.200
10612	781.200
10616	781.200
10634	781.200
10649	781.200
10670	781.200
10708	781.200
8667	781.300
8678	781.300
8738	781.300
8741	781.300
8748	781.300
8780	781.300
8791	781.300
8828	781.300
8858	781.300
8878	781.300
8913	781.300
8918	781.300
8927	781.300
8936	781.300
8941	781.300
8944	781.300
8953	781.300
8970	781.300
8997	781.300
9000	781.300
9013	781.300
9031	781.300
9055	781.300
9064	781.300
9066	781.300
9085	781.300
9086	781.300
9105	781.300
9109	781.300
9111	781.300
9182	781.300
9185	781.300
9199	781.300
9205	781.300
9211	781.300
9213	781.300
9217	781.300
9237	781.300
9238	781.300
9247	781.300
9252	781.300
9253	781.300
9270	781.300
9282	781.300
9300	781.300
9306	781.300
9307	781.300
9332	781.300
9375	781.300
9384	781.300
9386	781.300
9414	781.300
9460	781.300
9540	781.300
9582	781.300
9591	781.300
9593	781.300
9608	781.300
9615	781.300
9623	781.300
9650	781.300
9699	781.300
9729	781.300
9740	781.300
9745	781.300
9752	781.300
9756	781.300
9778	781.300
9784	781.300
9787	781.300
9792	781.300
9818	781.300
9844	781.300
9858	781.300
9863	781.300
9869	781.300
9895	781.300
9935	781.300
9938	781.300
9974	781.300
9976	781.300
9978	781.300
9979	781.300
9993	781.300
10054	781.300
10062	781.300
10067	781.300
10084	781.300
10088	781.300
10108	781.300
10115	781.300
10162	781.300
10167	781.300
10182	781.300
10183	781.300
10197	781.300
10224	781.300
10275	781.300
10280	781.300
10293	781.300
10319	781.300
10327	781.300
10347	781.300
10353	781.300
10356	781.300
10361	781.300
10363	781.300
10383	781.300
10396	781.300
10397	781.300
10399	781.300
10418	781.300
10427	781.300
10431	781.300
10439	781.300
10454	781.300
10467	781.300
10516	781.300
10538	781.300
10539	781.300
10559	781.300
10560	781.300
10563	781.300
10564	781.300
10578	781.300
10583	781.300
10614	781.300
10621	781.300
10623	781.300
10630	781.300
10633	781.300
10636	781.300
10637	781.300
10640	781.300
10659	781.300
10680	781.300
10697	781.300
10701	781.300
10712	781.300
8704	781.400
8707	781.400
8757	781.400
8762	781.400
8767	781.400
8772	781.400
8777	781.400
8794	781.400
8848	781.400
8882	781.400
8890	781.400
8935	781.400
8937	781.400
8955	781.400
8963	781.400
8973	781.400
8977	781.400
8979	781.400
8984	781.400
8987	781.400
9006	781.400
9009	781.400
9024	781.400
9030	781.400
9043	781.400
9056	781.400
9060	781.400
9069	781.400
9076	781.400
9083	781.400
9092	781.400
9101	781.400
9104	781.400
9126	781.400
9135	781.400
9153	781.400
9191	781.400
9206	781.400
9236	781.400
9242	781.400
9259	781.400
9262	781.400
9322	781.400
9343	781.400
9344	781.400
9376	781.400
9409	781.400
9412	781.400
9415	781.400
9422	781.400
9423	781.400
9430	781.400
9461	781.400
9469	781.400
9489	781.400
9503	781.400
9521	781.400
9526	781.400
9545	781.400
9551	781.400
9553	781.400
9568	781.400
9599	781.400
9603	781.400
9605	781.400
9617	781.400
9637	781.400
9704	781.400
9746	781.400
9768	781.400
9774	781.400
9782	781.400
9831	781.400
9846	781.400
9850	781.400
9875	781.400
9876	781.400
9905	781.400
9926	781.400
9939	781.400
9942	781.400
9943	781.400
9945	781.400
10016	781.400
10078	781.400
10194	781.400
10208	781.400
10218	781.400
10232	781.400
10245	781.400
10257	781.400
10330	781.400
10341	781.400
10343	781.400
10393	781.400
10401	781.400
10406	781.400
10411	781.400
10451	781.400
10452	781.400
10466	781.400
10474	781.400
10493	781.400
10495	781.400
10530	781.400
10592	781.400
10619	781.400
10635	781.400
10663	781.400
10675	781.400
10694	781.400
8649	781.500
8656	781.500
8662	781.500
8700	781.500
8838	781.500
8843	781.500
8864	781.500
8885	781.500
8887	781.500
8905	781.500
8911	781.500
8917	781.500
8929	781.500
8958	781.500
8965	781.500
9001	781.500
9038	781.500
9051	781.500
9057	781.500
9082	781.500
9088	781.500
9098	781.500
9116	781.500
9122	781.500
9155	781.500
9156	781.500
9180	781.500
9241	781.500
9290	781.500
9304	781.500
9320	781.500
9341	781.500
9364	781.500
9367	781.500
9420	781.500
9424	781.500
9426	781.500
9439	781.500
9463	781.500
9476	781.500
9513	781.500
9547	781.500
9548	781.500
9579	781.500
9585	781.500
9601	781.500
9622	781.500
9627	781.500
9634	781.500
9648	781.500
9666	781.500
9675	781.500
9678	781.500
9707	781.500
9736	781.500
9776	781.500
9809	781.500
9827	781.500
9830	781.500
9833	781.500
9896	781.500
9899	781.500
9921	781.500
9924	781.500
9932	781.500
9946	781.500
9955	781.500
9967	781.500
10009	781.500
10027	781.500
10030	781.500
10036	781.500
10060	781.500
10091	781.500
10107	781.500
10111	781.500
10119	781.500
10126	781.500
10150	781.500
10173	781.500
10195	781.500
10200	781.500
10206	781.500
10217	781.500
10237	781.500
10288	781.500
10290	781.500
10292	781.500
10305	781.500
10311	781.500
10324	781.500
10331	781.500
10345	781.500
10358	781.500
10373	781.500
10408	781.500
10449	781.500
10470	781.500
10477	781.500
10479	781.500
10504	781.500
10513	781.500
10519	781.500
10532	781.500
10569	781.500
10597	781.500
10600	781.500
10632	781.500
10664	781.500
10682	781.500
10700	781.500
10703	781.500
8658	781.600
8684	781.600
8690	781.600
8715	781.600
8726	781.600
8742	781.600
8744	781.600
8752	781.600
8798	781.600
8799	781.600
8802	781.600
8869	781.600
8870	781.600
8895	781.600
8943	781.600
9025	781.600
9048	781.600
9054	781.600
9072	781.600
9099	781.600
9108	781.600
9115	781.600
9119	781.600
9121	781.600
9134	781.600
9145	781.600
9177	781.600
9184	781.600
9226	781.600
9271	781.600
9296	781.600
9339	781.600
9352	781.600
9416	781.600
9445	781.600
9448	781.600
9454	781.600
9507	781.600
9534	781.600
9544	781.600
9559	781.600
9598	781.600
9606	781.600
9635	781.600
9653	781.600
9682	781.600
9687	781.600
9726	781.600
9734	781.600
9744	781.600
9813	781.600
9842	781.600
9881	781.600
9915	781.600
9937	781.600
10002	781.600
10032	781.600
10033	781.600
10035	781.600
10097	781.600
10140	781.600
10142	781.600
10146	781.600
10171	781.600
10190	781.600
10215	781.600
10229	781.600
10315	781.600
10335	781.600
10344	781.600
10350	781.600
10355	781.600
10360	781.600
10376	781.600
10380	781.600
10394	781.600
10407	781.600
10416	781.600
10433	781.600
10442	781.600
10472	781.600
10499	781.600
10558	781.600
10568	781.600
10608	781.600
10643	781.600
10660	781.600
10683	781.600
10688	781.600
8674	781.700
8682	781.700
8693	781.700
8723	781.700
8787	781.700
8819	781.700
8826	781.700
8842	781.700
8854	781.700
8945	781.700
8947	781.700
8975	781.700
8993	781.700
9015	781.700
9049	781.700
9053	781.700
9059	781.700
9106	781.700
9110	781.700
9136	781.700
9224	781.700
9251	781.700
9256	781.700
9267	781.700
9286	781.700
9327	781.700
9338	781.700
9360	781.700
9362	781.700
9373	781.700
9442	781.700
9478	781.700
9516	781.700
9528	781.700
9572	781.700
9632	781.700
9690	781.700
9692	781.700
9697	781.700
9731	781.700
9760	781.700
9788	781.700
9855	781.700
9867	781.700
9920	781.700
9934	781.700
9947	781.700
9958	781.700
9988	781.700
10004	781.700
10005	781.700
10018	781.700
10026	781.700
10029	781.700
10038	781.700
10049	781.700
10050	781.700
10053	781.700
10104	781.700
10165	781.700
10177	781.700
10185	781.700
10191	781.700
10247	781.700
10249	781.700
10251	781.700
10261	781.700
10286	781.700
10340	781.700
10346	781.700
10351	781.700
10391	781.700
10404	781.700
10447	781.700
10458	781.700
10459	781.700
10506	781.700
10521	781.700
10524	781.700
10571	781.700
10575	781.700
10580	781.700
10605	781.700
10625	781.700
10644	781.700
10646	781.700
10690	781.700
8666	781.800
8721	781.800
8786	781.800
8812	781.800
8897	781.800
8903	781.800
8934	781.800
8962	781.800
9007	781.800
9023	781.800
9029	781.800
9034	781.800
9071	781.800
9093	781.800
9094	781.800
9097	781.800
9124	781.800
9138	781.800
9149	781.800
9161	781.800
9168	781.800
9190	781.800
9225	781.800
9257	781.800
9303	781.800
9334	781.800
9368	781.800
9393	781.800
9411	781.800
9470	781.800
9481	781.800
9482	781.800
9487	781.800
9510	781.800
9563	781.800
9566	781.800
9625	781.800
9633	781.800
9643	781.800
9660	781.800
9673	781.800
9693	781.800
9701	781.800
9721	781.800
9737	781.800
9747	781.800
9764	781.800
9780	781.800
9829	781.800
9854	781.800
9872	781.800
9902	781.800
9911	781.800
9970	781.800
10019	781.800
10025	781.800
10031	781.800
10041	781.800
10148	781.800
10220	781.800
10259	781.800
10312	781.800
10365	781.800
10382	781.800
10395	781.800
10424	781.800
10441	781.800
10446	781.800
10487	781.800
10535	781.800
10536	781.800
10547	781.800
10561	781.800
10577	781.800
10598	781.800
10673	781.800
10710	781.800
8677	781.900
8680	781.900
8714	781.900
8768	781.900
8836	781.900
8850	781.900
8857	781.900
8861	781.900
8872	781.900
8909	781.900
8995	781.900
9016	781.900
9061	781.900
9152	781.900
9158	781.900
9163	781.900
9181	781.900
9216	781.900
9250	781.900
9263	781.900
9328	781.900
9336	781.900
9354	781.900
9387	781.900
9427	781.900
9432	781.900
9532	781.900
9549	781.900
9558	781.900
9586	781.900
9610	781.900
9629	781.900
9644	781.900
9706	781.900
9763	781.900
9828	781.900
9847	781.900
9848	781.900
9859	781.900
9864	781.900
9873	781.900
9878	781.900
9964	781.900
9994	781.900
10034	781.900
10072	781.900
10096	781.900
10216	781.900
10283	781.900
10329	781.900
10359	781.900
10419	781.900
10481	781.900
10505	781.900
10549	781.900
10552	781.900
10590	781.900
10594	781.900
10596	781.900
10696	781.900
8673	782.000
8792	782.000
8824	782.000
8871	782.000
8923	782.000
8928	782.000
8942	782.000
9004	782.000
9014	782.000
9157	782.000
9160	782.000
9179	782.000
9294	782.000
9394	782.000
9441	782.000
9502	782.000
9672	782.000
9691	782.000
9716	782.000
9770	782.000
9783	782.000
9810	782.000
9903	782.000
9914	782.000
9922	782.000
9950	782.000
9951	782.000
9952	782.000
9990	782.000
9992	782.000
10061	782.000
10155	782.000
10272	782.000
10278	782.000
10309	782.000
10332	782.000
10387	782.000
10450	782.000
10473	782.000
10485	782.000
10492	782.000
10500	782.000
10588	782.000
10613	782.000
8646	782.100
8710	782.100
8790	782.100
8796	782.100
8844	782.100
8866	782.100
8876	782.100
8891	782.100
8900	782.100
9434	782.100
9589	782.100
9741	782.100
9790	782.100
9804	782.100
9871	782.100
9949	782.100
9968	782.100
10222	782.100
10258	782.100
10289	782.100
10422	782.100
10522	782.100
10533	782.100
10668	782.100
9012	782.200
9365	782.200
9518	782.200
9522	782.200
9556	782.200
9655	782.200
9717	782.200
10100	782.200
10256	782.200
10307	782.200
10693	782.200
8652	782.300
8829	782.300
9052	782.300
9325	782.300
9541	782.300
10567	782.300
10375	784.600
9052	785.100
9691	798.700
9683	800.400
10522	800.400
9052	800.600
10225	800.600
10561	800.600
8734	800.700
9079	800.700
9658	800.800
10149	800.800
10589	800.800
9103	800.900
9619	800.900
9957	800.900
9616	801.300
10096	801.300
8778	801.500
8910	801.500
8982	801.500
10542	801.500
9927	801.600
10473	801.600
10556	801.600
8927	801.700
9147	801.700
9572	801.700
10094	801.700
10294	801.700
8735	801.800
8810	801.800
9447	801.800
9716	801.800
9222	801.900
10015	801.900
10474	801.900
8879	802.000
8954	802.000
9006	802.000
9843	802.000
10013	802.000
9073	802.100
9724	802.100
9760	802.100
10048	802.100
10215	802.100
10610	802.100
8671	802.200
8712	802.200
8789	802.200
8957	802.200
9243	802.200
9338	802.200
9408	802.200
10000	802.200
10199	802.200
10285	802.200
10375	802.200
10460	802.200
10581	802.200
8764	802.300
8771	802.300
8794	802.300
8818	802.300
8821	802.300
8980	802.300
9040	802.300
9374	802.300
9708	802.300
9773	802.300
9870	802.300
9977	802.300
10103	802.300
10141	802.300
10186	802.300
10253	802.300
10544	802.300
8722	802.400
8737	802.400
8805	802.400
9009	802.400
9044	802.400
9047	802.400
9067	802.400
9274	802.400
9293	802.400
9691	802.400
9714	802.400
9720	802.400
9745	802.400
10130	802.400
10166	802.400
10176	802.400
10277	802.400
10357	802.400
10376	802.400
10444	802.400
10484	802.400
10541	802.400
8674	802.500
8759	802.500
8853	802.500
8916	802.500
8921	802.500
8976	802.500
9056	802.500
9252	802.500
9301	802.500
9426	802.500
9459	802.500
9514	802.500
9536	802.500
9542	802.500
9651	802.500
9664	802.500
9840	802.500
10018	802.500
10052	802.500
10101	802.500
10262	802.500
10270	802.500
10337	802.500
10359	802.500
10371	802.500
10408	802.500
8710	802.600
8725	802.600
8752	802.600
8788	802.600
8917	802.600
9033	802.600
9068	802.600
9148	802.600
9206	802.600
9276	802.600
9333	802.600
9346	802.600
9376	802.600
9398	802.600
9399	802.600
9440	802.600
9457	802.600
9525	802.600
9719	802.600
9963	802.600
9974	802.600
9988	802.600
10063	802.600
10067	802.600
10071	802.600
10129	802.600
10160	802.600
10210	802.600
10227	802.600
10304	802.600
10320	802.600
10338	802.600
10557	802.600
10573	802.600
10687	802.600
8709	802.700
8758	802.700
8802	802.700
8911	802.700
8951	802.700
8966	802.700
9098	802.700
9254	802.700
9265	802.700
9279	802.700
9289	802.700
9308	802.700
9322	802.700
9348	802.700
9357	802.700
9503	802.700
9535	802.700
9599	802.700
9626	802.700
9679	802.700
9778	802.700
9930	802.700
10060	802.700
10098	802.700
10113	802.700
10171	802.700
10193	802.700
10323	802.700
10415	802.700
10417	802.700
10449	802.700
10565	802.700
10587	802.700
10601	802.700
8646	802.800
8653	802.800
8663	802.800
8689	802.800
8716	802.800
8750	802.800
8849	802.800
8863	802.800
8880	802.800
8938	802.800
8988	802.800
9043	802.800
9054	802.800
9083	802.800
9129	802.800
9167	802.800
9198	802.800
9240	802.800
9270	802.800
9278	802.800
9302	802.800
9358	802.800
9400	802.800
9410	802.800
9443	802.800
9486	802.800
9505	802.800
9635	802.800
9644	802.800
9671	802.800
9698	802.800
9710	802.800
9712	802.800
9742	802.800
9758	802.800
9814	802.800
9831	802.800
9912	802.800
9941	802.800
9947	802.800
9976	802.800
9991	802.800
10054	802.800
10057	802.800
10070	802.800
10073	802.800
10161	802.800
10179	802.800
10198	802.800
10201	802.800
10275	802.800
10300	802.800
10301	802.800
10333	802.800
10369	802.800
10377	802.800
10426	802.800
10427	802.800
10526	802.800
10539	802.800
10546	802.800
10599	802.800
10632	802.800
10650	802.800
10691	802.800
10702	802.800
10708	802.800
8704	802.900
8719	802.900
8720	802.900
8753	802.900
8761	802.900
8803	802.900
8804	802.900
8808	802.900
8901	802.900
8924	802.900
9021	802.900
9031	802.900
9060	802.900
9091	802.900
9139	802.900
9150	802.900
9153	802.900
9164	802.900
9170	802.900
9202	802.900
9211	802.900
9242	802.900
9245	802.900
9309	802.900
9356	802.900
9377	802.900
9412	802.900
9466	802.900
9471	802.900
9477	802.900
9497	802.900
9507	802.900
9509	802.900
9570	802.900
9579	802.900
9587	802.900
9607	802.900
9624	802.900
9647	802.900
9768	802.900
9775	802.900
9793	802.900
9807	802.900
9863	802.900
9929	802.900
9981	802.900
10001	802.900
10025	802.900
10066	802.900
10068	802.900
10104	802.900
10117	802.900
10144	802.900
10175	802.900
10177	802.900
10187	802.900
10196	802.900
10205	802.900
10264	802.900
10306	802.900
10344	802.900
10352	802.900
10433	802.900
10476	802.900
10488	802.900
10490	802.900
10545	802.900
10560	802.900
10619	802.900
10630	802.900
10697	802.900
8651	803.000
8656	803.000
8661	803.000
8667	803.000
8670	803.000
8694	803.000
8707	803.000
8723	803.000
8776	803.000
8797	803.000
8811	803.000
8816	803.000
8820	803.000
8874	803.000
8883	803.000
8925	803.000
8977	803.000
9025	803.000
9089	803.000
9109	803.000
9140	803.000
9178	803.000
9207	803.000
9219	803.000
9234	803.000
9249	803.000
9285	803.000
9321	803.000
9331	803.000
9393	803.000
9407	803.000
9452	803.000
9487	803.000
9500	803.000
9511	803.000
9524	803.000
9600	803.000
9602	803.000
9654	803.000
9669	803.000
9678	803.000
9684	803.000
9727	803.000
9753	803.000
9759	803.000
9787	803.000
9845	803.000
9855	803.000
9861	803.000
9886	803.000
9913	803.000
9919	803.000
9979	803.000
10006	803.000
10065	803.000
10123	803.000
10151	803.000
10173	803.000
10228	803.000
10229	803.000
10248	803.000
10258	803.000
10292	803.000
10319	803.000
10370	803.000
10440	803.000
10454	803.000
10468	803.000
10470	803.000
10525	803.000
10554	803.000
10602	803.000
10648	803.000
10658	803.000
10701	803.000
8679	803.100
8741	803.100
8744	803.100
8745	803.100
8755	803.100
8767	803.100
8779	803.100
8793	803.100
8801	803.100
8828	803.100
8838	803.100
8867	803.100
8905	803.100
8907	803.100
8934	803.100
8956	803.100
8959	803.100
8964	803.100
8967	803.100
9011	803.100
9017	803.100
9078	803.100
9151	803.100
9161	803.100
9182	803.100
9193	803.100
9203	803.100
9259	803.100
9282	803.100
9310	803.100
9319	803.100
9332	803.100
9361	803.100
9380	803.100
9381	803.100
9437	803.100
9491	803.100
9492	803.100
9494	803.100
9499	803.100
9520	803.100
9527	803.100
9550	803.100
9569	803.100
9597	803.100
9605	803.100
9614	803.100
9639	803.100
9645	803.100
9646	803.100
9649	803.100
9650	803.100
9668	803.100
9681	803.100
9687	803.100
9700	803.100
9743	803.100
9794	803.100
9802	803.100
9853	803.100
9860	803.100
9887	803.100
9938	803.100
9966	803.100
9968	803.100
9969	803.100
9987	803.100
10005	803.100
10040	803.100
10044	803.100
10049	803.100
10059	803.100
10061	803.100
10069	803.100
10074	803.100
10087	803.100
10131	803.100
10140	803.100
10163	803.100
10189	803.100
10208	803.100
10218	803.100
10296	803.100
10353	803.100
10380	803.100
10388	803.100
10406	803.100
10437	803.100
10457	803.100
10467	803.100
10495	803.100
10497	803.100
10498	803.100
10501	803.100
10507	803.100
10517	803.100
10583	803.100
10622	803.100
10649	803.100
10661	803.100
10665	803.100
8662	803.200
8687	803.200
8693	803.200
8706	803.200
8718	803.200
8724	803.200
8728	803.200
8742	803.200
8763	803.200
8799	803.200
8807	803.200
8833	803.200
8873	803.200
8918	803.200
8993	803.200
8994	803.200
9008	803.200
9029	803.200
9049	803.200
9057	803.200
9093	803.200
9117	803.200
9120	803.200
9131	803.200
9132	803.200
9133	803.200
9172	803.200
9175	803.200
9183	803.200
9218	803.200
9228	803.200
9229	803.200
9230	803.200
9256	803.200
9283	803.200
9329	803.200
9336	803.200
9345	803.200
9382	803.200
9388	803.200
9402	803.200
9414	803.200
9450	803.200
9451	803.200
9476	803.200
9498	803.200
9517	803.200
9532	803.200
9543	803.200
9549	803.200
9557	803.200
9559	803.200
9567	803.200
9573	803.200
9578	803.200
9591	803.200
9642	803.200
9689	803.200
9705	803.200
9757	803.200
9761	803.200
9819	803.200
9841	803.200
9842	803.200
9848	803.200
9876	803.200
9892	803.200
9895	803.200
9897	803.200
9900	803.200
9904	803.200
9910	803.200
9917	803.200
9948	803.200
9978	803.200
9986	803.200
9989	803.200
10014	803.200
10021	803.200
10086	803.200
10108	803.200
10120	803.200
10122	803.200
10152	803.200
10168	803.200
10180	803.200
10233	803.200
10252	803.200
10266	803.200
10278	803.200
10313	803.200
10315	803.200
10330	803.200
10362	803.200
10372	803.200
10389	803.200
10398	803.200
10407	803.200
10409	803.200
10414	803.200
10421	803.200
10461	803.200
10463	803.200
10502	803.200
10508	803.200
10511	803.200
10522	803.200
10528	803.200
10547	803.200
10562	803.200
10566	803.200
10576	803.200
10585	803.200
10592	803.200
10609	803.200
10614	803.200
10621	803.200
10664	803.200
10667	803.200
10680	803.200
10705	803.200
8650	803.300
8668	803.300
8696	803.300
8699	803.300
8711	803.300
8731	803.300
8736	803.300
8751	803.300
8785	803.300
8837	803.300
8841	803.300
8842	803.300
8858	803.300
8862	803.300
8886	803.300
8920	803.300
8936	803.300
8942	803.300
8972	803.300
9002	803.300
9013	803.300
9015	803.300
9038	803.300
9042	803.300
9052	803.300
9064	803.300
9079	803.300
9086	803.300
9104	803.300
9154	803.300
9168	803.300
9169	803.300
9171	803.300
9180	803.300
9181	803.300
9187	803.300
9189	803.300
9220	803.300
9223	803.300
9231	803.300
9268	803.300
9287	803.300
9339	803.300
9344	803.300
9372	803.300
9379	803.300
9396	803.300
9397	803.300
9435	803.300
9449	803.300
9454	803.300
9469	803.300
9474	803.300
9530	803.300
9545	803.300
9581	803.300
9583	803.300
9588	803.300
9615	803.300
9648	803.300
9653	803.300
9769	803.300
9803	803.300
9813	803.300
9822	803.300
9830	803.300
9867	803.300
9907	803.300
9931	803.300
9932	803.300
9953	803.300
9960	803.300
9970	803.300
9997	803.300
10010	803.300
10020	803.300
10023	803.300
10053	803.300
10128	803.300
10167	803.300
10178	803.300
10190	803.300
10202	803.300
10235	803.300
10255	803.300
10273	803.300
10287	803.300
10303	803.300
10329	803.300
10350	803.300
10366	803.300
10381	803.300
10383	803.300
10404	803.300
10434	803.300
10513	803.300
10523	803.300
10531	803.300
10571	803.300
10577	803.300
10608	803.300
10640	803.300
10643	803.300
10660	803.300
10671	803.300
8698	803.400
8783	803.400
8854	803.400
8903	803.400
8913	803.400
8923	803.400
8931	803.400
8981	803.400
9003	803.400
9058	803.400
9066	803.400
9072	803.400
9114	803.400
9127	803.400
9134	803.400
9143	803.400
9146	803.400
9157	803.400
9173	803.400
9195	803.400
9212	803.400
9214	803.400
9221	803.400
9232	803.400
9261	803.400
9273	803.400
9281	803.400
9312	803.400
9335	803.400
9415	803.400
9420	803.400
9456	803.400
9462	803.400
9484	803.400
9502	803.400
9523	803.400
9539	803.400
9548	803.400
9593	803.400
9606	803.400
9621	803.400
9657	803.400
9667	803.400
9670	803.400
9711	803.400
9715	803.400
9728	803.400
9733	803.400
9744	803.400
9746	803.400
9748	803.400
9750	803.400
9770	803.400
9772	803.400
9777	803.400
9782	803.400
9785	803.400
9792	803.400
9818	803.400
9850	803.400
9875	803.400
9881	803.400
9888	803.400
9923	803.400
9935	803.400
9995	803.400
10004	803.400
10027	803.400
10033	803.400
10115	803.400
10121	803.400
10125	803.400
10149	803.400
10184	803.400
10185	803.400
10225	803.400
10230	803.400
10232	803.400
10238	803.400
10281	803.400
10298	803.400
10299	803.400
10302	803.400
10321	803.400
10324	803.400
10355	803.400
10356	803.400
10360	803.400
10367	803.400
10384	803.400
10386	803.400
10387	803.400
10390	803.400
10466	803.400
10499	803.400
10500	803.400
10505	803.400
10515	803.400
10516	803.400
10572	803.400
10584	803.400
10589	803.400
10594	803.400
10611	803.400
10633	803.400
10634	803.400
10663	803.400
10675	803.400
10677	803.400
8654	803.500
8655	803.500
8657	803.500
8676	803.500
8678	803.500
8690	803.500
8697	803.500
8729	803.500
8757	803.500
8766	803.500
8770	803.500
8780	803.500
8791	803.500
8795	803.500
8859	803.500
8860	803.500
8876	803.500
8882	803.500
8914	803.500
8919	803.500
8953	803.500
8961	803.500
8963	803.500
8974	803.500
8985	803.500
8997	803.500
8998	803.500
9023	803.500
9024	803.500
9039	803.500
9063	803.500
9076	803.500
9082	803.500
9084	803.500
9094	803.500
9095	803.500
9101	803.500
9128	803.500
9156	803.500
9184	803.500
9191	803.500
9199	803.500
9209	803.500
9226	803.500
9233	803.500
9237	803.500
9238	803.500
9246	803.500
9247	803.500
9267	803.500
9277	803.500
9306	803.500
9353	803.500
9354	803.500
9360	803.500
9370	803.500
9373	803.500
9389	803.500
9395	803.500
9406	803.500
9413	803.500
9428	803.500
9441	803.500
9461	803.500
9489	803.500
9516	803.500
9534	803.500
9551	803.500
9562	803.500
9566	803.500
9571	803.500
9585	803.500
9618	803.500
9619	803.500
9633	803.500
9658	803.500
9660	803.500
9676	803.500
9682	803.500
9718	803.500
9729	803.500
9752	803.500
9766	803.500
9786	803.500
9823	803.500
9832	803.500
9846	803.500
9857	803.500
9858	803.500
9865	803.500
9871	803.500
9933	803.500
9945	803.500
9955	803.500
9972	803.500
9999	803.500
10009	803.500
10031	803.500
10032	803.500
10041	803.500
10062	803.500
10077	803.500
10089	803.500
10110	803.500
10111	803.500
10118	803.500
10138	803.500
10147	803.500
10156	803.500
10172	803.500
10174	803.500
10194	803.500
10219	803.500
10234	803.500
10236	803.500
10242	803.500
10254	803.500
10259	803.500
10263	803.500
10272	803.500
10276	803.500
10280	803.500
10312	803.500
10314	803.500
10327	803.500
10341	803.500
10349	803.500
10379	803.500
10402	803.500
10418	803.500
10475	803.500
10477	803.500
10480	803.500
10489	803.500
10493	803.500
10504	803.500
10550	803.500
10564	803.500
10588	803.500
10603	803.500
10624	803.500
10637	803.500
10638	803.500
10659	803.500
10682	803.500
10693	803.500
10706	803.500
10712	803.500
8681	803.600
8684	803.600
8717	803.600
8739	803.600
8762	803.600
8768	803.600
8772	803.600
8800	803.600
8845	803.600
8846	803.600
8881	803.600
8890	803.600
8895	803.600
8935	803.600
8955	803.600
8979	803.600
8983	803.600
8986	803.600
9014	803.600
9030	803.600
9036	803.600
9045	803.600
9048	803.600
9059	803.600
9065	803.600
9071	803.600
9103	803.600
9111	803.600
9121	803.600
9123	803.600
9136	803.600
9152	803.600
9192	803.600
9196	803.600
9217	803.600
9227	803.600
9244	803.600
9275	803.600
9291	803.600
9304	803.600
9341	803.600
9362	803.600
9365	803.600
9368	803.600
9375	803.600
9384	803.600
9390	803.600
9392	803.600
9401	803.600
9439	803.600
9453	803.600
9463	803.600
9519	803.600
9540	803.600
9574	803.600
9590	803.600
9594	803.600
9596	803.600
9613	803.600
9631	803.600
9636	803.600
9655	803.600
9675	803.600
9677	803.600
9683	803.600
9725	803.600
9726	803.600
9737	803.600
9741	803.600
9763	803.600
9764	803.600
9771	803.600
9784	803.600
9812	803.600
9838	803.600
9849	803.600
9854	803.600
9864	803.600
9869	803.600
9889	803.600
9890	803.600
9898	803.600
9909	803.600
9925	803.600
9940	803.600
9957	803.600
9961	803.600
9993	803.600
10011	803.600
10019	803.600
10038	803.600
10078	803.600
10107	803.600
10116	803.600
10124	803.600
10133	803.600
10137	803.600
10145	803.600
10150	803.600
10169	803.600
10206	803.600
10251	803.600
10279	803.600
10326	803.600
10331	803.600
10332	803.600
10361	803.600
10373	803.600
10411	803.600
10420	803.600
10429	803.600
10436	803.600
10441	803.600
10445	803.600
10447	803.600
10452	803.600
10464	803.600
10487	803.600
10540	803.600
10549	803.600
10552	803.600
10568	803.600
10575	803.600
10628	803.600
10629	803.600
10647	803.600
10670	803.600
10674	803.600
10679	803.600
10683	803.600
10686	803.600
10695	803.600
10710	803.600
8649	803.700
8652	803.700
8664	803.700
8673	803.700
8701	803.700
8708	803.700
8734	803.700
8740	803.700
8746	803.700
8769	803.700
8792	803.700
8819	803.700
8839	803.700
8855	803.700
8856	803.700
8864	803.700
8872	803.700
8884	803.700
8896	803.700
8897	803.700
8932	803.700
8941	803.700
8947	803.700
8952	803.700
8958	803.700
8984	803.700
8991	803.700
9027	803.700
9035	803.700
9053	803.700
9062	803.700
9074	803.700
9088	803.700
9119	803.700
9122	803.700
9126	803.700
9145	803.700
9165	803.700
9177	803.700
9186	803.700
9201	803.700
9213	803.700
9288	803.700
9292	803.700
9297	803.700
9314	803.700
9317	803.700
9328	803.700
9352	803.700
9366	803.700
9367	803.700
9405	803.700
9416	803.700
9418	803.700
9430	803.700
9434	803.700
9458	803.700
9495	803.700
9504	803.700
9512	803.700
9515	803.700
9521	803.700
9528	803.700
9529	803.700
9544	803.700
9563	803.700
9584	803.700
9604	803.700
9699	803.700
9713	803.700
9765	803.700
9790	803.700
9798	803.700
9805	803.700
9827	803.700
9837	803.700
9866	803.700
9880	803.700
9896	803.700
9911	803.700
9971	803.700
9984	803.700
9996	803.700
10017	803.700
10022	803.700
10028	803.700
10042	803.700
10056	803.700
10064	803.700
10084	803.700
10134	803.700
10136	803.700
10148	803.700
10183	803.700
10220	803.700
10222	803.700
10224	803.700
10241	803.700
10245	803.700
10257	803.700
10268	803.700
10274	803.700
10293	803.700
10295	803.700
10345	803.700
10348	803.700
10354	803.700
10358	803.700
10395	803.700
10397	803.700
10424	803.700
10428	803.700
10438	803.700
10439	803.700
10481	803.700
10492	803.700
10506	803.700
10529	803.700
10548	803.700
10559	803.700
10580	803.700
10582	803.700
10595	803.700
10600	803.700
10613	803.700
10616	803.700
10627	803.700
10644	803.700
10657	803.700
10685	803.700
10690	803.700
10698	803.700
10707	803.700
8647	803.800
8683	803.800
8715	803.800
8721	803.800
8765	803.800
8786	803.800
8790	803.800
8796	803.800
8812	803.800
8878	803.800
8887	803.800
8893	803.800
8900	803.800
8948	803.800
8970	803.800
8987	803.800
9000	803.800
9007	803.800
9016	803.800
9032	803.800
9037	803.800
9075	803.800
9077	803.800
9087	803.800
9102	803.800
9106	803.800
9124	803.800
9190	803.800
9241	803.800
9258	803.800
9294	803.800
9296	803.800
9300	803.800
9305	803.800
9342	803.800
9386	803.800
9445	803.800
9448	803.800
9470	803.800
9473	803.800
9478	803.800
9480	803.800
9482	803.800
9496	803.800
9506	803.800
9526	803.800
9553	803.800
9575	803.800
9586	803.800
9630	803.800
9656	803.800
9662	803.800
9697	803.800
9730	803.800
9738	803.800
9740	803.800
9774	803.800
9810	803.800
9820	803.800
9828	803.800
9833	803.800
9882	803.800
9894	803.800
9924	803.800
9937	803.800
9939	803.800
9942	803.800
9943	803.800
9959	803.800
9975	803.800
9980	803.800
9985	803.800
10012	803.800
10016	803.800
10029	803.800
10035	803.800
10058	803.800
10082	803.800
10093	803.800
10119	803.800
10170	803.800
10213	803.800
10214	803.800
10217	803.800
10239	803.800
10328	803.800
10347	803.800
10399	803.800
10401	803.800
10413	803.800
10416	803.800
10419	803.800
10458	803.800
10521	803.800
10524	803.800
10530	803.800
10533	803.800
10558	803.800
10578	803.800
10623	803.800
10625	803.800
10635	803.800
10688	803.800
10694	803.800
10700	803.800
10704	803.800
8666	803.900
8675	803.900
8700	803.900
8713	803.900
8760	803.900
8798	803.900
8861	803.900
8870	803.900
8875	803.900
8909	803.900
8937	803.900
8939	803.900
8968	803.900
8989	803.900
8995	803.900
9034	803.900
9061	803.900
9069	803.900
9105	803.900
9110	803.900
9130	803.900
9135	803.900
9149	803.900
9155	803.900
9185	803.900
9194	803.900
9210	803.900
9225	803.900
9284	803.900
9298	803.900
9307	803.900
9327	803.900
9337	803.900
9347	803.900
9351	803.900
9431	803.900
9460	803.900
9475	803.900
9493	803.900
9592	803.900
9598	803.900
9601	803.900
9634	803.900
9685	803.900
9701	803.900
9707	803.900
9749	803.900
9788	803.900
9801	803.900
9821	803.900
9825	803.900
9826	803.900
9893	803.900
9905	803.900
9906	803.900
9922	803.900
9962	803.900
10002	803.900
10072	803.900
10088	803.900
10126	803.900
10139	803.900
10159	803.900
10195	803.900
10200	803.900
10212	803.900
10261	803.900
10283	803.900
10286	803.900
10291	803.900
10297	803.900
10307	803.900
10309	803.900
10310	803.900
10391	803.900
10442	803.900
10451	803.900
10462	803.900
10469	803.900
10479	803.900
10485	803.900
10532	803.900
10542	803.900
10563	803.900
10604	803.900
10620	803.900
10636	803.900
10641	803.900
10642	803.900
10655	803.900
10669	803.900
10684	803.900
10696	803.900
10703	803.900
8658	804.000
8733	804.000
8778	804.000
8817	804.000
8848	804.000
8850	804.000
8851	804.000
8871	804.000
8910	804.000
8928	804.000
9001	804.000
9020	804.000
9022	804.000
9046	804.000
9051	804.000
9055	804.000
9085	804.000
9092	804.000
9158	804.000
9216	804.000
9248	804.000
9251	804.000
9253	804.000
9271	804.000
9290	804.000
9311	804.000
9324	804.000
9330	804.000
9364	804.000
9411	804.000
9423	804.000
9436	804.000
9442	804.000
9464	804.000
9479	804.000
9546	804.000
9552	804.000
9595	804.000
9603	804.000
9610	804.000
9629	804.000
9641	804.000
9643	804.000
9663	804.000
9690	804.000
9692	804.000
9706	804.000
9717	804.000
9731	804.000
9734	804.000
9767	804.000
9776	804.000
9779	804.000
9829	804.000
9835	804.000
9844	804.000
9914	804.000
9949	804.000
9967	804.000
9992	804.000
10034	804.000
10099	804.000
10127	804.000
10154	804.000
10155	804.000
10197	804.000
10223	804.000
10231	804.000
10308	804.000
10311	804.000
10335	804.000
10339	804.000
10343	804.000
10363	804.000
10396	804.000
10431	804.000
10435	804.000
10450	804.000
10459	804.000
10482	804.000
10496	804.000
10536	804.000
10618	804.000
8648	804.100
8677	804.100
8680	804.100
8738	804.100
8748	804.100
8756	804.100
8777	804.100
8815	804.100
8826	804.100
8827	804.100
8892	804.100
8926	804.100
8973	804.100
8982	804.100
9018	804.100
9081	804.100
9113	804.100
9118	804.100
9160	804.100
9188	804.100
9257	804.100
9262	804.100
9286	804.100
9303	804.100
9325	804.100
9343	804.100
9355	804.100
9422	804.100
9488	804.100
9508	804.100
9541	804.100
9558	804.100
9572	804.100
9582	804.100
9612	804.100
9616	804.100
9627	804.100
9637	804.100
9693	804.100
9704	804.100
9756	804.100
9780	804.100
9809	804.100
9847	804.100
9902	804.100
9920	804.100
9921	804.100
9928	804.100
9964	804.100
9990	804.100
9994	804.100
10007	804.100
10046	804.100
10091	804.100
10092	804.100
10096	804.100
10142	804.100
10165	804.100
10226	804.100
10237	804.100
10288	804.100
10346	804.100
10412	804.100
10430	804.100
10446	804.100
10519	804.100
10535	804.100
10556	804.100
10561	804.100
10570	804.100
10596	804.100
10612	804.100
10639	804.100
10646	804.100
10656	804.100
10673	804.100
8688	804.200
8726	804.200
8774	804.200
8829	804.200
8843	804.200
8866	804.200
8902	804.200
8929	804.200
8965	804.200
9108	804.200
9147	804.200
9205	804.200
9272	804.200
9378	804.200
9433	804.200
9531	804.200
9547	804.200
9555	804.200
9568	804.200
9652	804.200
9884	804.200
9899	804.200
9926	804.200
9927	804.200
9936	804.200
10026	804.200
10030	804.200
10039	804.200
10055	804.200
10162	804.200
10249	804.200
10256	804.200
10269	804.200
10294	804.200
10365	804.200
10543	804.200
10579	804.200
10598	804.200
10605	804.200
10652	804.200
10711	804.200
8691	804.300
8749	804.300
8787	804.300
8834	804.300
8852	804.300
8885	804.300
8933	804.300
8944	804.300
8962	804.300
8975	804.300
8992	804.300
9162	804.300
9163	804.300
9200	804.300
9419	804.300
9518	804.300
9556	804.300
9617	804.300
9622	804.300
9625	804.300
9836	804.300
9859	804.300
9903	804.300
9958	804.300
10102	804.300
10318	804.300
10336	804.300
10534	804.300
10668	804.300
10692	804.300
8889	804.400
8927	804.400
9019	804.400
9099	804.400
9215	804.400
9222	804.400
9313	804.400
9334	804.400
9409	804.400
9424	804.400
9427	804.400
9432	804.400
9447	804.400
9716	804.400
9721	804.400
9934	804.400
9950	804.400
10100	804.400
10191	804.400
10271	804.400
10351	804.400
10538	804.400
8735	804.500
9204	804.500
9688	804.500
10382	804.500
10473	804.500
8949	804.600
9012	804.600
9391	804.600
9666	804.600
9673	804.600
10146	804.600
9052	806.400
