# NEST version: 3.5
# RecordingBackendASCII version: 2
sender	time_ms
3255	0.100
3606	0.100
3666	0.100
3699	0.100
4086	0.100
4569	0.100
3194	706.400
2910	706.600
3347	706.700
3891	706.800
4641	706.800
2687	706.900
2840	706.900
3882	706.900
3124	707.000
3440	707.000
3682	707.000
3695	707.000
3929	707.000
3995	707.000
4305	707.000
4407	707.000
4533	707.000
2747	707.100
4427	707.100
4613	707.100
3028	707.200
3121	707.200
3205	707.200
3423	707.200
3834	707.200
4007	707.200
4177	707.200
4738	707.200
2700	707.300
2815	707.300
3107	707.300
3518	707.300
3668	707.300
3875	707.300
4329	707.300
2716	707.400
3156	707.400
3172	707.400
3193	707.400
3240	707.400
3295	707.400
3362	707.400
3545	707.400
4048	707.400
4067	707.400
4190	707.400
4313	707.400
4522	707.400
4523	707.400
4527	707.400
4561	707.400
3167	707.500
3246	707.500
3263	707.500
3341	707.500
3628	707.500
3732	707.500
3794	707.500
3830	707.500
3866	707.500
3874	707.500
3919	707.500
4233	707.500
4239	707.500
4282	707.500
4435	707.500
4442	707.500
4443	707.500
4662	707.500
4811	707.500
4822	707.500
3112	707.600
3481	707.600
3483	707.600
3623	707.600
3630	707.600
3821	707.600
4044	707.600
4061	707.600
4074	707.600
4113	707.600
4231	707.600
4237	707.600
4274	707.600
4304	707.600
4356	707.600
4544	707.600
2701	707.700
2776	707.700
2858	707.700
2868	707.700
2982	707.700
2986	707.700
3012	707.700
3446	707.700
3468	707.700
3491	707.700
3793	707.700
3865	707.700
3905	707.700
4378	707.700
4577	707.700
4581	707.700
4815	707.700
2675	707.800
2974	707.800
3021	707.800
3091	707.800
3144	707.800
3249	707.800
3453	707.800
3464	707.800
3654	707.800
3704	707.800
3744	707.800
3907	707.800
3935	707.800
3999	707.800
4017	707.800
4024	707.800
4056	707.800
4068	707.800
4124	707.800
4141	707.800
4184	707.800
4223	707.800
4252	707.800
4441	707.800
4666	707.800
4710	707.800
4735	707.800
4752	707.800
4801	707.800
2677	707.900
2708	707.900
2740	707.900
2771	707.900
2830	707.900
3131	707.900
3210	707.900
3307	707.900
3351	707.900
3418	707.900
3421	707.900
3432	707.900
3538	707.900
3603	707.900
3615	707.900
3621	707.900
3716	707.900
3788	707.900
3838	707.900
3840	707.900
3846	707.900
3899	707.900
3927	707.900
4018	707.900
4030	707.900
4095	707.900
4145	707.900
4293	707.900
4316	707.900
4374	707.900
4420	707.900
4513	707.900
4575	707.900
4672	707.900
4686	707.900
4755	707.900
2659	708.000
2670	708.000
2743	708.000
3083	708.000
3088	708.000
3125	708.000
3146	708.000
3294	708.000
3336	708.000
3342	708.000
3376	708.000
3417	708.000
3457	708.000
3486	708.000
3774	708.000
4214	708.000
4265	708.000
4270	708.000
4342	708.000
4345	708.000
4404	708.000
4429	708.000
4434	708.000
4706	708.000
4746	708.000
4805	708.000
2694	708.100
2704	708.100
2750	708.100
2768	708.100
2819	708.100
2893	708.100
2901	708.100
2915	708.100
2920	708.100
2929	708.100
2990	708.100
3051	708.100
3067	708.100
3087	708.100
3102	708.100
3104	708.100
3114	708.100
3388	708.100
3448	708.100
3472	708.100
3494	708.100
3540	708.100
3572	708.100
3754	708.100
3778	708.100
3841	708.100
3924	708.100
3925	708.100
3951	708.100
3956	708.100
3960	708.100
3974	708.100
4032	708.100
4055	708.100
4137	708.100
4138	708.100
4172	708.100
4245	708.100
4256	708.100
4276	708.100
4291	708.100
4466	708.100
4477	708.100
4498	708.100
4572	708.100
4591	708.100
4602	708.100
4726	708.100
4761	708.100
4813	708.100
2693	708.200
2795	708.200
2798	708.200
2897	708.200
2938	708.200
2962	708.200
3152	708.200
3161	708.200
3177	708.200
3207	708.200
3271	708.200
3276	708.200
3323	708.200
3331	708.200
3378	708.200
3397	708.200
3455	708.200
3516	708.200
3521	708.200
3525	708.200
3541	708.200
3551	708.200
3562	708.200
3663	708.200
3729	708.200
3747	708.200
3748	708.200
3822	708.200
3892	708.200
3920	708.200
3937	708.200
3942	708.200
3948	708.200
3964	708.200
3981	708.200
4082	708.200
4180	708.200
4206	708.200
4251	708.200
4352	708.200
4418	708.200
4493	708.200
4588	708.200
4647	708.200
4670	708.200
4721	708.200
4830	708.200
2680	708.300
2711	708.300
2721	708.300
2831	708.300
2843	708.300
2924	708.300
2935	708.300
2954	708.300
2963	708.300
2975	708.300
3094	708.300
3106	708.300
3117	708.300
3187	708.300
3197	708.300
3229	708.300
3324	708.300
3471	708.300
3496	708.300
3544	708.300
3594	708.300
3626	708.300
3646	708.300
3772	708.300
3870	708.300
3932	708.300
3947	708.300
4011	708.300
4133	708.300
4191	708.300
4204	708.300
4241	708.300
4300	708.300
4310	708.300
4317	708.300
4386	708.300
4461	708.300
4473	708.300
4516	708.300
4560	708.300
4642	708.300
4690	708.300
4698	708.300
4807	708.300
4836	708.300
2673	708.400
2692	708.400
2757	708.400
2758	708.400
2786	708.400
2811	708.400
2895	708.400
2928	708.400
2944	708.400
3014	708.400
3122	708.400
3183	708.400
3192	708.400
3254	708.400
3257	708.400
3273	708.400
3288	708.400
3312	708.400
3329	708.400
3414	708.400
3445	708.400
3484	708.400
3591	708.400
3601	708.400
3671	708.400
3679	708.400
3694	708.400
3745	708.400
3762	708.400
3770	708.400
3808	708.400
3809	708.400
3814	708.400
3854	708.400
3906	708.400
3989	708.400
4079	708.400
4128	708.400
4134	708.400
4158	708.400
4189	708.400
4217	708.400
4243	708.400
4296	708.400
4446	708.400
4494	708.400
4506	708.400
4511	708.400
4554	708.400
4760	708.400
4788	708.400
2656	708.500
2706	708.500
2744	708.500
2764	708.500
2785	708.500
2818	708.500
2842	708.500
2896	708.500
2916	708.500
2939	708.500
3005	708.500
3070	708.500
3110	708.500
3140	708.500
3180	708.500
3231	708.500
3269	708.500
3291	708.500
3311	708.500
3359	708.500
3381	708.500
3399	708.500
3405	708.500
3412	708.500
3429	708.500
3437	708.500
3451	708.500
3488	708.500
3495	708.500
3497	708.500
3581	708.500
3583	708.500
3585	708.500
3586	708.500
3711	708.500
3739	708.500
3759	708.500
3764	708.500
3775	708.500
3790	708.500
3845	708.500
3863	708.500
3872	708.500
3883	708.500
3918	708.500
3921	708.500
3936	708.500
3967	708.500
3987	708.500
4001	708.500
4046	708.500
4075	708.500
4083	708.500
4166	708.500
4170	708.500
4355	708.500
4415	708.500
4458	708.500
4478	708.500
4490	708.500
4504	708.500
4596	708.500
4601	708.500
4618	708.500
4658	708.500
4665	708.500
4669	708.500
4671	708.500
4673	708.500
4697	708.500
4708	708.500
4712	708.500
4716	708.500
4731	708.500
4798	708.500
2657	708.600
2662	708.600
2686	708.600
2695	708.600
2707	708.600
2773	708.600
2793	708.600
2794	708.600
2839	708.600
2855	708.600
2866	708.600
2908	708.600
2922	708.600
2933	708.600
2940	708.600
2956	708.600
2995	708.600
3016	708.600
3050	708.600
3059	708.600
3060	708.600
3068	708.600
3108	708.600
3136	708.600
3163	708.600
3166	708.600
3251	708.600
3315	708.600
3317	708.600
3370	708.600
3382	708.600
3406	708.600
3474	708.600
3501	708.600
3592	708.600
3606	708.600
3700	708.600
3701	708.600
3702	708.600
3713	708.600
3715	708.600
3738	708.600
3753	708.600
3757	708.600
3767	708.600
3779	708.600
3848	708.600
3878	708.600
3884	708.600
3911	708.600
3938	708.600
3944	708.600
3972	708.600
3973	708.600
3993	708.600
4033	708.600
4110	708.600
4123	708.600
4182	708.600
4261	708.600
4262	708.600
4307	708.600
4328	708.600
4346	708.600
4353	708.600
4395	708.600
4439	708.600
4463	708.600
4558	708.600
4599	708.600
4604	708.600
4634	708.600
4635	708.600
4638	708.600
4640	708.600
4649	708.600
4656	708.600
4657	708.600
4694	708.600
4719	708.600
4775	708.600
4839	708.600
4842	708.600
2653	708.700
2664	708.700
2710	708.700
2715	708.700
2824	708.700
2851	708.700
2885	708.700
2903	708.700
2943	708.700
2971	708.700
2991	708.700
3011	708.700
3035	708.700
3041	708.700
3044	708.700
3056	708.700
3057	708.700
3147	708.700
3211	708.700
3248	708.700
3290	708.700
3308	708.700
3318	708.700
3320	708.700
3340	708.700
3343	708.700
3357	708.700
3371	708.700
3375	708.700
3401	708.700
3427	708.700
3469	708.700
3476	708.700
3489	708.700
3492	708.700
3514	708.700
3524	708.700
3532	708.700
3536	708.700
3614	708.700
3622	708.700
3660	708.700
3728	708.700
3765	708.700
3771	708.700
3796	708.700
3800	708.700
3803	708.700
3804	708.700
3817	708.700
3847	708.700
3851	708.700
3862	708.700
3904	708.700
3914	708.700
3941	708.700
3970	708.700
3988	708.700
4000	708.700
4004	708.700
4020	708.700
4025	708.700
4027	708.700
4038	708.700
4069	708.700
4098	708.700
4099	708.700
4212	708.700
4213	708.700
4230	708.700
4303	708.700
4312	708.700
4330	708.700
4331	708.700
4359	708.700
4376	708.700
4401	708.700
4425	708.700
4450	708.700
4488	708.700
4491	708.700
4497	708.700
4508	708.700
4537	708.700
4541	708.700
4587	708.700
4610	708.700
4621	708.700
4622	708.700
4650	708.700
4680	708.700
4688	708.700
4748	708.700
4753	708.700
4780	708.700
4782	708.700
4787	708.700
4825	708.700
4840	708.700
2683	708.800
2713	708.800
2782	708.800
2792	708.800
2797	708.800
2853	708.800
2862	708.800
2892	708.800
2905	708.800
2906	708.800
2927	708.800
2948	708.800
2966	708.800
2992	708.800
3006	708.800
3015	708.800
3023	708.800
3061	708.800
3075	708.800
3080	708.800
3085	708.800
3119	708.800
3130	708.800
3133	708.800
3179	708.800
3186	708.800
3201	708.800
3206	708.800
3216	708.800
3230	708.800
3238	708.800
3250	708.800
3277	708.800
3286	708.800
3304	708.800
3327	708.800
3373	708.800
3389	708.800
3490	708.800
3546	708.800
3610	708.800
3611	708.800
3641	708.800
3647	708.800
3652	708.800
3653	708.800
3681	708.800
3689	708.800
3720	708.800
3741	708.800
3761	708.800
3768	708.800
3789	708.800
3807	708.800
3823	708.800
3829	708.800
3836	708.800
3859	708.800
3861	708.800
3867	708.800
3871	708.800
3876	708.800
3931	708.800
3934	708.800
3953	708.800
3971	708.800
3978	708.800
4040	708.800
4051	708.800
4057	708.800
4060	708.800
4072	708.800
4081	708.800
4101	708.800
4149	708.800
4156	708.800
4174	708.800
4185	708.800
4187	708.800
4192	708.800
4194	708.800
4201	708.800
4203	708.800
4260	708.800
4268	708.800
4326	708.800
4332	708.800
4341	708.800
4344	708.800
4348	708.800
4351	708.800
4361	708.800
4368	708.800
4369	708.800
4380	708.800
4382	708.800
4399	708.800
4410	708.800
4510	708.800
4549	708.800
4615	708.800
4625	708.800
4653	708.800
4663	708.800
4678	708.800
4704	708.800
4707	708.800
4733	708.800
4739	708.800
4764	708.800
4774	708.800
4790	708.800
4806	708.800
4808	708.800
4816	708.800
2671	708.900
2703	708.900
2730	708.900
2752	708.900
2753	708.900
2770	708.900
2772	708.900
2791	708.900
2814	708.900
2848	708.900
2865	708.900
2867	708.900
2873	708.900
2888	708.900
2890	708.900
2919	708.900
2930	708.900
2949	708.900
2981	708.900
2983	708.900
2987	708.900
2988	708.900
3019	708.900
3030	708.900
3034	708.900
3048	708.900
3062	708.900
3089	708.900
3093	708.900
3099	708.900
3100	708.900
3111	708.900
3128	708.900
3150	708.900
3173	708.900
3268	708.900
3319	708.900
3322	708.900
3345	708.900
3364	708.900
3383	708.900
3463	708.900
3502	708.900
3503	708.900
3513	708.900
3530	708.900
3553	708.900
3566	708.900
3571	708.900
3618	708.900
3640	708.900
3651	708.900
3686	708.900
3755	708.900
3756	708.900
3769	708.900
3873	708.900
3933	708.900
3939	708.900
3966	708.900
3982	708.900
4008	708.900
4120	708.900
4132	708.900
4147	708.900
4151	708.900
4167	708.900
4232	708.900
4234	708.900
4235	708.900
4263	708.900
4338	708.900
4379	708.900
4394	708.900
4430	708.900
4433	708.900
4521	708.900
4545	708.900
4553	708.900
4568	708.900
4578	708.900
4584	708.900
4586	708.900
4607	708.900
4626	708.900
4643	708.900
4651	708.900
4676	708.900
4684	708.900
4714	708.900
4715	708.900
4737	708.900
4744	708.900
4756	708.900
4776	708.900
2719	709.000
2725	709.000
2745	709.000
2756	709.000
2778	709.000
2783	709.000
2799	709.000
2800	709.000
2810	709.000
2846	709.000
2847	709.000
2859	709.000
2871	709.000
2884	709.000
2887	709.000
2904	709.000
3013	709.000
3024	709.000
3029	709.000
3031	709.000
3054	709.000
3065	709.000
3105	709.000
3109	709.000
3118	709.000
3129	709.000
3132	709.000
3151	709.000
3153	709.000
3178	709.000
3185	709.000
3188	709.000
3212	709.000
3213	709.000
3214	709.000
3235	709.000
3237	709.000
3344	709.000
3356	709.000
3372	709.000
3400	709.000
3475	709.000
3493	709.000
3522	709.000
3564	709.000
3607	709.000
3613	709.000
3650	709.000
3662	709.000
3670	709.000
3674	709.000
3685	709.000
3691	709.000
3721	709.000
3734	709.000
3749	709.000
3780	709.000
3816	709.000
3835	709.000
3844	709.000
3852	709.000
3858	709.000
3881	709.000
3903	709.000
3930	709.000
3940	709.000
3946	709.000
3952	709.000
3957	709.000
3961	709.000
3996	709.000
4002	709.000
4013	709.000
4059	709.000
4108	709.000
4114	709.000
4119	709.000
4159	709.000
4160	709.000
4186	709.000
4195	709.000
4207	709.000
4210	709.000
4216	709.000
4219	709.000
4242	709.000
4250	709.000
4306	709.000
4337	709.000
4340	709.000
4366	709.000
4367	709.000
4373	709.000
4385	709.000
4457	709.000
4472	709.000
4495	709.000
4501	709.000
4502	709.000
4535	709.000
4550	709.000
4570	709.000
4593	709.000
4594	709.000
4652	709.000
4699	709.000
4703	709.000
4711	709.000
4741	709.000
4747	709.000
4754	709.000
4794	709.000
4797	709.000
4826	709.000
4828	709.000
4832	709.000
2665	709.100
2679	709.100
2685	709.100
2714	709.100
2720	709.100
2754	709.100
2780	709.100
2804	709.100
2827	709.100
2833	709.100
2837	709.100
2857	709.100
2894	709.100
2898	709.100
2907	709.100
2921	709.100
2953	709.100
2968	709.100
2996	709.100
2999	709.100
3033	709.100
3047	709.100
3049	709.100
3055	709.100
3074	709.100
3076	709.100
3116	709.100
3127	709.100
3138	709.100
3142	709.100
3149	709.100
3157	709.100
3175	709.100
3190	709.100
3191	709.100
3196	709.100
3220	709.100
3224	709.100
3239	709.100
3242	709.100
3252	709.100
3285	709.100
3358	709.100
3366	709.100
3379	709.100
3426	709.100
3436	709.100
3450	709.100
3467	709.100
3478	709.100
3506	709.100
3510	709.100
3517	709.100
3527	709.100
3528	709.100
3531	709.100
3548	709.100
3554	709.100
3576	709.100
3587	709.100
3624	709.100
3649	709.100
3658	709.100
3666	709.100
3675	709.100
3683	709.100
3703	709.100
3714	709.100
3717	709.100
3724	709.100
3730	709.100
3776	709.100
3781	709.100
3784	709.100
3786	709.100
3787	709.100
3815	709.100
3825	709.100
3860	709.100
3890	709.100
3897	709.100
3928	709.100
3976	709.100
4003	709.100
4031	709.100
4043	709.100
4062	709.100
4063	709.100
4080	709.100
4116	709.100
4121	709.100
4164	709.100
4211	709.100
4224	709.100
4246	709.100
4248	709.100
4287	709.100
4289	709.100
4290	709.100
4295	709.100
4302	709.100
4325	709.100
4334	709.100
4343	709.100
4350	709.100
4375	709.100
4419	709.100
4470	709.100
4481	709.100
4483	709.100
4528	709.100
4529	709.100
4538	709.100
4595	709.100
4605	709.100
4608	709.100
4611	709.100
4612	709.100
4644	709.100
4679	709.100
4683	709.100
4700	709.100
4717	709.100
4718	709.100
4724	709.100
4740	709.100
4742	709.100
4743	709.100
4772	709.100
4814	709.100
2674	709.200
2682	709.200
2691	709.200
2712	709.200
2737	709.200
2748	709.200
2779	709.200
2807	709.200
2808	709.200
2809	709.200
2860	709.200
2861	709.200
2864	709.200
2869	709.200
2877	709.200
2880	709.200
2882	709.200
2912	709.200
2931	709.200
2937	709.200
2942	709.200
2957	709.200
2960	709.200
2972	709.200
2979	709.200
3002	709.200
3007	709.200
3008	709.200
3064	709.200
3092	709.200
3095	709.200
3096	709.200
3126	709.200
3159	709.200
3176	709.200
3189	709.200
3198	709.200
3218	709.200
3221	709.200
3244	709.200
3259	709.200
3265	709.200
3289	709.200
3292	709.200
3297	709.200
3309	709.200
3330	709.200
3352	709.200
3353	709.200
3374	709.200
3407	709.200
3408	709.200
3416	709.200
3444	709.200
3509	709.200
3523	709.200
3526	709.200
3549	709.200
3559	709.200
3578	709.200
3584	709.200
3588	709.200
3590	709.200
3593	709.200
3602	709.200
3627	709.200
3631	709.200
3655	709.200
3665	709.200
3667	709.200
3673	709.200
3690	709.200
3705	709.200
3758	709.200
3811	709.200
3820	709.200
3827	709.200
3839	709.200
3843	709.200
3856	709.200
3879	709.200
3889	709.200
3902	709.200
3922	709.200
3926	709.200
3997	709.200
4021	709.200
4029	709.200
4037	709.200
4041	709.200
4071	709.200
4122	709.200
4163	709.200
4171	709.200
4247	709.200
4258	709.200
4267	709.200
4278	709.200
4279	709.200
4320	709.200
4322	709.200
4347	709.200
4364	709.200
4384	709.200
4393	709.200
4397	709.200
4406	709.200
4424	709.200
4447	709.200
4448	709.200
4453	709.200
4455	709.200
4464	709.200
4468	709.200
4479	709.200
4512	709.200
4524	709.200
4551	709.200
4559	709.200
4562	709.200
4564	709.200
4566	709.200
4569	709.200
4571	709.200
4576	709.200
4579	709.200
4580	709.200
4600	709.200
4609	709.200
4627	709.200
4628	709.200
4637	709.200
4645	709.200
4660	709.200
4667	709.200
4677	709.200
4682	709.200
4693	709.200
4696	709.200
4758	709.200
4766	709.200
4771	709.200
4791	709.200
4818	709.200
2654	709.300
2660	709.300
2668	709.300
2678	709.300
2705	709.300
2728	709.300
2739	709.300
2742	709.300
2760	709.300
2763	709.300
2774	709.300
2775	709.300
2802	709.300
2803	709.300
2812	709.300
2822	709.300
2879	709.300
2891	709.300
2900	709.300
2909	709.300
2911	709.300
2923	709.300
2925	709.300
2926	709.300
2941	709.300
2961	709.300
2965	709.300
2969	709.300
2993	709.300
3022	709.300
3027	709.300
3038	709.300
3040	709.300
3043	709.300
3063	709.300
3123	709.300
3165	709.300
3168	709.300
3170	709.300
3171	709.300
3181	709.300
3228	709.300
3234	709.300
3255	709.300
3256	709.300
3262	709.300
3267	709.300
3279	709.300
3282	709.300
3325	709.300
3328	709.300
3333	709.300
3335	709.300
3350	709.300
3367	709.300
3392	709.300
3415	709.300
3425	709.300
3430	709.300
3443	709.300
3460	709.300
3505	709.300
3533	709.300
3535	709.300
3550	709.300
3561	709.300
3573	709.300
3575	709.300
3599	709.300
3620	709.300
3629	709.300
3633	709.300
3635	709.300
3698	709.300
3706	709.300
3725	709.300
3726	709.300
3735	709.300
3751	709.300
3831	709.300
3900	709.300
3908	709.300
3912	709.300
3915	709.300
3968	709.300
4016	709.300
4022	709.300
4023	709.300
4054	709.300
4065	709.300
4066	709.300
4085	709.300
4086	709.300
4089	709.300
4096	709.300
4100	709.300
4109	709.300
4111	709.300
4129	709.300
4130	709.300
4143	709.300
4146	709.300
4155	709.300
4173	709.300
4196	709.300
4208	709.300
4215	709.300
4221	709.300
4229	709.300
4277	709.300
4285	709.300
4309	709.300
4319	709.300
4339	709.300
4349	709.300
4398	709.300
4403	709.300
4411	709.300
4417	709.300
4428	709.300
4456	709.300
4467	709.300
4480	709.300
4487	709.300
4503	709.300
4515	709.300
4539	709.300
4542	709.300
4547	709.300
4555	709.300
4589	709.300
4636	709.300
4654	709.300
4685	709.300
4713	709.300
4720	709.300
4728	709.300
4729	709.300
4750	709.300
4769	709.300
4770	709.300
4773	709.300
4779	709.300
4786	709.300
4792	709.300
4796	709.300
4817	709.300
4838	709.300
2652	709.400
2663	709.400
2690	709.400
2718	709.400
2722	709.400
2723	709.400
2732	709.400
2733	709.400
2762	709.400
2777	709.400
2787	709.400
2796	709.400
2801	709.400
2836	709.400
2844	709.400
2845	709.400
2852	709.400
2881	709.400
2917	709.400
2946	709.400
2967	709.400
2970	709.400
2973	709.400
3003	709.400
3010	709.400
3025	709.400
3039	709.400
3046	709.400
3097	709.400
3145	709.400
3162	709.400
3164	709.400
3184	709.400
3202	709.400
3203	709.400
3215	709.400
3222	709.400
3223	709.400
3226	709.400
3233	709.400
3245	709.400
3278	709.400
3284	709.400
3301	709.400
3313	709.400
3334	709.400
3348	709.400
3355	709.400
3360	709.400
3361	709.400
3384	709.400
3390	709.400
3410	709.400
3428	709.400
3441	709.400
3449	709.400
3456	709.400
3461	709.400
3466	709.400
3470	709.400
3479	709.400
3500	709.400
3504	709.400
3511	709.400
3557	709.400
3560	709.400
3579	709.400
3609	709.400
3645	709.400
3677	709.400
3708	709.400
3722	709.400
3740	709.400
3743	709.400
3746	709.400
3752	709.400
3798	709.400
3799	709.400
3801	709.400
3805	709.400
3818	709.400
3849	709.400
3855	709.400
3898	709.400
3959	709.400
3962	709.400
3975	709.400
3991	709.400
4014	709.400
4078	709.400
4093	709.400
4105	709.400
4118	709.400
4125	709.400
4135	709.400
4152	709.400
4169	709.400
4175	709.400
4178	709.400
4181	709.400
4193	709.400
4222	709.400
4227	709.400
4257	709.400
4266	709.400
4269	709.400
4281	709.400
4286	709.400
4301	709.400
4315	709.400
4321	709.400
4336	709.400
4383	709.400
4392	709.400
4400	709.400
4414	709.400
4454	709.400
4474	709.400
4484	709.400
4486	709.400
4499	709.400
4500	709.400
4518	709.400
4519	709.400
4526	709.400
4536	709.400
4557	709.400
4563	709.400
4565	709.400
4573	709.400
4617	709.400
4646	709.400
4736	709.400
4749	709.400
4767	709.400
4778	709.400
4783	709.400
4785	709.400
4789	709.400
4793	709.400
4803	709.400
4812	709.400
4820	709.400
4821	709.400
4823	709.400
4827	709.400
4834	709.400
4843	709.400
2666	709.500
2667	709.500
2676	709.500
2697	709.500
2702	709.500
2709	709.500
2724	709.500
2734	709.500
2749	709.500
2765	709.500
2766	709.500
2767	709.500
2769	709.500
2806	709.500
2813	709.500
2838	709.500
2841	709.500
2850	709.500
2918	709.500
2945	709.500
2955	709.500
2980	709.500
3001	709.500
3020	709.500
3073	709.500
3103	709.500
3120	709.500
3143	709.500
3154	709.500
3158	709.500
3219	709.500
3227	709.500
3243	709.500
3261	709.500
3274	709.500
3287	709.500
3305	709.500
3314	709.500
3332	709.500
3391	709.500
3396	709.500
3419	709.500
3434	709.500
3439	709.500
3458	709.500
3462	709.500
3473	709.500
3477	709.500
3485	709.500
3508	709.500
3520	709.500
3547	709.500
3555	709.500
3570	709.500
3605	709.500
3612	709.500
3617	709.500
3638	709.500
3669	709.500
3687	709.500
3688	709.500
3692	709.500
3693	709.500
3707	709.500
3709	709.500
3710	709.500
3712	709.500
3718	709.500
3719	709.500
3736	709.500
3763	709.500
3766	709.500
3777	709.500
3797	709.500
3819	709.500
3828	709.500
3832	709.500
3894	709.500
3910	709.500
3923	709.500
3950	709.500
3984	709.500
4009	709.500
4035	709.500
4039	709.500
4045	709.500
4052	709.500
4087	709.500
4104	709.500
4127	709.500
4139	709.500
4157	709.500
4161	709.500
4162	709.500
4179	709.500
4188	709.500
4240	709.500
4253	709.500
4272	709.500
4275	709.500
4280	709.500
4292	709.500
4297	709.500
4308	709.500
4314	709.500
4327	709.500
4333	709.500
4335	709.500
4360	709.500
4370	709.500
4408	709.500
4413	709.500
4421	709.500
4422	709.500
4431	709.500
4449	709.500
4475	709.500
4509	709.500
4540	709.500
4543	709.500
4546	709.500
4574	709.500
4614	709.500
4632	709.500
4633	709.500
4655	709.500
4661	709.500
4689	709.500
4701	709.500
4722	709.500
4725	709.500
4730	709.500
4745	709.500
4777	709.500
4784	709.500
4795	709.500
4829	709.500
4831	709.500
4833	709.500
4841	709.500
2655	709.600
2661	709.600
2672	709.600
2681	709.600
2684	709.600
2696	709.600
2727	709.600
2738	709.600
2755	709.600
2870	709.600
2883	709.600
2886	709.600
2936	709.600
2994	709.600
3004	709.600
3009	709.600
3026	709.600
3036	709.600
3037	709.600
3052	709.600
3084	709.600
3090	709.600
3101	709.600
3134	709.600
3137	709.600
3141	709.600
3155	709.600
3194	709.600
3247	709.600
3253	709.600
3266	709.600
3270	709.600
3272	709.600
3296	709.600
3300	709.600
3302	709.600
3306	709.600
3326	709.600
3338	709.600
3339	709.600
3354	709.600
3385	709.600
3394	709.600
3398	709.600
3402	709.600
3420	709.600
3422	709.600
3447	709.600
3512	709.600
3529	709.600
3537	709.600
3568	709.600
3574	709.600
3580	709.600
3582	709.600
3619	709.600
3625	709.600
3657	709.600
3664	709.600
3678	709.600
3696	709.600
3699	709.600
3750	709.600
3760	709.600
3773	709.600
3795	709.600
3802	709.600
3810	709.600
3880	709.600
3885	709.600
3896	709.600
3901	709.600
3913	709.600
3916	709.600
3945	709.600
3949	709.600
3955	709.600
3980	709.600
3986	709.600
3994	709.600
4006	709.600
4019	709.600
4050	709.600
4053	709.600
4058	709.600
4084	709.600
4088	709.600
4092	709.600
4097	709.600
4148	709.600
4154	709.600
4165	709.600
4202	709.600
4244	709.600
4254	709.600
4255	709.600
4284	709.600
4288	709.600
4318	709.600
4357	709.600
4358	709.600
4362	709.600
4377	709.600
4381	709.600
4387	709.600
4412	709.600
4416	709.600
4423	709.600
4440	709.600
4460	709.600
4465	709.600
4476	709.600
4492	709.600
4520	709.600
4597	709.600
4603	709.600
4687	709.600
4709	709.600
4732	709.600
4762	709.600
4799	709.600
4800	709.600
4804	709.600
2726	709.700
2729	709.700
2781	709.700
2788	709.700
2820	709.700
2826	709.700
2832	709.700
2874	709.700
2914	709.700
2959	709.700
2976	709.700
2977	709.700
2978	709.700
2984	709.700
2989	709.700
2998	709.700
3045	709.700
3066	709.700
3078	709.700
3086	709.700
3113	709.700
3217	709.700
3264	709.700
3310	709.700
3363	709.700
3377	709.700
3393	709.700
3433	709.700
3534	709.700
3598	709.700
3634	709.700
3639	709.700
3676	709.700
3783	709.700
3785	709.700
3792	709.700
3806	709.700
3853	709.700
3943	709.700
3958	709.700
3963	709.700
3965	709.700
3977	709.700
3992	709.700
4034	709.700
4047	709.700
4049	709.700
4070	709.700
4073	709.700
4144	709.700
4150	709.700
4153	709.700
4198	709.700
4199	709.700
4200	709.700
4236	709.700
4298	709.700
4324	709.700
4363	709.700
4371	709.700
4389	709.700
4391	709.700
4426	709.700
4436	709.700
4437	709.700
4444	709.700
4459	709.700
4531	709.700
4532	709.700
4548	709.700
4592	709.700
4624	709.700
4630	709.700
4664	709.700
4695	709.700
4757	709.700
4781	709.700
2689	709.800
2805	709.800
2821	709.800
2823	709.800
2872	709.800
2889	709.800
2913	709.800
2950	709.800
2958	709.800
3042	709.800
3053	709.800
3069	709.800
3071	709.800
3316	709.800
3365	709.800
3368	709.800
3435	709.800
3438	709.800
3454	709.800
3487	709.800
3563	709.800
3600	709.800
3604	709.800
3632	709.800
3642	709.800
3644	709.800
3648	709.800
3684	709.800
3737	709.800
3742	709.800
3813	709.800
3826	709.800
3833	709.800
3864	709.800
3869	709.800
3877	709.800
3886	709.800
3893	709.800
3979	709.800
4010	709.800
4131	709.800
4238	709.800
4264	709.800
4388	709.800
4438	709.800
4445	709.800
4469	709.800
4482	709.800
4505	709.800
4590	709.800
4674	709.800
4691	709.800
4768	709.800
4819	709.800
4824	709.800
2816	709.900
2902	709.900
2947	709.900
2997	709.900
3018	709.900
3079	709.900
3115	709.900
3195	709.900
3199	709.900
3260	709.900
3369	709.900
3387	709.900
3395	709.900
3403	709.900
3608	709.900
3697	709.900
3782	709.900
3850	709.900
4036	709.900
4091	709.900
4142	709.900
4249	709.900
4259	709.900
4271	709.900
4390	709.900
4396	709.900
4471	709.900
4489	709.900
4534	709.900
4552	709.900
4583	709.900
4598	709.900
4629	709.900
4631	709.900
4763	709.900
3299	710.000
3519	710.000
3565	710.000
3589	710.000
3954	710.000
4005	710.000
4117	710.000
4273	710.000
4372	710.000
4496	710.000
4616	710.000
3909	710.100
3983	710.100
4012	710.100
4026	710.100
4064	710.100
4077	710.100
4639	710.100
4668	710.100
4675	710.100
3827	712.200
2904	712.400
2844	712.600
2961	712.600
3028	712.700
3383	712.700
3415	712.700
3773	712.700
3004	712.800
3633	712.800
4070	712.800
4696	712.800
4750	712.800
2871	712.900
3046	712.900
3221	712.900
4186	712.900
4280	712.900
4301	712.900
4736	712.900
4821	712.900
2918	713.000
3103	713.000
3328	713.000
3612	713.000
3688	713.000
3707	713.000
3708	713.000
4322	713.000
4571	713.000
3665	713.100
3738	713.100
4014	713.100
4152	713.100
4266	713.100
4319	713.100
4534	713.100
4768	713.100
4803	713.100
4592	713.200
4794	713.200
4661	713.300
4701	713.400
3028	723.200
4794	723.200
2844	724.200
3089	725.000
3138	725.600
3383	725.800
4509	725.900
2885	726.000
4684	726.000
4821	726.100
2904	726.200
3773	726.500
4319	726.500
4661	726.500
3817	726.700
4300	726.700
3004	726.800
4718	726.800
3836	726.900
4701	727.000
2918	727.200
3738	727.300
4093	727.400
4233	727.400
3377	727.500
4113	727.500
3466	727.600
3889	727.600
4731	727.600
3695	727.900
3341	728.100
2919	728.200
3692	728.300
4501	728.300
4660	728.300
4481	728.400
3028	728.600
3550	728.700
3911	728.700
3920	728.700
4427	728.700
4662	728.700
3806	728.800
4036	728.800
4186	728.800
4679	728.800
2708	728.900
2747	728.900
3186	728.900
3592	728.900
4544	728.900
4776	728.900
3278	729.000
4202	729.000
4750	729.000
2991	729.100
3240	729.100
3544	729.100
2707	729.200
3094	729.200
3103	729.200
3523	729.200
3995	729.200
4147	729.200
4561	729.200
4646	729.200
3369	729.300
4118	729.300
4378	729.300
4478	729.300
3348	729.500
3826	729.500
4704	729.500
3945	729.600
4528	729.600
3429	729.700
3633	729.700
4158	729.700
4489	729.700
4652	729.700
3450	729.800
4696	729.800
3192	729.900
3834	729.900
3859	729.900
3870	729.900
4017	729.900
4584	729.900
2965	730.000
3023	730.000
3591	730.000
3900	730.000
3942	730.000
4044	730.000
4555	730.000
4591	730.000
4596	730.000
2836	730.100
2858	730.100
3266	730.100
3409	730.100
3670	730.100
4348	730.100
4442	730.100
4633	730.100
3460	730.200
3665	730.200
3707	730.200
3741	730.200
3770	730.200
4083	730.200
4084	730.200
4174	730.200
4553	730.200
2806	730.300
2871	730.300
3183	730.300
3555	730.300
3568	730.300
3778	730.300
3925	730.300
4070	730.300
4724	730.300
4830	730.300
2844	730.400
2914	730.400
3089	730.400
3367	730.400
3514	730.400
4598	730.400
2742	730.500
3046	730.500
3095	730.500
3440	730.500
3843	730.500
4483	730.500
4577	730.500
4794	730.500
2703	730.600
2763	730.600
2917	730.600
3250	730.600
3449	730.600
3755	730.600
4152	730.600
4229	730.600
4506	730.600
4576	730.600
4710	730.600
4790	730.600
2760	730.700
2798	730.700
2812	730.700
2840	730.700
3254	730.700
3405	730.700
3954	730.700
4189	730.700
4736	730.700
2702	730.800
2961	730.800
3055	730.800
3093	730.800
3397	730.800
3740	730.800
4194	730.800
4645	730.800
4768	730.800
2679	730.900
2700	730.900
3391	730.900
3430	730.900
3572	730.900
3706	730.900
3717	730.900
4195	730.900
4303	730.900
4684	730.900
4753	730.900
4767	730.900
2654	731.000
2762	731.000
2794	731.000
2874	731.000
3196	731.000
3274	731.000
3393	731.000
3710	731.000
3800	731.000
3949	731.000
4114	731.000
4216	731.000
4239	731.000
4322	731.000
4382	731.000
4531	731.000
4534	731.000
4547	731.000
4760	731.000
2687	731.100
2830	731.100
3075	731.100
3246	731.100
3882	731.100
3918	731.100
3974	731.100
4074	731.100
4185	731.100
4413	731.100
4571	731.100
2673	731.200
2816	731.200
2915	731.200
3931	731.200
3964	731.200
4080	731.200
4491	731.200
4522	731.200
4654	731.200
2757	731.300
3221	731.300
3541	731.300
3865	731.300
3929	731.300
4020	731.300
2663	731.400
3018	731.400
3444	731.400
3546	731.400
3814	731.400
3836	731.400
4008	731.400
4717	731.400
4799	731.400
2660	731.500
2800	731.500
3099	731.500
3237	731.500
3350	731.500
4313	731.500
4749	731.500
2781	731.600
2788	731.600
2904	731.600
3043	731.600
3311	731.600
3571	731.600
4302	731.600
4356	731.600
4471	731.600
4546	731.600
4607	731.600
3382	731.700
3808	731.700
4329	731.700
4612	731.700
3324	731.800
3658	731.800
3674	731.800
4331	731.800
4551	731.800
4774	731.800
2808	731.900
3083	731.900
3180	731.900
3613	731.900
3783	731.900
3914	731.900
4054	731.900
4245	731.900
4277	731.900
4361	731.900
4539	731.900
4694	731.900
4726	731.900
2743	732.000
3612	732.000
3854	732.000
3957	732.000
3972	732.000
4232	732.000
2716	732.100
3125	732.100
3286	732.100
3491	732.100
3847	732.100
4180	732.100
4251	732.100
4330	732.100
4778	732.100
3817	732.200
4145	732.200
4248	732.200
4833	732.200
2888	732.300
2910	732.300
3161	732.300
3412	732.300
3456	732.300
3588	732.300
3893	732.300
4279	732.300
4508	732.300
4550	732.300
4672	732.300
4731	732.300
4733	732.300
4738	732.300
4742	732.300
4832	732.300
2653	732.400
2948	732.400
3160	732.400
3601	732.400
4325	732.400
4642	732.400
4643	732.400
2815	732.500
3364	732.500
3418	732.500
3840	732.500
3927	732.500
4509	732.500
4636	732.500
4653	732.500
3059	732.600
3650	732.600
3961	732.600
4043	732.600
4088	732.600
4233	732.600
4300	732.600
4344	732.600
4441	732.600
4701	732.600
2708	732.700
3130	732.700
3313	732.700
3482	732.700
3553	732.700
3675	732.700
3813	732.700
3838	732.700
3892	732.700
4166	732.700
4172	732.700
4207	732.700
4262	732.700
4450	732.700
4718	732.700
2864	732.800
2950	732.800
3004	732.800
3015	732.800
3219	732.800
3519	732.800
3737	732.800
3845	732.800
4056	732.800
4447	732.800
4826	732.800
2693	732.900
3080	732.900
3226	732.900
3385	732.900
3426	732.900
3496	732.900
3585	732.900
3587	732.900
3618	732.900
3694	732.900
3698	732.900
4059	732.900
4113	732.900
4470	732.900
4599	732.900
4735	732.900
4811	732.900
4819	732.900
2752	733.000
2894	733.000
2938	733.000
3028	733.000
3100	733.000
3202	733.000
3671	733.000
3681	733.000
3725	733.000
3728	733.000
3811	733.000
3850	733.000
3960	733.000
4580	733.000
2999	733.100
3163	733.100
3294	733.100
3488	733.100
3547	733.100
3801	733.100
3875	733.100
3937	733.100
3948	733.100
4002	733.100
4061	733.100
4181	733.100
4210	733.100
4237	733.100
4364	733.100
4395	733.100
4592	733.100
2738	733.200
2785	733.200
3176	733.200
3187	733.200
3383	733.200
3427	733.200
3537	733.200
3935	733.200
4000	733.200
4578	733.200
4634	733.200
4650	733.200
4679	733.200
4752	733.200
2691	733.300
2715	733.300
2813	733.300
3010	733.300
3044	733.300
3090	733.300
3107	733.300
3170	733.300
3410	733.300
3434	733.300
3525	733.300
3721	733.300
3777	733.300
3963	733.300
3967	733.300
4045	733.300
4089	733.300
4254	733.300
4493	733.300
3011	733.400
3079	733.400
3131	733.400
3189	733.400
3265	733.400
3477	733.400
3484	733.400
3736	733.400
3738	733.400
3789	733.400
3844	733.400
3853	733.400
3947	733.400
4030	733.400
4069	733.400
4079	733.400
4095	733.400
4264	733.400
4267	733.400
4518	733.400
4581	733.400
4657	733.400
4755	733.400
2740	733.500
2885	733.500
2918	733.500
3016	733.500
3328	733.500
3399	733.500
3556	733.500
3898	733.500
4093	733.500
4677	733.500
2810	733.600
2862	733.600
2868	733.600
2913	733.600
2994	733.600
3110	733.600
3216	733.600
3315	733.600
3422	733.600
3532	733.600
3733	733.600
3912	733.600
3997	733.600
4031	733.600
4076	733.600
4110	733.600
4151	733.600
4295	733.600
4319	733.600
4451	733.600
4602	733.600
4732	733.600
2714	733.700
3358	733.700
3852	733.700
3863	733.700
3946	733.700
4102	733.700
4105	733.700
4177	733.700
4186	733.700
4191	733.700
4415	733.700
4427	733.700
4510	733.700
4714	733.700
2793	733.800
3209	733.800
3325	733.800
3804	733.800
4024	733.800
4252	733.800
4280	733.800
4378	733.800
4626	733.800
4807	733.800
4821	733.800
4840	733.800
2977	733.900
3268	733.900
3291	733.900
3376	733.900
3517	733.900
3520	733.900
3688	733.900
3889	733.900
3899	733.900
3995	733.900
4332	733.900
4397	733.900
4407	733.900
4712	733.900
2817	734.000
2855	734.000
2930	734.000
2991	734.000
3097	734.000
3516	734.000
3566	734.000
3580	734.000
3607	734.000
3831	734.000
3842	734.000
3876	734.000
4021	734.000
4025	734.000
4221	734.000
4241	734.000
4537	734.000
2676	734.100
2944	734.100
2960	734.100
3162	734.100
3494	734.100
4204	734.100
3432	734.200
3682	734.200
3691	734.200
3708	734.200
3720	734.200
3749	734.200
3756	734.200
4100	734.200
4168	734.200
4283	734.200
4842	734.200
2750	734.300
2844	734.300
2877	734.300
2919	734.300
3023	734.300
3091	734.300
3152	734.300
3341	734.300
3377	734.300
3416	734.300
3605	734.300
3690	734.300
3744	734.300
3745	734.300
3872	734.300
3956	734.300
4049	734.300
4170	734.300
4420	734.300
4428	734.300
4699	734.300
4745	734.300
2682	734.400
2758	734.400
3194	734.400
3673	734.400
3941	734.400
4014	734.400
4017	734.400
4188	734.400
4214	734.400
4561	734.400
2745	734.500
2973	734.500
3133	734.500
3288	734.500
3623	734.500
3732	734.500
3827	734.500
4063	734.500
4096	734.500
4244	734.500
4312	734.500
4335	734.500
4461	734.500
4544	734.500
4563	734.500
4734	734.500
4770	734.500
4776	734.500
2658	734.600
2829	734.600
3296	734.600
3389	734.600
3501	734.600
3866	734.600
3942	734.600
4458	734.600
4697	734.600
4782	734.600
3270	734.700
3662	734.700
3703	734.700
4282	734.700
4442	734.700
4490	734.700
4597	734.700
4780	734.700
2768	734.800
2884	734.800
3119	734.800
3136	734.800
3386	734.800
3550	734.800
3581	734.800
3617	734.800
3764	734.800
3784	734.800
3897	734.800
3939	734.800
3951	734.800
3971	734.800
4003	734.800
4147	734.800
4421	734.800
4545	734.800
4577	734.800
2659	734.900
2662	734.900
2805	734.900
3441	734.900
3715	734.900
3773	734.900
3809	734.900
3826	734.900
3915	734.900
3936	734.900
4182	734.900
4275	734.900
4693	734.900
4695	734.900
4702	734.900
4801	734.900
2972	735.000
3049	735.000
3104	735.000
3222	735.000
3786	735.000
3908	735.000
4137	735.000
4674	735.000
4786	735.000
4837	735.000
2763	735.100
2867	735.100
2966	735.100
3106	735.100
3117	735.100
3138	735.100
3156	735.100
3242	735.100
3395	735.100
3953	735.100
4058	735.100
4160	735.100
4449	735.100
4660	735.100
4754	735.100
4794	735.100
4815	735.100
2873	735.200
3348	735.200
3754	735.200
4158	735.200
4220	735.200
4628	735.200
4680	735.200
2727	735.300
2771	735.300
2814	735.300
3266	735.300
3317	735.300
3440	735.300
3647	735.300
3747	735.300
3904	735.300
4206	735.300
4223	735.300
4256	735.300
4394	735.300
4596	735.300
2713	735.400
2806	735.400
2941	735.400
2989	735.400
2990	735.400
3089	735.400
3331	735.400
3450	735.400
3481	735.400
3702	735.400
4435	735.400
4445	735.400
4576	735.400
4595	735.400
4661	735.400
4662	735.400
2719	735.500
2786	735.500
2907	735.500
2957	735.500
3145	735.500
3248	735.500
3252	735.500
3320	735.500
3344	735.500
3407	735.500
3592	735.500
3626	735.500
3958	735.500
4041	735.500
4053	735.500
4197	735.500
4249	735.500
4379	735.500
4569	735.500
4589	735.500
3037	735.600
3428	735.600
3548	735.600
3654	735.600
3796	735.600
3800	735.600
4190	735.600
4373	735.600
4501	735.600
4586	735.600
4590	735.600
2975	735.700
3345	735.700
3394	735.700
3536	735.700
3870	735.700
3883	735.700
4085	735.700
4101	735.700
4189	735.700
4406	735.700
4417	735.700
4528	735.700
4736	735.700
4761	735.700
2848	735.800
3576	735.800
3664	735.800
3890	735.800
4042	735.800
4724	735.800
4766	735.800
2723	735.900
2732	735.900
2774	735.900
2920	735.900
3102	735.900
3103	735.900
3123	735.900
3172	735.900
3249	735.900
3277	735.900
3318	735.900
3340	735.900
3798	735.900
3855	735.900
3911	735.900
4036	735.900
4047	735.900
4062	735.900
4235	735.900
4594	735.900
4790	735.900
2671	736.000
2800	736.000
2818	736.000
2822	736.000
3165	736.000
3274	736.000
3286	736.000
3342	736.000
3379	736.000
3513	736.000
3544	736.000
3577	736.000
3590	736.000
3742	736.000
3865	736.000
4313	736.000
4484	736.000
4516	736.000
4649	736.000
2679	736.100
2694	736.100
2760	736.100
2765	736.100
2773	736.100
2903	736.100
3144	736.100
3185	736.100
3276	736.100
3526	736.100
3570	736.100
3586	736.100
3680	736.100
3753	736.100
3980	736.100
4098	736.100
4268	736.100
4401	736.100
4481	736.100
4553	736.100
4618	736.100
4792	736.100
2886	736.200
3048	736.200
3191	736.200
3228	736.200
3254	736.200
3360	736.200
3487	736.200
3518	736.200
3633	736.200
3670	736.200
3718	736.200
3834	736.200
4072	736.200
4120	736.200
4198	736.200
4202	736.200
4382	736.200
4384	736.200
4464	736.200
4591	736.200
4642	736.200
2794	736.300
2797	736.300
2847	736.300
2987	736.300
3084	736.300
3120	736.300
3192	736.300
3200	736.300
3214	736.300
3292	736.300
3413	736.300
3601	736.300
3608	736.300
3797	736.300
3938	736.300
4154	736.300
4174	736.300
4380	736.300
4389	736.300
4437	736.300
4529	736.300
4676	736.300
2762	736.400
2947	736.400
3039	736.400
3186	736.400
3201	736.400
3207	736.400
3695	736.400
4020	736.400
4048	736.400
4127	736.400
4286	736.400
4441	736.400
4519	736.400
4540	736.400
4777	736.400
2654	736.500
2747	736.500
2928	736.500
2955	736.500
3034	736.500
3077	736.500
3146	736.500
3159	736.500
3175	736.500
3195	736.500
3524	736.500
3622	736.500
3706	736.500
3922	736.500
3966	736.500
4083	736.500
4141	736.500
4216	736.500
4311	736.500
4324	736.500
4570	736.500
4811	736.500
4823	736.500
2772	736.600
2788	736.600
2798	736.600
2895	736.600
3067	736.600
3246	736.600
3261	736.600
3405	736.600
3420	736.600
3492	736.600
3663	736.600
3710	736.600
3761	736.600
3836	736.600
3978	736.600
4257	736.600
4418	736.600
4424	736.600
4573	736.600
4738	736.600
4751	736.600
2836	736.700
2915	736.700
3143	736.700
3240	736.700
3371	736.700
3502	736.700
3555	736.700
3591	736.700
3778	736.700
3818	736.700
3914	736.700
3920	736.700
3964	736.700
3989	736.700
4033	736.700
4266	736.700
4328	736.700
4338	736.700
4462	736.700
4515	736.700
4635	736.700
4670	736.700
4675	736.700
4684	736.700
4688	736.700
4707	736.700
4730	736.700
4805	736.700
4814	736.700
2781	736.800
2840	736.800
2874	736.800
2969	736.800
3122	736.800
3453	736.800
3873	736.800
3944	736.800
4119	736.800
4142	736.800
4460	736.800
4562	736.800
4598	736.800
4704	736.800
4742	736.800
4764	736.800
2702	736.900
2917	736.900
2950	736.900
2961	736.900
3095	736.900
3335	736.900
3429	736.900
3445	736.900
3734	736.900
3791	736.900
3882	736.900
3975	736.900
4054	736.900
4134	736.900
4473	736.900
4737	736.900
4748	736.900
2677	737.000
2742	737.000
2892	737.000
3007	737.000
3028	737.000
3029	737.000
3062	737.000
3184	737.000
3490	737.000
3530	737.000
3578	737.000
3851	737.000
3973	737.000
4122	737.000
4146	737.000
4222	737.000
4278	737.000
4291	737.000
4308	737.000
4491	737.000
4718	737.000
4726	737.000
2655	737.100
2812	737.100
2871	737.100
3096	737.100
3250	737.100
3336	737.100
3455	737.100
3466	737.100
3521	737.100
3540	737.100
3561	737.100
3562	737.100
3689	737.100
3701	737.100
3925	737.100
4229	737.100
4232	737.100
4243	737.100
4305	737.100
4621	737.100
4625	737.100
4664	737.100
4668	737.100
4696	737.100
4806	737.100
2700	737.200
2703	737.200
2704	737.200
3099	737.200
3220	737.200
3263	737.200
3417	737.200
3503	737.200
4172	737.200
4285	737.200
4366	737.200
4616	737.200
4617	737.200
4630	737.200
4641	737.200
2707	737.300
2803	737.300
2858	737.300
3004	737.300
3044	737.300
3178	737.300
3449	737.300
3645	737.300
3704	737.300
3950	737.300
4044	737.300
4228	737.300
4376	737.300
4385	737.300
4488	737.300
4531	737.300
4607	737.300
4645	737.300
4711	737.300
4775	737.300
2778	737.400
2979	737.400
3059	737.400
3137	737.400
3169	737.400
3183	737.400
3190	737.400
3230	737.400
3311	737.400
3755	737.400
3841	737.400
3859	737.400
3900	737.400
4059	737.400
4300	737.400
4317	737.400
4348	737.400
4536	737.400
4566	737.400
4615	737.400
4750	737.400
4753	737.400
2661	737.500
2934	737.500
3221	737.500
3267	737.500
3349	737.500
3433	737.500
3549	737.500
3610	737.500
3705	737.500
4010	737.500
4211	737.500
4331	737.500
4411	737.500
4474	737.500
4646	737.500
4653	737.500
2678	737.600
2697	737.600
2718	737.600
2851	737.600
2880	737.600
2935	737.600
3126	737.600
3161	737.600
3444	737.600
3499	737.600
3531	737.600
3615	737.600
3687	737.600
3861	737.600
4067	737.600
4079	737.600
4290	737.600
4360	737.600
4463	737.600
4502	737.600
4523	737.600
4593	737.600
4652	737.600
4679	737.600
4729	737.600
4752	737.600
4821	737.600
4825	737.600
2681	737.700
2755	737.700
2943	737.700
3299	737.700
3363	737.700
3438	737.700
3495	737.700
3606	737.700
3651	737.700
3692	737.700
3717	737.700
4019	737.700
4097	737.700
4178	737.700
4251	737.700
4337	737.700
4412	737.700
4572	737.700
4578	737.700
4622	737.700
4656	737.700
4804	737.700
4831	737.700
2791	737.800
2846	737.800
2869	737.800
2919	737.800
2980	737.800
3073	737.800
3227	737.800
3370	737.800
3582	737.800
3738	737.800
3782	737.800
4046	737.800
4263	737.800
4301	737.800
4478	737.800
4654	737.800
4709	737.800
2906	737.900
3155	737.900
3284	737.900
3393	737.900
3511	737.900
3733	737.900
3763	737.900
3894	737.900
3909	737.900
3918	737.900
4133	737.900
4186	737.900
4267	737.900
4280	737.900
4354	737.900
4405	737.900
4427	737.900
4447	737.900
4480	737.900
2690	738.000
2939	738.000
3256	738.000
3541	738.000
3618	738.000
3665	738.000
3667	738.000
3694	738.000
3985	738.000
4024	738.000
4065	738.000
4126	738.000
4199	738.000
4303	738.000
4309	738.000
4330	738.000
4434	738.000
4527	738.000
4581	738.000
4602	738.000
4605	738.000
4701	738.000
2782	738.100
2910	738.100
3075	738.100
3112	738.100
3219	738.100
3313	738.100
3538	738.100
3937	738.100
3949	738.100
4093	738.100
4325	738.100
4455	738.100
4604	738.100
4710	738.100
3055	738.200
3080	738.200
3166	738.200
3264	738.200
3309	738.200
3412	738.200
3519	738.200
3629	738.200
3843	738.200
3892	738.200
3961	738.200
4184	738.200
4217	738.200
4224	738.200
4321	738.200
4353	738.200
4506	738.200
4513	738.200
4555	738.200
4700	738.200
4727	738.200
2881	738.300
3041	738.300
3239	738.300
3505	738.300
3957	738.300
3962	738.300
4095	738.300
4114	738.300
4426	738.300
4588	738.300
4599	738.300
4631	738.300
4633	738.300
4698	738.300
4722	738.300
4778	738.300
4803	738.300
2826	738.400
2913	738.400
3224	738.400
3485	738.400
3486	738.400
3628	738.400
3630	738.400
3722	738.400
4018	738.400
4233	738.400
4451	738.400
4483	738.400
4504	738.400
4511	738.400
4580	738.400
2706	738.500
2722	738.500
2977	738.500
3094	738.500
3140	738.500
3142	738.500
3215	738.500
3278	738.500
3327	738.500
3382	738.500
3458	738.500
3565	738.500
3846	738.500
3947	738.500
3954	738.500
3972	738.500
4017	738.500
4022	738.500
4090	738.500
4121	738.500
4539	738.500
4686	738.500
4741	738.500
2885	738.600
2924	738.600
3087	738.600
3218	738.600
3361	738.600
3399	738.600
3430	738.600
3550	738.600
3619	738.600
3741	738.600
3984	738.600
4125	738.600
4320	738.600
4442	738.600
4521	738.600
4584	738.600
4802	738.600
2659	738.700
2708	738.700
2750	738.700
2815	738.700
2937	738.700
3015	738.700
3065	738.700
3268	738.700
3418	738.700
3477	738.700
3611	738.700
3712	738.700
3739	738.700
3758	738.700
4040	738.700
4108	738.700
4113	738.700
4131	738.700
4139	738.700
4326	738.700
4433	738.700
4712	738.700
4740	738.700
2660	738.800
2898	738.800
3033	738.800
3116	738.800
3196	738.800
3312	738.800
3354	738.800
3498	738.800
3636	738.800
3745	738.800
3766	738.800
3808	738.800
3832	738.800
3878	738.800
3921	738.800
3941	738.800
4342	738.800
4550	738.800
4637	738.800
4731	738.800
4746	738.800
4827	738.800
2830	738.900
3060	738.900
3100	738.900
3125	738.900
3473	738.900
3666	738.900
3720	738.900
3804	738.900
4027	738.900
4165	738.900
4614	738.900
4666	738.900
4757	738.900
4799	738.900
2687	739.000
2779	739.000
2962	739.000
2991	739.000
3152	739.000
3226	739.000
3289	739.000
3301	739.000
3308	739.000
3316	739.000
3341	739.000
3377	739.000
3468	739.000
3603	739.000
3696	739.000
3907	739.000
4084	739.000
4431	739.000
4546	739.000
4785	739.000
4794	739.000
2930	739.100
3018	739.100
3127	739.100
3700	739.100
3751	739.100
3776	739.100
3874	739.100
3875	739.100
4076	739.100
4082	739.100
4156	739.100
4212	739.100
4316	739.100
4329	739.100
4392	739.100
4415	739.100
4791	739.100
3280	739.200
3532	739.200
3551	739.200
3817	739.200
3822	739.200
3960	739.200
4292	739.200
4369	739.200
4551	739.200
2740	739.300
2844	739.300
2853	739.300
2864	739.300
3160	739.300
3206	739.300
3222	739.300
3294	739.300
3482	739.300
3660	739.300
3794	739.300
3974	739.300
4469	739.300
4549	739.300
4575	739.300
2714	739.400
3202	739.400
3411	739.400
3535	739.400
3915	739.400
4176	739.400
4402	739.400
3265	739.500
4070	739.500
4475	739.500
4760	739.500
4776	739.500
2743	739.600
4254	739.600
4357	739.600
4494	739.600
4640	739.600
2693	739.700
2785	739.700
3023	739.700
3114	739.700
4333	739.700
3036	739.800
3537	739.800
3581	739.800
4094	739.800
4406	739.800
4587	739.800
4817	739.800
2764	739.900
2944	739.900
3523	739.900
4161	739.900
4225	739.900
3286	740.000
3559	740.000
3670	740.000
3889	740.000
4361	740.000
4733	740.000
2716	740.100
3708	740.100
3744	740.100
3845	740.100
4340	740.100
3621	740.200
3657	740.200
3690	740.200
3813	740.200
4075	740.200
3002	740.300
3496	740.300
3747	740.300
3783	740.300
4577	740.300
4695	740.300
4782	740.300
2767	740.400
2965	740.400
3110	740.400
3115	740.400
3117	740.400
3131	740.400
3422	740.400
3440	740.400
3587	740.400
3613	740.400
3806	740.400
3844	740.400
4015	740.400
4016	740.400
4287	740.400
3210	740.500
3525	740.500
3536	740.500
3571	740.500
3784	740.500
3852	740.500
4096	740.500
4542	740.500
4638	740.500
3850	740.600
3904	740.600
4182	740.600
4298	740.600
4312	740.600
4461	740.600
4470	740.600
4544	740.600
4661	740.600
2914	740.700
2948	740.700
3339	740.700
3460	740.700
3553	740.700
3682	740.700
4213	740.700
4378	740.700
4519	740.700
4538	740.700
2738	740.800
2745	740.800
2827	740.800
2908	740.800
3881	740.800
3905	740.800
3981	740.800
4100	740.800
4279	740.800
4509	740.800
4553	740.800
4660	740.800
4717	740.800
4724	740.800
4732	740.800
4768	740.800
4773	740.800
2652	740.900
2843	740.900
3156	740.900
3180	740.900
3684	740.900
4014	740.900
4061	740.900
4102	740.900
4152	740.900
4241	740.900
4245	740.900
2657	741.000
2870	741.000
2928	741.000
3423	741.000
3463	741.000
3951	741.000
4003	741.000
4373	741.000
3259	741.100
3364	741.100
3456	741.100
3491	741.100
3756	741.100
3916	741.100
4420	741.100
4591	741.100
4737	741.100
4815	741.100
2671	741.200
2968	741.200
2999	741.200
3369	741.200
3529	741.200
3560	741.200
3706	741.200
3724	741.200
3870	741.200
3893	741.200
4013	741.200
4043	741.200
4454	741.200
4534	741.200
4537	741.200
4559	741.200
4642	741.200
4714	741.200
2858	741.300
2921	741.300
3016	741.300
3079	741.300
3786	741.300
3802	741.300
3976	741.300
4036	741.300
4101	741.300
4194	741.300
4252	741.300
4594	741.300
4627	741.300
2728	741.400
2960	741.400
3103	741.400
3366	741.400
4237	741.400
4634	741.400
4699	741.400
3501	741.500
3752	741.500
3826	741.500
3865	741.500
4445	741.500
4490	741.500
4510	741.500
4665	741.500
4696	741.500
3324	741.600
3586	741.600
4089	741.600
4151	741.600
4354	741.600
4493	741.600
4596	741.600
4636	741.600
4833	741.600
2680	741.700
2766	741.700
2788	741.700
3017	741.700
3863	741.700
4062	741.700
4571	741.700
3270	741.800
3807	741.800
3831	741.800
3894	741.800
4177	741.800
4223	741.800
4313	741.800
4564	741.800
4738	741.800
3004	741.900
3579	741.900
3792	741.900
3975	741.900
3977	741.900
4244	741.900
4302	741.900
4482	741.900
2837	742.000
3028	742.000
3197	742.000
3448	742.000
3647	742.000
3872	742.000
4449	742.000
4489	742.000
4691	742.000
2752	742.100
3138	742.100
4150	742.100
3089	742.200
3288	742.200
3524	742.200
3914	742.200
4056	742.200
4063	742.200
4694	742.200
4770	742.200
2682	742.300
2941	742.300
2994	742.300
3054	742.300
3271	742.300
3883	742.300
3925	742.300
4395	742.300
4767	742.300
2717	742.400
3274	742.400
3755	742.400
4031	742.400
3546	742.500
3899	742.500
4317	742.500
2798	742.600
3433	742.600
4597	742.600
4811	742.600
2727	742.700
3175	742.700
3390	742.700
3464	742.700
4685	742.700
4706	742.700
4747	742.700
2979	742.800
3342	742.800
3405	742.800
3541	742.800
3674	742.800
4002	742.800
4291	742.800
4341	742.800
4403	742.800
4547	742.800
4556	742.800
4778	742.800
2742	742.900
3626	742.900
3687	742.900
4332	742.900
4344	742.900
4472	742.900
2726	743.000
2808	743.000
2969	743.000
3091	743.000
3318	743.000
3545	743.000
4149	743.000
4186	743.000
4267	743.000
4412	743.000
4618	743.000
4670	743.000
2778	743.100
3221	743.100
3466	743.100
4166	743.100
4679	743.100
4684	743.100
2885	743.200
2919	743.200
3144	743.200
3801	743.200
3937	743.200
4219	743.200
4324	743.200
4335	743.200
4460	743.200
4779	743.200
2658	743.300
3107	743.300
3853	743.300
4053	743.300
4300	743.300
4319	743.300
3377	743.400
3409	743.400
3434	743.400
3898	743.400
4581	743.400
4645	743.400
4825	743.400
2857	743.500
2915	743.500
2957	743.500
2996	743.500
3383	743.500
3481	743.500
3495	743.500
3703	743.500
3917	743.500
4356	743.500
4511	743.500
4801	743.500
4818	743.500
2688	743.600
2892	743.600
2977	743.600
3048	743.600
3049	743.600
3311	743.600
3358	743.600
4069	743.600
4158	743.600
4187	743.600
4189	743.600
4561	743.600
4657	743.600
2890	743.700
3344	743.700
3388	743.700
3652	743.700
3698	743.700
3765	743.700
3836	743.700
3960	743.700
2661	743.800
2812	743.800
2815	743.800
2938	743.800
3106	743.800
3209	743.800
3654	743.800
3738	743.800
3817	743.800
3897	743.800
3907	743.800
3964	743.800
4249	743.800
2868	743.900
3093	743.900
3582	743.900
3726	743.900
3827	743.900
3988	743.900
4598	743.900
4607	743.900
4743	743.900
3034	744.000
3224	744.000
3254	744.000
3585	744.000
3995	744.000
4786	744.000
2963	744.100
3528	744.100
3871	744.100
4251	744.100
4391	744.100
4415	744.100
4521	744.100
4794	744.100
2747	744.200
2905	744.200
3455	744.200
4006	744.200
4416	744.200
2910	744.300
3749	744.300
3854	744.300
4147	744.300
4348	744.300
4421	744.300
4462	744.300
2840	744.400
2991	744.400
3591	744.400
3796	744.400
3908	744.400
4523	744.400
4593	744.400
3680	744.500
4042	744.500
4427	744.500
4471	744.500
3351	744.600
3692	744.600
4752	744.600
2794	746.200
3942	746.200
3456	746.500
4551	746.600
3490	746.800
3865	746.900
3429	747.000
2830	747.100
4696	747.100
4753	747.100
4096	747.300
2708	747.500
3201	747.500
3503	747.500
3183	747.600
4046	747.600
4442	747.600
4044	747.700
4602	747.700
4283	747.900
4516	747.900
2869	748.000
2917	748.000
2961	748.000
3028	748.000
3904	748.100
4378	748.100
4688	748.100
3629	748.200
3732	748.200
4441	748.200
3568	748.300
3708	748.300
3741	748.300
4074	748.300
4262	748.300
2965	748.400
3859	748.400
4660	748.400
2803	748.500
3192	748.500
4113	748.500
4405	748.500
4697	748.500
2747	748.600
2915	748.600
2938	748.600
2971	748.600
3395	748.600
3647	748.600
3838	748.600
3989	748.600
4216	748.600
2816	748.700
3263	748.700
3377	748.700
3578	748.700
3615	748.700
4083	748.700
4300	748.700
4313	748.700
4577	748.700
4718	748.700
3491	748.800
3749	748.800
3811	748.800
3851	748.800
4506	748.800
4633	748.800
4794	748.800
4826	748.800
2662	748.900
2919	748.900
3043	748.900
3441	748.900
3738	748.900
3960	748.900
3964	748.900
4235	748.900
4445	748.900
2716	749.000
2740	749.000
3687	749.000
3813	749.000
4114	749.000
4166	749.000
4561	749.000
4752	749.000
3660	749.100
3671	749.100
3834	749.100
4036	749.100
4449	749.100
4458	749.100
4530	749.100
4569	749.100
2693	749.200
2732	749.200
2742	749.200
2791	749.200
2914	749.200
3126	749.200
3324	749.200
3576	749.200
3663	749.200
3763	749.200
4303	749.200
4488	749.200
4527	749.200
4672	749.200
4673	749.200
4731	749.200
2659	749.300
2776	749.300
3012	749.300
3034	749.300
3361	749.300
3364	749.300
3501	749.300
3538	749.300
3601	749.300
3695	749.300
3765	749.300
4315	749.300
4420	749.300
4437	749.300
4473	749.300
4738	749.300
2718	749.400
3125	749.400
3521	749.400
3911	749.400
4149	749.400
4401	749.400
4451	749.400
4745	749.400
2913	749.500
2924	749.500
3466	749.500
3592	749.500
3774	749.500
3876	749.500
4008	749.500
4184	749.500
4521	749.500
2675	749.600
2910	749.600
3093	749.600
3291	749.600
3744	749.600
3836	749.600
4324	749.600
4332	749.600
4734	749.600
2843	749.700
3138	749.700
3422	749.700
3481	749.700
3808	749.700
3870	749.700
3972	749.700
4058	749.700
4095	749.700
4100	749.700
4176	749.700
4191	749.700
4223	749.700
4406	749.700
4412	749.700
4491	749.700
4607	749.700
4774	749.700
4786	749.700
4842	749.700
2682	749.800
3247	749.800
3518	749.800
3918	749.800
3948	749.800
4061	749.800
4185	749.800
4620	749.800
4782	749.800
2745	749.900
2812	749.900
2885	749.900
2977	749.900
3194	749.900
3210	749.900
3230	749.900
3240	749.900
3312	749.900
3331	749.900
3483	749.900
3725	749.900
3766	749.900
3847	749.900
3913	749.900
3937	749.900
3951	749.900
4033	749.900
4147	749.900
4170	749.900
4310	749.900
4348	749.900
4439	749.900
4576	749.900
4684	749.900
4811	749.900
4835	749.900
2788	750.000
2806	750.000
2868	750.000
3105	750.000
3197	750.000
3318	750.000
3690	750.000
3778	750.000
3781	750.000
4054	750.000
4186	750.000
4202	750.000
4462	750.000
4510	750.000
2840	750.100
2904	750.100
2987	750.100
2994	750.100
3381	750.100
3399	750.100
3776	750.100
3966	750.100
4024	750.100
4042	750.100
4069	750.100
4195	750.100
4250	750.100
4252	750.100
4501	750.100
4515	750.100
4724	750.100
4733	750.100
2800	750.200
3004	750.200
3266	750.200
3286	750.200
3525	750.200
3536	750.200
3585	750.200
3682	750.200
3900	750.200
4053	750.200
4070	750.200
4229	750.200
4427	750.200
4581	750.200
4591	750.200
4594	750.200
4598	750.200
4784	750.200
2687	750.300
2957	750.300
3091	750.300
3112	750.300
3528	750.300
3654	750.300
3758	750.300
3840	750.300
3956	750.300
4286	750.300
4369	750.300
4407	750.300
4596	750.300
4701	750.300
2679	750.400
2704	750.400
2771	750.400
2794	750.400
3075	750.400
3224	750.400
3311	750.400
3371	750.400
3514	750.400
3556	750.400
3897	750.400
3941	750.400
3995	750.400
4305	750.400
4638	750.400
4708	750.400
2890	750.500
3008	750.500
3016	750.500
3032	750.500
3089	750.500
3122	750.500
3370	750.500
3396	750.500
3492	750.500
3721	750.500
3736	750.500
3742	750.500
3855	750.500
3858	750.500
4049	750.500
4158	750.500
4244	750.500
4331	750.500
4478	750.500
4575	750.500
4654	750.500
4736	750.500
2744	750.600
2883	750.600
3002	750.600
3094	750.600
3123	750.600
3164	750.600
3397	750.600
3550	750.600
3717	750.600
3733	750.600
3818	750.600
3947	750.600
3949	750.600
4015	750.600
4137	750.600
4302	750.600
4447	750.600
4675	750.600
4719	750.600
2703	750.700
2798	750.700
2818	750.700
2858	750.700
2963	750.700
3029	750.700
3133	750.700
3209	750.700
3219	750.700
3388	750.700
3414	750.700
3496	750.700
3608	750.700
3614	750.700
3755	750.700
3892	750.700
3925	750.700
4004	750.700
4329	750.700
4529	750.700
2752	750.800
2765	750.800
2888	750.800
3046	750.800
3049	750.800
3107	750.800
3277	750.800
3456	750.800
3670	750.800
3861	750.800
3962	750.800
4089	750.800
4102	750.800
4251	750.800
4464	750.800
4494	750.800
4546	750.800
4634	750.800
4642	750.800
4732	750.800
4768	750.800
4830	750.800
2656	750.900
2707	750.900
2755	750.900
2785	750.900
2934	750.900
3117	750.900
3172	750.900
3186	750.900
3216	750.900
3237	750.900
3358	750.900
3383	750.900
3418	750.900
3537	750.900
3591	750.900
3628	750.900
3652	750.900
3686	750.900
3894	750.900
3907	750.900
3953	750.900
3988	750.900
4172	750.900
4206	750.900
4282	750.900
4428	750.900
4470	750.900
4477	750.900
4539	750.900
4544	750.900
4593	750.900
4612	750.900
4641	750.900
4674	750.900
4760	750.900
4776	750.900
4838	750.900
2700	751.000
2738	751.000
2768	751.000
2880	751.000
2952	751.000
3017	751.000
3048	751.000
3083	751.000
3156	751.000
3162	751.000
3202	751.000
3315	751.000
3540	751.000
3548	751.000
3582	751.000
3659	751.000
3692	751.000
3712	751.000
3747	751.000
3804	751.000
4212	751.000
4217	751.000
4233	751.000
4254	751.000
4385	751.000
4460	751.000
4547	751.000
4694	751.000
4735	751.000
4801	751.000
2677	751.100
2723	751.100
2834	751.100
2895	751.100
2928	751.100
2950	751.100
3067	751.100
3106	751.100
3108	751.100
3136	751.100
3254	751.100
3278	751.100
3342	751.100
3372	751.100
3410	751.100
3488	751.100
3617	751.100
3674	751.100
3700	751.100
3788	751.100
3817	751.100
4145	751.100
4270	751.100
4338	751.100
4344	751.100
4536	751.100
4619	751.100
4628	751.100
4645	751.100
4649	751.100
4689	751.100
4761	751.100
4822	751.100
4829	751.100
4833	751.100
2763	751.200
2764	751.200
2815	751.200
2836	751.200
2899	751.200
2903	751.200
2942	751.200
3033	751.200
3086	751.200
3294	751.200
3385	751.200
3444	751.200
3462	751.200
3559	751.200
3794	751.200
3796	751.200
3977	751.200
4080	751.200
4084	751.200
4189	751.200
4389	751.200
4434	751.200
4471	751.200
4489	751.200
4511	751.200
4818	751.200
2654	751.300
2728	751.300
2845	751.300
2907	751.300
3011	751.300
3039	751.300
3103	751.300
3187	751.300
3344	751.300
3445	751.300
3519	751.300
3545	751.300
3549	751.300
3571	751.300
3611	751.300
3623	751.300
3707	751.300
3726	751.300
3769	751.300
3971	751.300
4001	751.300
4123	751.300
4151	751.300
4230	751.300
4272	751.300
4295	751.300
4319	751.300
4395	751.300
4454	751.300
4461	751.300
4604	751.300
4639	751.300
4667	751.300
4690	751.300
4785	751.300
2847	751.400
2857	751.400
2864	751.400
2933	751.400
2953	751.400
3295	751.400
3314	751.400
3320	751.400
3369	751.400
3561	751.400
3586	751.400
3626	751.400
3694	751.400
3706	751.400
3718	751.400
3720	751.400
3828	751.400
3845	751.400
3862	751.400
3865	751.400
3898	751.400
3908	751.400
3922	751.400
4006	751.400
4013	751.400
4017	751.400
4056	751.400
4075	751.400
4119	751.400
4124	751.400
4237	751.400
4268	751.400
4287	751.400
4322	751.400
4328	751.400
4606	751.400
4661	751.400
4764	751.400
2762	751.500
2984	751.500
3023	751.500
3055	751.500
3142	751.500
3345	751.500
3391	751.500
3498	751.500
3511	751.500
3520	751.500
3703	751.500
3739	751.500
3740	751.500
3802	751.500
3809	751.500
3997	751.500
4021	751.500
4154	751.500
4179	751.500
4231	751.500
4232	751.500
4492	751.500
4555	751.500
4643	751.500
4657	751.500
4668	751.500
4707	751.500
4806	751.500
2782	751.600
2797	751.600
2844	751.600
2855	751.600
2943	751.600
3363	751.600
3379	751.600
3419	751.600
3546	751.600
3673	751.600
3675	751.600
3728	751.600
4016	751.600
4101	751.600
4152	751.600
4312	751.600
4318	751.600
4382	751.600
4653	751.600
4693	751.600
4799	751.600
2781	751.700
2889	751.700
3111	751.700
3119	751.700
3308	751.700
3405	751.700
3524	751.700
3544	751.700
4025	751.700
4257	751.700
4377	751.700
4438	751.700
4533	751.700
4570	751.700
4648	751.700
4702	751.700
4775	751.700
2695	751.800
2898	751.800
3015	751.800
3583	751.800
3843	751.800
3903	751.800
4094	751.800
4177	751.800
4190	751.800
4194	751.800
4249	751.800
4360	751.800
4622	751.800
4750	751.800
4800	751.800
2743	751.900
2892	751.900
2972	751.900
2989	751.900
2991	751.900
3140	751.900
3220	751.900
3450	751.900
3495	751.900
3680	751.900
3826	751.900
3938	751.900
4298	751.900
4670	751.900
4791	751.900
2862	752.000
2874	752.000
2965	752.000
2974	752.000
3028	752.000
3261	752.000
3382	752.000
3386	752.000
3602	752.000
3715	752.000
3724	752.000
4030	752.000
4248	752.000
4589	752.000
4597	752.000
2678	752.100
2929	752.100
3003	752.100
3044	752.100
3065	752.100
3152	752.100
3505	752.100
3603	752.100
3752	752.100
3931	752.100
4046	752.100
4391	752.100
4748	752.100
2676	752.200
2962	752.200
3036	752.200
3041	752.200
3180	752.200
3296	752.200
3348	752.200
3568	752.200
4175	752.200
4483	752.200
4523	752.200
4563	752.200
4740	752.200
4767	752.200
2935	752.300
3246	752.300
3268	752.300
3499	752.300
3786	752.300
3939	752.300
4174	752.300
4301	752.300
4463	752.300
4664	752.300
4677	752.300
4695	752.300
2848	752.400
2973	752.400
3151	752.400
3783	752.400
2829	752.500
3009	752.500
3147	752.500
3516	752.500
3882	752.500
4020	752.500
4291	752.500
4618	752.500
4794	752.500
3080	752.600
3701	752.600
4592	752.600
4827	752.600
2773	752.700
3099	752.700
4553	752.700
4120	752.800
4424	752.800
2694	752.900
2919	752.900
3338	752.900
3920	752.900
4646	752.900
2941	753.000
3144	753.000
3170	753.000
4326	753.000
4506	753.000
2961	753.100
3010	753.100
3838	753.100
4063	753.100
4614	753.100
3377	753.200
4090	753.200
4113	753.200
4481	753.200
2826	753.300
3430	753.300
4150	753.300
4717	753.300
2808	753.400
3131	753.400
3376	753.400
3429	753.400
3613	753.400
4082	753.400
3738	753.500
3914	753.500
4573	753.500
4578	753.500
2716	753.600
2851	753.600
3883	753.600
3919	753.600
4036	753.600
4167	753.600
4577	753.600
4662	753.600
4663	753.600
4754	753.600
2778	753.700
4010	753.700
4105	753.700
4219	753.700
4275	753.700
4602	753.700
4779	753.700
2794	753.800
3096	753.800
3428	753.800
3693	753.800
3942	753.800
4359	753.800
2790	753.900
2812	753.900
2886	753.900
3354	753.900
3645	753.900
4211	753.900
4826	753.900
3129	754.000
3438	754.000
3553	754.000
3665	754.000
3827	754.000
4241	754.000
4325	754.000
4476	754.000
4821	754.000
2938	754.100
2979	754.100
3018	754.100
3063	754.100
3264	754.100
3541	754.100
3822	754.100
4279	754.100
4384	754.100
2708	754.200
3632	754.200
3854	754.200
3960	754.200
4401	754.200
4737	754.200
4840	754.200
3221	754.300
3263	754.300
3282	754.300
3409	754.300
3581	754.300
4027	754.300
4079	754.300
4178	754.300
4265	754.300
4472	754.300
4571	754.300
4660	754.300
4724	754.300
2793	754.400
2914	754.400
3002	754.400
3367	754.400
3413	754.400
3434	754.400
3598	754.400
3749	754.400
3812	754.400
4308	754.400
4782	754.400
2690	754.500
2915	754.500
3566	754.500
4032	754.500
4143	754.500
4348	754.500
4513	754.500
4817	754.500
2788	754.600
3341	754.600
3530	754.600
3773	754.600
3904	754.600
4752	754.600
4792	754.600
2944	754.700
3297	754.700
3383	754.700
3481	754.700
3618	754.700
3957	754.700
4026	754.700
4093	754.700
4223	754.700
4416	754.700
4587	754.700
4655	754.700
4746	754.700
3612	754.800
3842	754.800
3952	754.800
4168	754.800
2661	754.900
2902	754.900
2969	754.900
3667	754.900
3804	754.900
4443	754.900
4480	754.900
4486	754.900
4561	754.900
4580	754.900
4751	754.900
2714	755.000
3226	755.000
3578	755.000
3890	755.000
4378	755.000
3034	755.100
3708	755.100
3800	755.100
4187	755.100
4584	755.100
4611	755.100
2761	755.200
3136	755.200
3210	755.200
3630	755.200
4121	755.200
4133	755.200
4283	755.200
4390	755.200
4700	755.200
4729	755.200
2742	755.300
3222	755.300
3705	755.300
4062	755.300
4551	755.300
2780	755.400
2830	755.400
3696	755.400
3817	755.400
3836	755.400
4172	755.400
4191	755.400
4254	755.400
4672	755.400
4725	755.400
3089	755.500
3449	755.500
3522	755.500
4344	755.500
4415	755.500
4539	755.500
4661	755.500
4676	755.500
4726	755.500
2968	755.600
3380	755.600
3388	755.600
3441	755.600
3874	755.600
3937	755.600
4164	755.600
4524	755.600
2675	755.700
2827	755.700
2839	755.700
3146	755.700
3615	755.700
3859	755.700
3964	755.700
4053	755.700
4122	755.700
4490	755.700
4493	755.700
4519	755.700
4569	755.700
4656	755.700
4710	755.700
2760	755.800
2879	755.800
3048	755.800
3311	755.800
3703	755.800
3744	755.800
3958	755.800
4134	755.800
4428	755.800
4591	755.800
4745	755.800
2671	755.900
3011	755.900
3102	755.900
3183	755.900
3366	755.900
3487	755.900
3496	755.900
3663	755.900
3674	755.900
3865	755.900
3955	755.900
4166	755.900
4273	755.900
4366	755.900
4475	755.900
4545	755.900
2705	756.000
2740	756.000
3295	756.000
3358	756.000
3517	756.000
3562	756.000
3753	756.000
3777	756.000
3809	756.000
3834	756.000
3999	756.000
4151	756.000
4335	756.000
4349	756.000
4437	756.000
4509	756.000
4761	756.000
2801	756.100
2846	756.100
2967	756.100
3196	756.100
3440	756.100
3580	756.100
3611	756.100
3664	756.100
3681	756.100
3700	756.100
3798	756.100
3801	756.100
3985	756.100
3986	756.100
4059	756.100
4096	756.100
4434	756.100
4599	756.100
4711	756.100
4731	756.100
4753	756.100
4825	756.100
2697	756.200
2920	756.200
2928	756.200
3120	756.200
3270	756.200
3412	756.200
3579	756.200
3953	756.200
4098	756.200
4189	756.200
4250	756.200
4607	756.200
4742	756.200
2752	756.300
2768	756.300
2930	756.300
2971	756.300
3014	756.300
3061	756.300
3242	756.300
3250	756.300
3353	756.300
3461	756.300
3546	756.300
3551	756.300
3720	756.300
3756	756.300
3797	756.300
3995	756.300
4024	756.300
4267	756.300
4382	756.300
4527	756.300
4556	756.300
4654	756.300
4696	756.300
2840	756.400
2868	756.400
2870	756.400
3267	756.400
3274	756.400
3276	756.400
3314	756.400
3331	756.400
3340	756.400
3491	756.400
3531	756.400
3550	756.400
3682	756.400
3702	756.400
3776	756.400
3796	756.400
3900	756.400
3949	756.400
3950	756.400
4073	756.400
4100	756.400
4115	756.400
4160	756.400
4197	756.400
4256	756.400
4300	756.400
4604	756.400
4777	756.400
2747	756.500
2883	756.500
2996	756.500
3160	756.500
3202	756.500
3247	756.500
3503	756.500
3670	756.500
3695	756.500
3808	756.500
3828	756.500
3831	756.500
3832	756.500
3902	756.500
3922	756.500
4244	756.500
4353	756.500
4354	756.500
4364	756.500
4373	756.500
4445	756.500
4451	756.500
4739	756.500
4813	756.500
2654	756.600
2777	756.600
2837	756.600
2877	756.600
3055	756.600
3317	756.600
3347	756.600
3405	756.600
3482	756.600
3494	756.600
3524	756.600
3532	756.600
3659	756.600
3715	756.600
3787	756.600
3915	756.600
3987	756.600
4043	756.600
4088	756.600
4460	756.600
4639	756.600
4699	756.600
4708	756.600
4786	756.600
4799	756.600
4838	756.600
2745	756.700
2874	756.700
2912	756.700
2966	756.700
3032	756.700
3098	756.700
3200	756.700
3217	756.700
3249	756.700
3376	756.700
3399	756.700
3556	756.700
3643	756.700
3725	756.700
3732	756.700
3814	756.700
3846	756.700
3870	756.700
3893	756.700
3966	756.700
4186	756.700
4361	756.700
4537	756.700
4544	756.700
4620	756.700
4633	756.700
4638	756.700
4679	756.700
4704	756.700
4722	756.700
4755	756.700
2656	756.800
2663	756.800
2795	756.800
2901	756.800
2950	756.800
2987	756.800
3029	756.800
3049	756.800
3107	756.800
3108	756.800
3345	756.800
3454	756.800
3518	756.800
3523	756.800
3583	756.800
3694	756.800
3826	756.800
3840	756.800
3897	756.800
3970	756.800
3972	756.800
4069	756.800
4177	756.800
4227	756.800
4290	756.800
4589	756.800
4684	756.800
2693	756.900
2890	756.900
3143	756.900
3230	756.900
3466	756.900
3717	756.900
3794	756.900
3927	756.900
4247	756.900
4389	756.900
4402	756.900
4441	756.900
4563	756.900
4590	756.900
2652	757.000
2728	757.000
2785	757.000
2858	757.000
2904	757.000
3371	757.000
3379	757.000
3417	757.000
3483	757.000
3763	757.000
3931	757.000
4075	757.000
4123	757.000
4169	757.000
4303	757.000
4394	757.000
4500	757.000
4804	757.000
4811	757.000
2910	757.100
2972	757.100
3028	757.100
3079	757.100
3423	757.100
3492	757.100
3519	757.100
3586	757.100
3617	757.100
3677	757.100
3770	757.100
3791	757.100
3912	757.100
3919	757.100
3925	757.100
3974	757.100
4185	757.100
4596	757.100
4697	757.100
4747	757.100
2965	757.200
3075	757.200
3091	757.200
3514	757.200
4076	757.200
4113	757.200
4116	757.200
4642	757.200
4650	757.200
4789	757.200
4829	757.200
2864	757.300
2934	757.300
2961	757.300
3631	757.300
3654	757.300
3733	757.300
3743	757.300
3747	757.300
3858	757.300
4108	757.300
4317	757.300
4447	757.300
4581	757.300
4594	757.300
2679	757.400
2732	757.400
2918	757.400
3246	757.400
3254	757.400
3844	757.400
4017	757.400
4239	757.400
4331	757.400
4412	757.400
4442	757.400
4471	757.400
4526	757.400
4820	757.400
2731	757.500
3178	757.500
3299	757.500
3571	757.500
3597	757.500
3841	757.500
4002	757.500
4084	757.500
4212	757.500
4277	757.500
4510	757.500
4518	757.500
4643	757.500
4770	757.500
3172	757.600
3313	757.600
3342	757.600
3718	757.600
3739	757.600
4015	757.600
4202	757.600
4709	757.600
2718	757.700
3043	757.700
3123	757.700
3697	757.700
3775	757.700
4196	757.700
4671	757.700
3220	757.800
3687	757.800
3734	757.800
4074	757.800
4114	757.800
4199	757.800
4252	757.800
4517	757.800
4559	757.800
2763	757.900
3117	757.900
3576	757.900
4217	757.900
4272	757.900
4597	757.900
4732	757.900
2657	758.000
3513	758.000
3755	758.000
3879	758.000
4008	758.000
4152	758.000
4158	758.000
4180	758.000
4427	758.000
4502	758.000
4533	758.000
2707	758.100
2862	758.100
3004	758.100
3332	758.100
3395	758.100
3433	758.100
3573	758.100
3766	758.100
3830	758.100
3851	758.100
4025	758.100
4042	758.100
4044	758.100
4433	758.100
4657	758.100
2800	758.200
3468	758.200
3626	758.200
3728	758.200
4102	758.200
4198	758.200
4229	758.200
4262	758.200
2753	758.300
2829	758.300
3152	758.300
3559	758.300
3568	758.300
3608	758.300
3910	758.300
3991	758.300
4126	758.300
4285	758.300
4515	758.300
4802	758.300
2708	758.400
3044	758.400
3114	758.400
3377	758.400
3883	758.400
4037	758.400
4174	758.400
4251	758.400
2866	758.500
2885	758.500
2955	758.500
2995	758.500
3041	758.500
3112	758.500
3122	758.500
3444	758.500
3778	758.500
3898	758.500
4243	758.500
4332	758.500
4658	758.500
4717	758.500
2691	758.600
3082	758.600
3131	758.600
3180	758.600
3474	758.600
3601	758.600
3781	758.600
4070	758.600
4359	758.600
4529	758.600
4636	758.600
4766	758.600
4821	758.600
4842	758.600
2892	758.700
3147	758.700
3263	758.700
3977	758.700
4396	758.700
4653	758.700
4701	758.700
4785	758.700
4794	758.700
4815	758.700
2765	758.800
2771	758.800
2810	758.800
2815	758.800
2853	758.800
2911	758.800
3355	758.800
3365	758.800
3813	758.800
3992	758.800
4085	758.800
4176	758.800
4494	758.800
4627	758.800
4724	758.800
4790	758.800
2867	758.900
3003	758.900
3281	758.900
3382	758.900
3488	758.900
3827	758.900
3861	758.900
4033	758.900
4061	758.900
4295	758.900
4646	758.900
4760	758.900
3015	759.000
3116	759.000
3138	759.000
3184	759.000
3359	759.000
3493	759.000
3811	759.000
4286	759.000
4411	759.000
4553	759.000
4744	759.000
4775	759.000
4798	759.000
2716	759.100
2776	759.100
2788	759.100
3256	759.100
3344	759.100
3425	759.100
3528	759.100
3555	759.100
3788	759.100
3939	759.100
4292	759.100
4421	759.100
4617	759.100
4809	759.100
2741	759.200
2794	759.200
2844	759.200
2952	759.200
3115	759.200
3537	759.200
3758	759.200
3941	759.200
4181	759.200
4483	759.200
4764	759.200
4836	759.200
2764	759.300
2812	759.300
2915	759.300
3248	759.300
3633	759.300
3924	759.300
4194	759.300
4296	759.300
4333	759.300
4718	759.300
2984	759.400
2991	759.400
3561	759.400
3641	759.400
3907	759.400
4178	759.400
4417	759.400
4591	759.400
4595	759.400
2659	759.500
2713	759.500
2816	759.500
2820	759.500
2974	759.500
3103	759.500
3422	759.500
3606	759.500
4246	759.500
4516	759.500
4592	759.500
4736	759.500
2836	759.600
2905	759.600
3109	759.600
3759	759.600
3909	759.600
3918	759.600
4148	759.600
4150	759.600
4586	759.600
4767	759.600
2658	759.700
2758	759.700
3130	759.700
3219	759.700
3971	759.700
4395	759.700
4778	759.700
2687	759.800
2827	759.800
3286	759.800
3450	759.800
3591	759.800
3942	759.800
4305	759.800
4738	759.800
2900	759.900
3113	759.900
3629	759.900
4680	759.900
2682	760.000
2919	760.000
3278	760.000
3530	760.000
3582	760.000
4233	760.000
4391	760.000
4615	760.000
2979	760.100
3094	760.100
3584	760.100
3903	760.100
4753	760.100
2782	760.200
3155	760.200
3448	760.200
4282	760.200
4475	760.200
2803	760.300
2924	760.300
3416	760.300
3434	760.300
3706	760.300
4462	760.300
4674	760.300
3703	760.400
3875	760.400
3146	760.500
4539	760.500
3058	760.600
3067	760.600
4602	760.600
4670	760.600
4714	760.600
3370	760.700
3438	760.700
4216	760.700
3453	760.800
3565	760.800
3664	760.800
3854	760.800
4382	760.800
2677	760.900
2727	760.900
2938	760.900
3175	760.900
3674	760.900
4573	760.900
4675	760.900
4752	761.000
2791	761.100
3801	761.100
4660	761.100
2935	761.200
3034	761.200
3247	761.200
3670	761.200
3315	761.300
4716	761.300
3093	761.500
3521	761.500
4095	761.500
3693	761.600
3779	761.600
3989	761.600
4360	761.600
4677	761.600
3490	761.700
3738	761.700
3089	762.000
3865	762.000
3817	762.400
4348	762.400
2874	763.800
3945	763.900
3501	764.400
4544	764.400
2661	764.600
4607	764.600
3786	764.700
3914	764.800
2742	765.000
2919	765.100
3028	765.100
4731	765.100
3429	765.500
3834	765.500
3278	765.600
4300	765.600
2773	765.700
4223	765.700
2740	765.900
3222	765.900
4559	765.900
2745	766.000
2971	766.000
4114	766.000
4660	766.000
3077	766.100
3294	766.100
4147	766.200
3210	766.300
3496	766.300
4332	766.300
4794	766.300
3122	766.400
3430	766.400
3938	766.400
4189	766.400
4602	766.400
3144	766.500
3541	766.500
4382	766.500
4560	766.500
3023	766.600
3311	766.600
3693	766.600
4030	766.600
4378	766.600
4488	766.600
4661	766.600
4718	766.600
2708	766.700
2914	766.700
2962	766.700
3093	766.700
3125	766.700
3226	766.700
3491	766.700
3708	766.700
3924	766.700
3989	766.700
4577	766.700
2716	766.800
2803	766.800
4195	766.800
3044	766.900
4200	766.900
4254	766.900
4427	766.900
4500	766.900
3055	767.000
4095	767.000
4100	767.000
2727	767.100
3466	767.100
3484	767.100
3684	767.100
3711	767.100
3964	767.100
4172	767.100
4249	767.100
4445	767.100
2679	767.200
2830	767.200
2924	767.200
2965	767.200
2991	767.200
3288	767.200
3405	767.200
3422	767.200
4237	767.200
4506	767.200
4576	767.200
4591	767.200
4791	767.200
3138	767.300
3314	767.300
3948	767.300
4217	767.300
4393	767.300
4710	767.300
4752	767.300
4811	767.300
2677	767.400
3007	767.400
3418	767.400
3584	767.400
3951	767.400
3987	767.400
4584	767.400
4821	767.400
2687	767.500
2797	767.500
2873	767.500
3094	767.500
3183	767.500
3663	767.500
4061	767.500
4305	767.500
4775	767.500
3018	767.600
3180	767.600
3633	767.600
3674	767.600
3995	767.600
4056	767.600
4276	767.600
4561	767.600
2791	767.700
2885	767.700
3080	767.700
3331	767.700
3369	767.700
3682	767.700
3855	767.700
3988	767.700
4054	767.700
4606	767.700
4672	767.700
2658	767.800
3339	767.800
3925	767.800
3974	767.800
4024	767.800
4186	767.800
4194	767.800
4232	767.800
4348	767.800
4494	767.800
4515	767.800
4555	767.800
4799	767.800
2999	767.900
3410	767.900
3440	767.900
3576	767.900
3588	767.900
3592	767.900
3626	767.900
3763	767.900
4044	767.900
4124	767.900
4360	767.900
4593	767.900
4596	767.900
4778	767.900
2800	768.000
2850	768.000
3106	768.000
3316	768.000
3692	768.000
3778	768.000
3972	768.000
4003	768.000
4074	768.000
4354	768.000
4442	768.000
4449	768.000
4590	768.000
4753	768.000
4800	768.000
2935	768.100
2943	768.100
2979	768.100
3004	768.100
3366	768.100
3525	768.100
3629	768.100
3694	768.100
3796	768.100
3841	768.100
3843	768.100
4460	768.100
4575	768.100
4684	768.100
4761	768.100
2738	768.200
2938	768.200
3156	768.200
3286	768.200
3315	768.200
3460	768.200
3495	768.200
3516	768.200
3581	768.200
3680	768.200
3718	768.200
3863	768.200
3958	768.200
4310	768.200
4407	768.200
4598	768.200
2693	768.300
2870	768.300
3380	768.300
3382	768.300
3773	768.300
3918	768.300
3966	768.300
4036	768.300
4461	768.300
4510	768.300
4573	768.300
4658	768.300
4826	768.300
2798	768.400
2840	768.400
2963	768.400
3197	768.400
3249	768.400
3376	768.400
3399	768.400
3853	768.400
4017	768.400
4158	768.400
4302	768.400
4316	768.400
4329	768.400
4447	768.400
4491	768.400
4679	768.400
4700	768.400
4704	768.400
2654	768.500
2917	768.500
2977	768.500
3067	768.500
3140	768.500
3224	768.500
3381	768.500
3438	768.500
3695	768.500
3741	768.500
3758	768.500
3788	768.500
3817	768.500
4076	768.500
4178	768.500
4489	768.500
4546	768.500
4745	768.500
2703	768.600
3015	768.600
3049	768.600
3085	768.600
3230	768.600
3446	768.600
3630	768.600
3836	768.600
3915	768.600
4113	768.600
4177	768.600
4313	768.600
4401	768.600
4416	768.600
4714	768.600
2760	768.700
2910	768.700
3110	768.700
3772	768.700
3794	768.700
3802	768.700
4093	768.700
4170	768.700
4220	768.700
4792	768.700
2961	768.800
3095	768.800
3131	768.800
3247	768.800
3318	768.800
3579	768.800
3613	768.800
3753	768.800
3865	768.800
3912	768.800
4701	768.800
2808	768.900
3083	768.900
3274	768.900
3456	768.900
3499	768.900
3548	768.900
3670	768.900
3710	768.900
3875	768.900
3941	768.900
4137	768.900
4366	768.900
4645	768.900
2858	769.000
3011	769.000
3186	769.000
3257	769.000
3383	769.000
3591	769.000
3690	769.000
3893	769.000
3929	769.000
2815	769.100
2862	769.100
2874	769.100
2903	769.100
2934	769.100
3028	769.100
3209	769.100
3960	769.100
4295	769.100
2915	769.200
3051	769.200
3769	769.200
3975	769.200
4190	769.200
4312	769.200
4551	769.200
4604	769.200
4790	769.200
2829	769.300
3119	769.300
3123	769.300
3146	769.300
3155	769.300
3277	769.300
3453	769.300
3544	769.300
3665	769.300
3809	769.300
4166	769.300
4262	769.300
4471	769.300
4578	769.300
4635	769.300
4726	769.300
2832	769.400
3045	769.400
3263	769.400
3275	769.400
3355	769.400
3740	769.400
3747	769.400
3755	769.400
4096	769.400
4154	769.400
4247	769.400
4328	769.400
4451	769.400
4612	769.400
4696	769.400
4768	769.400
2778	769.500
2948	769.500
3378	769.500
3524	769.500
3628	769.500
3821	769.500
3870	769.500
3908	769.500
4001	769.500
4020	769.500
4361	769.500
4739	769.500
2816	769.600
3379	769.600
3409	769.600
3455	769.600
3561	769.600
3733	769.600
4420	769.600
4594	769.600
4634	769.600
2660	769.700
2987	769.700
3296	769.700
3397	769.700
3416	769.700
3477	769.700
3478	769.700
3884	769.700
3903	769.700
3904	769.700
3911	769.700
4108	769.700
4244	769.700
4729	769.700
4738	769.700
2773	769.800
2812	769.800
2825	769.800
3107	769.800
3371	769.800
4160	769.800
4282	769.800
2705	769.900
2743	769.900
3079	769.900
3130	769.900
3348	769.900
3562	769.900
3601	769.900
3691	769.900
3827	769.900
3977	769.900
3991	769.900
4145	769.900
4470	769.900
4654	769.900
4779	769.900
2818	770.000
2888	770.000
3237	770.000
3254	770.000
3341	770.000
3834	770.000
3971	770.000
4082	770.000
4493	770.000
2768	770.100
2919	770.100
3010	770.100
3377	770.100
3481	770.100
3602	770.100
3838	770.100
3957	770.100
4008	770.100
4013	770.100
4090	770.100
4121	770.100
4588	770.100
4618	770.100
4693	770.100
4732	770.100
2801	770.200
3386	770.200
3556	770.200
3704	770.200
3736	770.200
3840	770.200
3942	770.200
4284	770.200
4300	770.200
4439	770.200
4518	770.200
4523	770.200
4742	770.200
2901	770.300
2918	770.300
2920	770.300
3445	770.300
3703	770.300
3814	770.300
4266	770.300
4458	770.300
4716	770.300
4750	770.300
2836	770.400
2959	770.400
3136	770.400
3603	770.400
3688	770.400
3786	770.400
4057	770.400
4553	770.400
4653	770.400
4699	770.400
2747	770.500
3538	770.500
3568	770.500
3811	770.500
3914	770.500
3919	770.500
4219	770.500
4632	770.500
4712	770.500
4724	770.500
3003	770.600
3364	770.600
3759	770.600
4042	770.600
4478	770.600
2799	770.700
2962	770.700
3608	770.700
3846	770.700
3851	770.700
3937	770.700
4179	770.700
4784	770.700
2994	770.800
3291	770.800
3783	770.800
4283	770.800
4807	770.800
3617	770.900
3923	770.900
3939	770.900
4516	770.900
3448	771.000
3744	771.000
4216	771.000
4675	771.000
2707	771.100
3454	771.100
4002	771.100
4428	771.100
2781	771.200
2788	771.200
3012	771.200
3822	771.200
3826	771.200
4241	771.200
4344	771.200
4501	771.200
3084	771.300
3687	771.300
4268	771.300
3037	771.500
3859	771.500
3989	771.500
4144	771.500
4176	771.500
4309	771.500
4415	771.500
4649	771.500
2708	771.600
3221	771.600
4250	771.600
4718	771.600
2728	771.700
3518	771.700
3905	771.700
3034	771.800
3071	771.800
3503	771.800
4319	771.800
4406	771.800
4641	771.800
2991	771.900
3172	771.900
3175	771.900
3281	771.900
3492	771.900
3566	771.900
3997	771.900
4587	771.900
4663	771.900
4677	771.900
4706	771.900
2675	772.000
2968	772.000
3578	772.000
3611	772.000
3632	772.000
4224	772.000
4301	772.000
3246	772.100
3555	772.100
3804	772.100
4033	772.100
4239	772.100
4495	772.100
4581	772.100
4755	772.100
2972	772.200
3032	772.200
3449	772.200
4511	772.200
2724	772.300
2928	772.300
2930	772.300
3294	772.300
3956	772.300
4433	772.300
4506	772.300
4556	772.300
4722	772.300
4733	772.300
3721	772.400
3899	772.400
4508	772.400
4764	772.400
4813	772.400
2716	772.500
3269	772.500
3359	772.500
3441	772.500
3813	772.500
4094	772.500
4197	772.500
4378	772.500
4544	772.500
3336	772.600
3598	772.600
3850	772.600
4100	772.600
4125	772.600
3152	772.700
3423	772.700
3606	772.700
3615	772.700
3940	772.700
4069	772.700
4210	772.700
4364	772.700
4395	772.700
4536	772.700
4694	772.700
4772	772.700
4794	772.700
4826	772.700
2931	772.800
3147	772.800
3220	772.800
3626	772.800
4180	772.800
4211	772.800
2723	772.900
2834	772.900
3196	772.900
3432	772.900
3495	772.900
4021	772.900
4181	772.900
4335	772.900
4369	772.900
4589	772.900
4660	772.900
4737	772.900
4821	772.900
2771	773.000
2869	773.000
2894	773.000
2906	773.000
2966	773.000
3122	773.000
3303	773.000
3370	773.000
3489	773.000
3662	773.000
3766	773.000
3784	773.000
3873	773.000
4838	773.000
2831	773.100
2884	773.100
2904	773.100
3080	773.100
3215	773.100
3261	773.100
3264	773.100
3422	773.100
3488	773.100
3715	773.100
4031	773.100
4245	773.100
4256	773.100
4441	773.100
4596	773.100
2661	773.200
2843	773.200
2886	773.200
4053	773.200
4081	773.200
4083	773.200
4102	773.200
4598	773.200
4760	773.200
2656	773.300
2659	773.300
2782	773.300
2864	773.300
2965	773.300
3055	773.300
3240	773.300
3708	773.300
3900	773.300
3916	773.300
4184	773.300
4614	773.300
4786	773.300
2905	773.400
2957	773.400
3427	773.400
3486	773.400
3537	773.400
3752	773.400
3920	773.400
4230	773.400
4354	773.400
4435	773.400
4562	773.400
4679	773.400
4735	773.400
4740	773.400
4825	773.400
2827	773.500
2877	773.500
2910	773.500
3361	773.500
3421	773.500
3499	773.500
3695	773.500
3738	773.500
3756	773.500
3874	773.500
3922	773.500
4027	773.500
4123	773.500
4158	773.500
4185	773.500
4213	773.500
4231	773.500
4464	773.500
4830	773.500
2779	773.600
3075	773.600
3292	773.600
3787	773.600
3801	773.600
3960	773.600
3995	773.600
4061	773.600
4072	773.600
4275	773.600
4324	773.600
4481	773.600
4561	773.600
4577	773.600
4654	773.600
2892	773.700
2952	773.700
3002	773.700
3017	773.700
3048	773.700
3099	773.700
3160	773.700
3313	773.700
3358	773.700
3657	773.700
4036	773.700
4150	773.700
4189	773.700
4229	773.700
4418	773.700
4476	773.700
4555	773.700
4580	773.700
4766	773.700
4773	773.700
2786	773.800
2865	773.800
2868	773.800
3158	773.800
3183	773.800
3214	773.800
3250	773.800
3536	773.800
3587	773.800
3682	773.800
3732	773.800
3893	773.800
4014	773.800
4148	773.800
4172	773.800
4186	773.800
4232	773.800
4463	773.800
4475	773.800
4586	773.800
4603	773.800
4672	773.800
4725	773.800
2676	773.900
2677	773.900
2688	773.900
2740	773.900
2924	773.900
2946	773.900
3107	773.900
3110	773.900
3111	773.900
3362	773.900
3469	773.900
3613	773.900
3618	773.900
4024	773.900
4048	773.900
4079	773.900
4193	773.900
4434	773.900
4515	773.900
4668	773.900
4710	773.900
2815	774.000
3004	774.000
3011	774.000
3035	774.000
3237	774.000
3550	774.000
3689	774.000
3728	774.000
3907	774.000
4085	774.000
4133	774.000
4217	774.000
4338	774.000
4343	774.000
4445	774.000
4462	774.000
4477	774.000
4527	774.000
4528	774.000
4530	774.000
4550	774.000
4573	774.000
4642	774.000
4662	774.000
4734	774.000
4748	774.000
4762	774.000
2830	774.100
3028	774.100
3165	774.100
3367	774.100
3450	774.100
3579	774.100
3654	774.100
3696	774.100
3798	774.100
3835	774.100
4010	774.100
4025	774.100
4126	774.100
4202	774.100
4578	774.100
4625	774.100
4643	774.100
4700	774.100
4767	774.100
4827	774.100
2785	774.200
2848	774.200
2887	774.200
2919	774.200
3018	774.200
3267	774.200
3268	774.200
3444	774.200
3639	774.200
3700	774.200
3878	774.200
3925	774.200
3953	774.200
4063	774.200
4161	774.200
4594	774.200
4602	774.200
4701	774.200
2671	774.300
2922	774.300
2935	774.300
2990	774.300
3146	774.300
3186	774.300
3212	774.300
3320	774.300
3440	774.300
3501	774.300
3586	774.300
3797	774.300
3831	774.300
3847	774.300
3889	774.300
4049	774.300
4214	774.300
4470	774.300
4513	774.300
4607	774.300
4732	774.300
4746	774.300
4800	774.300
2660	774.400
2680	774.400
2732	774.400
2758	774.400
2840	774.400
2851	774.400
2867	774.400
3033	774.400
3096	774.400
3114	774.400
3180	774.400
3317	774.400
3324	774.400
3519	774.400
3572	774.400
3576	774.400
3667	774.400
3770	774.400
3938	774.400
4067	774.400
4120	774.400
4333	774.400
4442	774.400
4446	774.400
4576	774.400
4592	774.400
4761	774.400
4790	774.400
4805	774.400
2763	774.500
3428	774.500
3464	774.500
3524	774.500
3694	774.500
3707	774.500
3947	774.500
4175	774.500
4262	774.500
4348	774.500
4401	774.500
4497	774.500
4627	774.500
4777	774.500
2678	774.600
2714	774.600
2741	774.600
2882	774.600
2912	774.600
2914	774.600
3046	774.600
3089	774.600
3115	774.600
3222	774.600
3341	774.600
3342	774.600
3350	774.600
3514	774.600
3585	774.600
3664	774.600
3749	774.600
3779	774.600
3836	774.600
3897	774.600
3927	774.600
4174	774.600
4199	774.600
4228	774.600
4254	774.600
4325	774.600
4359	774.600
4437	774.600
4523	774.600
4539	774.600
4593	774.600
4601	774.600
4620	774.600
4670	774.600
4736	774.600
4801	774.600
2662	774.700
2794	774.700
2888	774.700
2967	774.700
3063	774.700
3100	774.700
3242	774.700
3266	774.700
3273	774.700
3380	774.700
3491	774.700
3641	774.700
3671	774.700
3725	774.700
3792	774.700
3853	774.700
3974	774.700
4074	774.700
4121	774.700
4151	774.700
4177	774.700
4223	774.700
4284	774.700
4424	774.700
4451	774.700
4471	774.700
4510	774.700
4597	774.700
4640	774.700
4671	774.700
4698	774.700
4743	774.700
4806	774.700
2695	774.800
2775	774.800
2826	774.800
2857	774.800
2944	774.800
2975	774.800
3109	774.800
3219	774.800
3251	774.800
3296	774.800
3411	774.800
3417	774.800
3462	774.800
3668	774.800
3778	774.800
3856	774.800
3914	774.800
4115	774.800
4153	774.800
4170	774.800
4356	774.800
4366	774.800
4372	774.800
4373	774.800
4405	774.800
4449	774.800
4460	774.800
4489	774.800
4661	774.800
4674	774.800
4752	774.800
4774	774.800
4782	774.800
4832	774.800
4836	774.800
2694	774.900
2705	774.900
2747	774.900
2917	774.900
2996	774.900
3015	774.900
3023	774.900
3086	774.900
3229	774.900
3311	774.900
3352	774.900
3418	774.900
3886	774.900
3954	774.900
4022	774.900
4084	774.900
4243	774.900
4318	774.900
4600	774.900
4650	774.900
4731	774.900
4817	774.900
2654	775.000
2729	775.000
2835	775.000
2855	775.000
2885	775.000
2890	775.000
2939	775.000
3105	775.000
3327	775.000
3559	775.000
3690	775.000
3737	775.000
3769	775.000
3904	775.000
3942	775.000
3987	775.000
3991	775.000
4096	775.000
4187	775.000
4251	775.000
4375	775.000
4531	775.000
4574	775.000
4615	775.000
4690	775.000
4697	775.000
4811	775.000
4833	775.000
4842	775.000
2742	775.100
2948	775.100
2953	775.100
3179	775.100
3323	775.100
3332	775.100
3679	775.100
3686	775.100
3717	775.100
3912	775.100
3980	775.100
4020	775.100
4075	775.100
4140	775.100
4167	775.100
4329	775.100
4349	775.100
4537	775.100
4635	775.100
4652	775.100
4684	775.100
4707	775.100
2798	775.200
2860	775.200
2866	775.200
3025	775.200
3061	775.200
3095	775.200
3117	775.200
3216	775.200
3252	775.200
3278	775.200
3284	775.200
3312	775.200
3381	775.200
3391	775.200
3395	775.200
3424	775.200
3435	775.200
3629	775.200
3693	775.200
3733	775.200
3964	775.200
3986	775.200
4058	775.200
4313	775.200
4328	775.200
4389	775.200
4394	775.200
4402	775.200
4420	775.200
4454	775.200
4480	775.200
4488	775.200
4490	775.200
4491	775.200
4702	775.200
4768	775.200
4770	775.200
2682	775.300
2760	775.300
3044	775.300
3091	775.300
3286	775.300
3377	775.300
3413	775.300
3437	775.300
3445	775.300
3541	775.300
3591	775.300
3592	775.300
3660	775.300
3674	775.300
3845	775.300
3981	775.300
4030	775.300
4113	775.300
4164	775.300
4267	775.300
4268	775.300
4271	775.300
4308	775.300
4331	775.300
4361	775.300
4466	775.300
4551	775.300
4822	775.300
2844	775.400
3009	775.400
3067	775.400
3123	775.400
3221	775.400
3274	775.400
3354	775.400
3379	775.400
3386	775.400
3409	775.400
3429	775.400
3438	775.400
3532	775.400
3544	775.400
3571	775.400
3647	775.400
3741	775.400
3809	775.400
3829	775.400
3834	775.400
3844	775.400
3861	775.400
3931	775.400
3961	775.400
4051	775.400
4108	775.400
4155	775.400
4237	775.400
4292	775.400
4311	775.400
4569	775.400
4599	775.400
4617	775.400
4695	775.400
4802	775.400
4819	775.400
2750	775.500
2764	775.500
2961	775.500
2981	775.500
3077	775.500
3108	775.500
3230	775.500
3254	775.500
3466	775.500
3851	775.500
3854	775.500
3858	775.500
3905	775.500
3945	775.500
3949	775.500
3951	775.500
4015	775.500
4016	775.500
4227	775.500
4266	775.500
4300	775.500
4632	775.500
4656	775.500
4776	775.500
4835	775.500
2664	775.600
2693	775.600
3060	775.600
3162	775.600
3189	775.600
3297	775.600
3513	775.600
3523	775.600
3528	775.600
3577	775.600
3684	775.600
3808	775.600
3817	775.600
3875	775.600
3894	775.600
3958	775.600
3971	775.600
4001	775.600
4041	775.600
4047	775.600
4147	775.600
4204	775.600
4209	775.600
4305	775.600
4664	775.600
4696	775.600
4704	775.600
4839	775.600
2707	775.700
2719	775.700
3248	775.700
3344	775.700
3399	775.700
3507	775.700
3751	775.700
3755	775.700
3876	775.700
3963	775.700
3972	775.700
4119	775.700
4142	775.700
4178	775.700
4191	775.700
4194	775.700
4279	775.700
4428	775.700
4507	775.700
4583	775.700
4616	775.700
2824	775.800
2858	775.800
2874	775.800
2973	775.800
3102	775.800
3124	775.800
3138	775.800
3433	775.800
3461	775.800
3561	775.800
3581	775.800
3617	775.800
3702	775.800
3910	775.800
3911	775.800
4056	775.800
4353	775.800
4387	775.800
4410	775.800
4633	775.800
4780	775.800
2744	775.900
3049	775.900
3247	775.900
3419	775.900
3430	775.900
3434	775.900
3546	775.900
3842	775.900
3863	775.900
3865	775.900
4070	775.900
4233	775.900
4246	775.900
4249	775.900
4298	775.900
4303	775.900
4352	775.900
4417	775.900
4665	775.900
4711	775.900
4756	775.900
2713	776.000
2983	776.000
3082	776.000
3425	776.000
3441	776.000
3496	776.000
3512	776.000
3603	776.000
3633	776.000
3681	776.000
3706	776.000
3800	776.000
3915	776.000
4002	776.000
4105	776.000
4116	776.000
4212	776.000
4312	776.000
4501	776.000
4533	776.000
4568	776.000
4716	776.000
2687	776.100
2962	776.100
3085	776.100
3098	776.100
3116	776.100
3511	776.100
3622	776.100
3742	776.100
3975	776.100
4076	776.100
4502	776.100
4559	776.100
4653	776.100
4717	776.100
3003	776.200
3043	776.200
3133	776.200
3184	776.200
3275	776.200
3340	776.200
3374	776.200
3631	776.200
3781	776.200
4042	776.200
4127	776.200
4152	776.200
4240	776.200
4252	776.200
4289	776.200
4416	776.200
4447	776.200
4591	776.200
2716	776.300
2773	776.300
2788	776.300
2817	776.300
2889	776.300
2913	776.300
3016	776.300
3038	776.300
3263	776.300
3308	776.300
3588	776.300
3595	776.300
3687	776.300
3692	776.300
3777	776.300
3793	776.300
3950	776.300
3985	776.300
4008	776.300
4032	776.300
4090	776.300
4176	776.300
4188	776.300
4235	776.300
4248	776.300
4415	776.300
4426	776.300
4494	776.300
4518	776.300
4570	776.300
4579	776.300
4584	776.300
4646	776.300
4729	776.300
4733	776.300
4778	776.300
4808	776.300
2749	776.400
2812	776.400
2862	776.400
3156	776.400
3177	776.400
3210	776.400
3455	776.400
3525	776.400
3533	776.400
3573	776.400
3590	776.400
3724	776.400
3745	776.400
3766	776.400
3811	776.400
3891	776.400
3892	776.400
4101	776.400
4134	776.400
4631	776.400
4837	776.400
3125	776.500
3201	776.500
3526	776.500
3570	776.500
3651	776.500
3670	776.500
3698	776.500
3703	776.500
3919	776.500
4137	776.500
4357	776.500
4378	776.500
4391	776.500
4575	776.500
4658	776.500
4792	776.500
4809	776.500
2708	776.600
2743	776.600
2745	776.600
2757	776.600
2836	776.600
2987	776.600
3363	776.600
3376	776.600
3601	776.600
3735	776.600
3903	776.600
4095	776.600
4754	776.600
2703	776.700
2784	776.700
2797	776.700
2837	776.700
2943	776.700
3187	776.700
3369	776.700
3431	776.700
3505	776.700
3564	776.700
3734	776.700
4145	776.700
4655	776.700
2679	776.800
2901	776.800
2915	776.800
3578	776.800
3726	776.800
4319	776.800
4529	776.800
4588	776.800
4636	776.800
4724	776.800
4727	776.800
4815	776.800
2667	776.900
2938	776.900
3261	776.900
3316	776.900
3608	776.900
3720	776.900
3723	776.900
3788	776.900
2871	777.000
3288	777.000
3463	777.000
3553	777.000
3580	777.000
3802	777.000
3814	777.000
4006	777.000
4057	777.000
4264	777.000
2652	777.100
3131	777.100
3870	777.100
4376	777.100
4421	777.100
4547	777.100
4693	777.100
4738	777.100
2880	777.200
2963	777.200
3029	777.200
3826	777.200
4033	777.200
4427	777.200
2991	777.300
3034	777.300
3518	777.300
4093	777.300
4385	777.300
4794	777.300
3161	777.400
3192	777.400
3371	777.400
3747	777.400
4017	777.400
4195	777.400
4360	777.400
4553	777.400
4675	777.400
3093	777.500
3103	777.500
3397	777.500
3718	777.500
3753	777.500
4044	777.500
4384	777.500
4509	777.500
4610	777.500
2738	777.600
2776	777.600
3626	777.600
4066	777.600
4168	777.600
4544	777.600
2700	777.700
2853	777.700
3460	777.700
4003	777.700
3331	777.800
3859	777.800
2740	777.900
3191	777.900
3612	777.900
3721	777.900
2661	778.000
3078	778.000
3246	778.000
3711	778.000
3786	778.000
4344	778.000
4546	778.000
3166	778.100
3318	778.100
3366	778.100
3879	778.100
2902	778.200
3345	778.200
3405	778.200
3516	778.200
3642	778.200
3841	778.200
4377	778.200
4577	778.200
4641	778.200
4726	778.200
3602	778.300
3634	778.300
3673	778.300
3948	778.300
4316	778.300
4596	778.300
2957	778.400
3106	778.400
3170	778.400
3348	778.400
3393	778.400
3613	778.400
3738	778.400
3789	778.400
4040	778.400
4295	778.400
4493	778.400
4821	778.400
2765	778.500
2778	778.500
3493	778.500
3584	778.500
3716	778.500
3827	778.500
3855	778.500
4154	778.500
4411	778.500
4654	778.500
2657	778.600
3059	778.600
3773	778.600
3796	778.600
4739	778.600
4750	778.600
2752	778.700
2819	778.700
2914	778.700
2919	778.700
3136	778.700
3245	778.700
3277	778.700
4451	778.700
2660	778.800
2675	778.800
2904	778.800
2971	778.800
3183	778.800
3314	778.800
3520	778.800
3988	778.800
4302	778.800
4386	778.800
4634	778.800
4660	778.800
4667	778.800
4701	778.800
4709	778.800
4734	778.800
4826	778.800
2885	778.900
3032	778.900
3568	778.900
3744	778.900
3908	778.900
4054	778.900
4189	778.900
4807	778.900
4840	778.900
2903	779.000
3099	779.000
3226	779.000
3941	779.000
4158	779.000
4276	779.000
4424	779.000
4439	779.000
4441	779.000
4461	779.000
4603	779.000
4712	779.000
4737	779.000
4786	779.000
3074	779.100
3155	779.100
3394	779.100
3490	779.100
3643	779.100
3784	779.100
4244	779.100
4590	779.100
4640	779.100
2677	779.200
2800	779.200
2870	779.200
3104	779.200
3198	779.200
3582	779.200
3630	779.200
3689	779.200
3840	779.200
3989	779.200
2718	779.300
3028	779.300
3037	779.300
3377	779.300
3382	779.300
3487	779.300
3680	779.300
3804	779.300
3906	779.300
4186	779.300
4190	779.300
4542	779.300
3004	779.400
3013	779.400
3315	779.400
3521	779.400
4053	779.400
4217	779.400
4286	779.400
4382	779.400
4607	779.400
2977	779.500
3700	779.500
3801	779.500
4273	779.500
4731	779.500
4767	779.500
2763	779.600
2781	779.600
2942	779.600
3918	779.600
4036	779.600
4070	779.600
4806	779.600
2785	779.700
3209	779.700
3422	779.700
3451	779.700
4062	779.700
4100	779.700
4573	779.700
4679	779.700
2935	779.800
3138	779.800
3592	779.800
3912	779.800
3960	779.800
4187	779.800
4300	779.800
4561	779.800
3456	779.900
3485	779.900
4337	779.900
4165	780.000
3218	780.100
3562	780.100
3909	780.100
3094	780.200
3929	780.200
4753	780.200
3274	780.300
3355	780.400
3914	780.500
3708	780.600
3264	780.900
4791	780.900
3756	781.100
2892	781.200
3898	781.200
3175	785.300
3738	785.600
4348	785.800
4747	785.800
4449	785.900
3865	786.000
3197	786.200
3964	786.400
2830	786.500
4718	786.500
3778	786.600
2952	786.700
3883	786.700
2708	786.800
2919	786.800
3682	786.900
4113	786.900
4442	786.900
3315	787.000
3937	787.000
4096	787.000
4102	787.000
2864	787.100
3948	787.100
2747	787.200
2892	787.200
3028	787.200
3670	787.200
3794	787.200
4172	787.200
4300	787.200
4750	787.200
2818	787.300
3341	787.300
4313	787.300
3277	787.400
3361	787.500
3626	787.500
3694	787.500
3773	787.500
3846	787.500
2915	787.600
3385	787.600
3556	787.600
3576	787.600
3836	787.600
4247	787.600
4329	787.600
4333	787.600
2743	787.700
2782	787.700
3274	787.700
3838	787.700
3859	787.700
3985	787.700
4415	787.700
4760	787.700
3089	787.800
3296	787.800
3372	787.800
4137	787.800
4577	787.800
4593	787.800
3138	787.900
3183	787.900
3383	787.900
3663	787.900
3925	787.900
4233	787.900
4511	787.900
4527	787.900
4684	787.900
4753	787.900
2844	788.000
3264	788.000
3441	788.000
3904	788.000
3918	788.000
4036	788.000
4332	788.000
4434	788.000
4458	788.000
4471	788.000
4591	788.000
4596	788.000
4761	788.000
4775	788.000
3960	788.100
4069	788.100
4254	788.100
4324	788.100
4547	788.100
4661	788.100
4699	788.100
4712	788.100
4791	788.100
4826	788.100
2662	788.200
2991	788.200
3004	788.200
3230	788.200
3308	788.200
3456	788.200
3652	788.200
3817	788.200
4061	788.200
4262	788.200
4544	788.200
4842	788.200
2656	788.300
2939	788.300
3070	788.300
3221	788.300
3278	788.300
3429	788.300
3658	788.300
3834	788.300
3952	788.300
4158	788.300
4303	788.300
4378	788.300
4460	788.300
4491	788.300
4731	788.300
2691	788.400
2693	788.400
2745	788.400
2768	788.400
3083	788.400
3224	788.400
3242	788.400
3428	788.400
3562	788.400
3763	788.400
3911	788.400
3972	788.400
3989	788.400
4319	788.400
4401	788.400
4811	788.400
2815	788.500
3099	788.500
3853	788.500
4118	788.500
4206	788.500
4417	788.500
4607	788.500
4708	788.500
2803	788.600
2906	788.600
3032	788.600
3331	788.600
3466	788.600
3725	788.600
4672	788.600
2675	788.700
2687	788.700
2740	788.700
2969	788.700
3186	788.700
3350	788.700
3571	788.700
3893	788.700
4344	788.700
3080	788.800
3180	788.800
3468	788.800
3695	788.800
4302	788.800
4794	788.800
2794	788.900
2944	788.900
3091	788.900
3474	788.900
3647	788.900
3744	788.900
3898	788.900
3942	788.900
3947	788.900
4189	788.900
4340	788.900
4493	788.900
2763	789.000
2870	789.000
2961	789.000
2974	789.000
2977	789.000
3847	789.000
3939	789.000
4147	789.000
4223	789.000
4335	789.000
4516	789.000
4602	789.000
2979	789.100
3075	789.100
3449	789.100
3496	789.100
3601	789.100
3747	789.100
3850	789.100
3914	789.100
3995	789.100
4042	789.100
4533	789.100
4740	789.100
2965	789.200
3733	789.200
3920	789.200
4641	789.200
3514	789.300
3756	789.300
3971	789.300
4100	789.300
4149	789.300
2858	789.400
3271	789.400
3541	789.400
3708	789.400
3987	789.400
4534	789.400
4710	789.400
4738	789.400
2716	789.500
3034	789.500
3240	789.500
3710	789.500
4053	789.500
4523	789.500
4700	789.500
2877	789.600
2888	789.600
3011	789.600
3184	789.600
3481	789.600
3813	789.600
4361	789.600
4617	789.600
4769	789.600
2679	789.700
2857	789.700
2928	789.700
3492	789.700
3808	789.700
3950	789.700
4418	789.700
4782	789.700
2914	789.800
2962	789.800
3107	789.800
3187	789.800
3196	789.800
3405	789.800
3440	789.800
3741	789.800
4008	789.800
4194	789.800
4443	789.800
4488	789.800
4561	789.800
4790	789.800
2922	789.900
2973	789.900
3094	789.900
3282	789.900
3592	789.900
3703	789.900
4074	789.900
4141	789.900
4231	789.900
4489	789.900
4575	789.900
4581	789.900
4635	789.900
4670	789.900
3023	790.000
3067	790.000
3189	790.000
3237	790.000
3239	790.000
3608	790.000
3674	790.000
3779	790.000
3796	790.000
3894	790.000
3966	790.000
4095	790.000
4166	790.000
4251	790.000
4427	790.000
4447	790.000
4642	790.000
4653	790.000
4733	790.000
2661	790.100
3851	790.100
3855	790.100
3938	790.100
4088	790.100
4178	790.100
4216	790.100
4248	790.100
4353	790.100
4475	790.100
4539	790.100
2800	790.200
2924	790.200
3012	790.200
3123	790.200
3125	790.200
3386	790.200
3503	790.200
3730	790.200
3876	790.200
3912	790.200
4044	790.200
4239	790.200
4369	790.200
4714	790.200
4817	790.200
2843	790.300
3210	790.300
3263	790.300
3395	790.300
3524	790.300
4181	790.300
4286	790.300
4310	790.300
4461	790.300
4555	790.300
4645	790.300
4785	790.300
2938	790.400
3043	790.400
3079	790.400
3103	790.400
3525	790.400
3738	790.400
3755	790.400
3953	790.400
4016	790.400
4025	790.400
4428	790.400
4437	790.400
4464	790.400
4587	790.400
4594	790.400
4695	790.400
4701	790.400
2812	790.500
2869	790.500
2921	790.500
3377	790.500
3409	790.500
3518	790.500
3550	790.500
3693	790.500
4030	790.500
4338	790.500
4406	790.500
4821	790.500
2654	790.600
2707	790.600
2880	790.600
2917	790.600
3444	790.600
3519	790.600
3548	790.600
4084	790.600
4177	790.600
4599	790.600
4736	790.600
2677	790.700
3049	790.700
3131	790.700
3268	790.700
3673	790.700
3684	790.700
3788	790.700
4123	790.700
4195	790.700
4252	790.700
4256	790.700
4284	790.700
4551	790.700
4654	790.700
4660	790.700
3093	790.800
3152	790.800
3200	790.800
3781	790.800
4013	790.800
4184	790.800
4220	790.800
4250	790.800
4270	790.800
4331	790.800
4342	790.800
4372	790.800
4598	790.800
4656	790.800
4696	790.800
4792	790.800
2960	790.900
2966	790.900
3018	790.900
3087	790.900
3291	790.900
3603	790.900
3900	790.900
3929	790.900
4151	790.900
4243	790.900
4463	790.900
4502	790.900
4528	790.900
4633	790.900
4789	790.900
3288	791.000
3394	791.000
3423	791.000
3665	791.000
3769	791.000
3804	791.000
4217	791.000
4449	791.000
4542	791.000
4657	791.000
2708	791.100
2905	791.100
2943	791.100
3059	791.100
3301	791.100
3446	791.100
3491	791.100
3964	791.100
4424	791.100
4536	791.100
4729	791.100
2788	791.200
3122	791.200
3373	791.200
3532	791.200
3680	791.200
3836	791.200
3865	791.200
4120	791.200
4420	791.200
4441	791.200
4481	791.200
2738	791.300
2867	791.300
2901	791.300
3016	791.300
3100	791.300
3124	791.300
3133	791.300
3314	791.300
4114	791.300
4515	791.300
4772	791.300
3171	791.400
3216	791.400
3345	791.400
3798	791.400
4348	791.400
4530	791.400
4724	791.400
2785	791.500
2793	791.500
2798	791.500
2868	791.500
3008	791.500
3505	791.500
3512	791.500
3602	791.500
3657	791.500
3757	791.500
3800	791.500
4187	791.500
4232	791.500
4480	791.500
4494	791.500
2918	791.600
2946	791.600
3250	791.600
3315	791.600
3494	791.600
3688	791.600
3974	791.600
4079	791.600
4312	791.600
4603	791.600
4685	791.600
2999	791.700
3267	791.700
3333	791.700
3381	791.700
3700	791.700
3870	791.700
3881	791.700
4063	791.700
4096	791.700
4150	791.700
4356	791.700
4359	791.700
4675	791.700
2702	791.800
2743	791.800
2747	791.800
2752	791.800
2853	791.800
3119	791.800
3147	791.800
3215	791.800
3559	791.800
3654	791.800
3742	791.800
3883	791.800
3937	791.800
4121	791.800
4229	791.800
4290	791.800
4308	791.800
4366	791.800
4636	791.800
4658	791.800
4697	791.800
4748	791.800
4806	791.800
2764	791.900
2874	791.900
3115	791.900
3487	791.900
3553	791.900
3778	791.900
4017	791.900
4056	791.900
4527	791.900
4559	791.900
4754	791.900
2703	792.000
2850	792.000
2885	792.000
3538	792.000
3715	792.000
3753	792.000
3825	792.000
3919	792.000
4694	792.000
3336	792.100
3584	792.100
3663	792.100
3743	792.100
3787	792.100
4483	792.100
4677	792.100
2818	792.200
3163	792.200
3490	792.200
3579	792.200
3758	792.200
4018	792.200
4059	792.200
4125	792.200
4165	792.200
4186	792.200
4439	792.200
4501	792.200
4513	792.200
4752	792.200
3086	792.300
3089	792.300
3591	792.300
3809	792.300
4413	792.300
4543	792.300
4745	792.300
4830	792.300
2728	792.400
2930	792.400
3417	792.400
3455	792.400
3522	792.400
3561	792.400
4002	792.400
4131	792.400
2819	792.500
3433	792.500
3555	792.500
3672	792.500
3764	792.500
3811	792.500
3924	792.500
4257	792.500
2866	792.600
3044	792.600
3383	792.600
3418	792.600
3456	792.600
3682	792.600
4191	792.600
4324	792.600
4612	792.600
4750	792.600
4778	792.600
2773	792.700
2941	792.700
3028	792.700
3363	792.700
3429	792.700
3882	792.700
4247	792.700
4300	792.700
4652	792.700
4768	792.700
2682	792.800
2972	792.800
3198	792.800
3578	792.800
3702	792.800
4164	792.800
4277	792.800
4506	792.800
4553	792.800
4563	792.800
4649	792.800
4718	792.800
2957	792.900
3084	792.900
3364	792.900
3516	792.900
3724	792.900
3841	792.900
4036	792.900
4085	792.900
4401	792.900
4726	792.900
4840	792.900
2871	793.000
3120	793.000
3227	793.000
3322	793.000
3361	793.000
3466	793.000
3484	793.000
3572	793.000
3588	793.000
3698	793.000
3718	793.000
3801	793.000
4049	793.000
4706	793.000
2673	793.100
2935	793.100
3140	793.100
3246	793.100
3615	793.100
4154	793.100
4199	793.100
4378	793.100
4739	793.100
2808	793.200
3003	793.200
3197	793.200
3318	793.200
3380	793.200
3493	793.200
3546	793.200
3617	793.200
3692	793.200
3997	793.200
4024	793.200
4116	793.200
4287	793.200
4314	793.200
4402	793.200
4431	793.200
4491	793.200
4572	793.200
4588	793.200
4753	793.200
2713	793.300
3117	793.300
3146	793.300
3156	793.300
3202	793.300
3717	793.300
3830	793.300
4020	793.300
4143	793.300
4180	793.300
4189	793.300
4204	793.300
4241	793.300
4301	793.300
4451	793.300
4558	793.300
4628	793.300
4634	793.300
4779	793.300
2804	793.400
2840	793.400
3046	793.400
3317	793.400
3371	793.400
3630	793.400
3744	793.400
3773	793.400
3892	793.400
3908	793.400
3941	793.400
3958	793.400
4305	793.400
4325	793.400
4580	793.400
4590	793.400
4650	793.400
2715	793.500
3055	793.500
3274	793.500
3660	793.500
4152	793.500
4237	793.500
4643	793.500
4699	793.500
2694	793.600
2872	793.600
3126	793.600
3162	793.600
3353	793.600
3382	793.600
3422	793.600
3551	793.600
3721	793.600
3766	793.600
3817	793.600
3862	793.600
3918	793.600
4211	793.600
4385	793.600
4460	793.600
4597	793.600
4704	793.600
4799	793.600
2742	793.700
2862	793.700
3063	793.700
3170	793.700
3180	793.700
3275	793.700
3376	793.700
3399	793.700
3443	793.700
3613	793.700
3786	793.700
3815	793.700
4268	793.700
4373	793.700
4426	793.700
4537	793.700
4672	793.700
4679	793.700
4811	793.700
2676	793.800
2844	793.800
2919	793.800
3048	793.800
3145	793.800
3175	793.800
3270	793.800
3425	793.800
3668	793.800
3732	793.800
3745	793.800
3951	793.800
4076	793.800
4222	793.800
4330	793.800
4369	793.800
4445	793.800
4525	793.800
4547	793.800
4576	793.800
4665	793.800
4800	793.800
2829	793.900
2947	793.900
3360	793.900
3416	793.900
3496	793.900
3606	793.900
4500	793.900
4568	793.900
4622	793.900
4667	793.900
4717	793.900
4826	793.900
2745	794.000
2996	794.000
3286	794.000
3832	794.000
3931	794.000
3949	794.000
4066	794.000
4197	794.000
4223	794.000
4285	794.000
4296	794.000
4478	794.000
4573	794.000
4577	794.000
2719	794.100
2962	794.100
3462	794.100
3755	794.100
3783	794.100
3861	794.100
3939	794.100
3988	794.100
4058	794.100
4093	794.100
4174	794.100
4382	794.100
4640	794.100
4731	794.100
4818	794.100
2740	794.200
2891	794.200
2920	794.200
2933	794.200
3129	794.200
3278	794.200
3300	794.200
3362	794.200
3733	794.200
4003	794.200
4252	794.200
4435	794.200
4462	794.200
4526	794.200
4555	794.200
4627	794.200
4784	794.200
4791	794.200
4820	794.200
2656	794.300
2906	794.300
3073	794.300
3259	794.300
3359	794.300
3441	794.300
3570	794.300
3581	794.300
3641	794.300
3840	794.300
4230	794.300
4550	794.300
2911	794.400
2953	794.400
2991	794.400
3265	794.400
3281	794.400
3284	794.400
3341	794.400
3614	794.400
4019	794.400
4108	794.400
4122	794.400
4147	794.400
4335	794.400
4344	794.400
4354	794.400
4510	794.400
3002	794.500
3327	794.500
3340	794.500
3388	794.500
3405	794.500
3407	794.500
3426	794.500
3582	794.500
3689	794.500
3925	794.500
4040	794.500
4427	794.500
4493	794.500
4592	794.500
4782	794.500
2782	794.600
2917	794.600
3263	794.600
3537	794.600
3651	794.600
3793	794.600
4202	794.600
4249	794.600
4433	794.600
4519	794.600
4544	794.600
4716	794.600
2809	794.700
2915	794.700
3428	794.700
3576	794.700
3999	794.700
4139	794.700
4233	794.700
4442	794.700
4712	794.700
2668	794.800
2851	794.800
4596	794.800
4614	794.800
4804	794.800
2660	794.900
2904	794.900
3220	794.900
3846	794.900
3858	794.900
3907	794.900
3920	794.900
4175	794.900
4276	794.900
4291	794.900
4360	794.900
4676	794.900
4684	794.900
4701	794.900
4825	794.900
2755	795.000
2968	795.000
3138	795.000
3486	795.000
3703	795.000
4074	795.000
4083	795.000
4379	795.000
4661	795.000
2655	795.100
2677	795.100
2697	795.100
2771	795.100
2797	795.100
3690	795.100
3695	795.100
4004	795.100
4166	795.100
4176	795.100
4190	795.100
4488	795.100
4744	795.100
2717	795.200
3410	795.200
3706	795.200
3736	795.200
3741	795.200
3754	795.200
3794	795.200
3834	795.200
4284	795.200
4464	795.200
4719	795.200
4740	795.200
2792	795.300
2803	795.300
3144	795.300
3221	795.300
3367	795.300
3826	795.300
4158	795.300
4283	795.300
2659	795.400
2716	795.400
3169	795.400
3355	795.400
3501	795.400
3772	795.400
3917	795.400
4113	795.400
4412	795.400
4447	795.400
4511	795.400
4581	795.400
4732	795.400
4794	795.400
2692	795.500
3034	795.500
3186	795.500
3218	795.500
3226	795.500
3822	795.500
3838	795.500
3854	795.500
3914	795.500
3986	795.500
4082	795.500
4114	795.500
4133	795.500
4172	795.500
4437	795.500
4486	795.500
4556	795.500
4663	795.500
2848	795.600
2967	795.600
3113	795.600
3506	795.600
3694	795.600
3696	795.600
3763	795.600
3964	795.600
3975	795.600
4008	795.600
4119	795.600
2681	795.700
2774	795.700
2779	795.700
2780	795.700
2903	795.700
3166	795.700
3377	795.700
3523	795.700
3550	795.700
4072	795.700
4254	795.700
4434	795.700
4646	795.700
2738	795.800
3461	795.800
3679	795.800
3971	795.800
4295	795.800
4357	795.800
4461	795.800
4824	795.800
2765	795.900
2971	795.900
3123	795.900
3312	795.900
3513	795.900
3648	795.900
3737	795.900
3894	795.900
4395	795.900
4545	795.900
2708	796.000
2825	796.000
3136	796.000
3379	796.000
3460	796.000
3524	796.000
3851	796.000
4001	796.000
4054	796.000
4471	796.000
4570	796.000
4642	796.000
4821	796.000
2666	796.100
2910	796.100
2958	796.100
2963	796.100
3296	796.100
3468	796.100
3526	796.100
3972	796.100
4340	796.100
4468	796.100
4616	796.100
4621	796.100
4675	796.100
2892	796.200
3492	796.200
3517	796.200
3708	796.200
3897	796.200
3945	796.200
3954	796.200
4042	796.200
4075	796.200
4380	796.200
4403	796.200
4670	796.200
2690	796.300
2718	796.300
2826	796.300
2858	796.300
3230	796.300
3629	796.300
3681	796.300
3704	796.300
3725	796.300
3752	796.300
3753	796.300
3890	796.300
4061	796.300
4177	796.300
4458	796.300
4696	796.300
2948	796.400
3044	796.400
3077	796.400
3106	796.400
3114	796.400
3214	796.400
3444	796.400
3491	796.400
3936	796.400
4070	796.400
4170	796.400
4302	796.400
4441	796.400
4761	796.400
2812	796.500
3688	796.500
3915	796.500
3946	796.500
3960	796.500
4169	796.500
4416	796.500
4417	796.500
4418	796.500
4481	796.500
4502	796.500
4659	796.500
3372	796.600
3463	796.600
3580	796.600
3670	796.600
3739	796.600
3808	796.600
4005	796.600
4010	796.600
4155	796.600
4807	796.600
2654	796.700
2794	796.700
2853	796.700
2977	796.700
3015	796.700
3143	796.700
3541	796.700
4183	796.700
4463	796.700
4602	796.700
4711	796.700
4724	796.700
2705	796.800
2837	796.800
3004	796.800
3054	796.800
3370	796.800
3779	796.800
3903	796.800
3927	796.800
3989	796.800
4022	796.800
4151	796.800
4198	796.800
4508	796.800
4620	796.800
4653	796.800
2800	796.900
2815	796.900
2939	796.900
3297	796.900
3438	796.900
3802	796.900
3823	796.900
3831	796.900
3859	796.900
3875	796.900
3947	796.900
4248	796.900
4584	796.900
2678	797.000
2714	797.000
2908	797.000
3190	797.000
3413	797.000
3628	797.000
3693	797.000
3863	797.000
3865	797.000
4506	797.000
4589	797.000
4611	797.000
4752	797.000
4801	797.000
2781	797.100
2832	797.100
2874	797.100
2981	797.100
3013	797.100
3183	797.100
3342	797.100
3495	797.100
3556	797.100
3610	797.100
3626	797.100
4101	797.100
4575	797.100
4687	797.100
4718	797.100
4808	797.100
2722	797.200
2955	797.200
2965	797.200
2979	797.200
3336	797.200
4017	797.200
4027	797.200
4210	797.200
4244	797.200
4333	797.200
4361	797.200
4843	797.200
2994	797.300
3094	797.300
3716	797.300
3722	797.300
3817	797.300
3921	797.300
4348	797.300
4583	797.300
2707	797.400
2727	797.400
2818	797.400
3037	797.400
3385	797.400
3423	797.400
3577	797.400
3720	797.400
3734	797.400
3804	797.400
3997	797.400
4313	797.400
4632	797.400
3172	797.500
3409	797.500
3417	797.500
3511	797.500
3643	797.500
3889	797.500
4090	797.500
4185	797.500
4232	797.500
4394	797.500
4543	797.500
4669	797.500
2883	797.600
2987	797.600
3028	797.600
4053	797.600
4105	797.600
4266	797.600
4680	797.600
2679	797.700
2740	797.700
2763	797.700
2816	797.700
2857	797.700
2943	797.700
3283	797.700
3561	797.700
3814	797.700
4084	797.700
4089	797.700
4111	797.700
4184	797.700
4322	797.700
4454	797.700
4489	797.700
4561	797.700
4623	797.700
4664	797.700
4727	797.700
2827	797.800
2890	797.800
3352	797.800
3705	797.800
3759	797.800
3777	797.800
3935	797.800
4095	797.800
4100	797.800
4150	797.800
4303	797.800
4421	797.800
4591	797.800
4593	797.800
4594	797.800
4617	797.800
4654	797.800
4755	797.800
4786	797.800
3446	797.900
3836	797.900
3874	797.900
4014	797.900
4044	797.900
4067	797.900
4199	797.900
4286	797.900
4353	797.900
4546	797.900
2864	798.000
3080	798.000
3158	798.000
3268	798.000
3568	798.000
3682	798.000
3902	798.000
4056	798.000
4331	798.000
4652	798.000
4662	798.000
2884	798.100
2885	798.100
2952	798.100
2961	798.100
3744	798.100
3937	798.100
3974	798.100
4207	798.100
4483	798.100
4509	798.100
4598	798.100
4707	798.100
4829	798.100
2772	798.200
2973	798.200
3207	798.200
3358	798.200
3457	798.200
3488	798.200
3784	798.200
3856	798.200
3991	798.200
4081	798.200
4213	798.200
4245	798.200
4607	798.200
4625	798.200
4648	798.200
4726	798.200
2768	798.300
3160	798.300
3222	798.300
3313	798.300
3518	798.300
3528	798.300
3608	798.300
3691	798.300
3738	798.300
4376	798.300
4407	798.300
4564	798.300
3163	798.400
3189	798.400
3242	798.400
3246	798.400
3282	798.400
3527	798.400
3615	798.400
3756	798.400
3766	798.400
3867	798.400
4021	798.400
4102	798.400
4470	798.400
4574	798.400
2776	798.500
2828	798.500
3043	798.500
3131	798.500
3264	798.500
3341	798.500
3434	798.500
3481	798.500
3809	798.500
4033	798.500
4267	798.500
4635	798.500
2682	798.600
2691	798.600
2745	798.600
2801	798.600
2914	798.600
3012	798.600
3060	798.600
3180	798.600
3240	798.600
3288	798.600
3611	798.600
3692	798.600
3781	798.600
4025	798.600
4096	798.600
4373	798.600
4503	798.600
4539	798.600
4600	798.600
4656	798.600
2709	798.700
2830	798.700
3040	798.700
3041	798.700
3083	798.700
3155	798.700
3350	798.700
3462	798.700
3904	798.700
4115	798.700
4323	798.700
4553	798.700
2693	798.800
2969	798.800
3011	798.800
3018	798.800
3052	798.800
3164	798.800
3254	798.800
3316	798.800
3403	798.800
3566	798.800
3684	798.800
4030	798.800
4120	798.800
4229	798.800
4359	798.800
4700	798.800
4709	798.800
4750	798.800
4835	798.800
2661	798.900
2819	798.900
2974	798.900
3006	798.900
3023	798.900
3065	798.900
3146	798.900
3210	798.900
3440	798.900
3447	798.900
3571	798.900
3977	798.900
4494	798.900
4714	798.900
4716	798.900
2924	799.000
3103	799.000
3109	799.000
3394	799.000
3664	799.000
3703	799.000
3796	799.000
3861	799.000
3876	799.000
3888	799.000
4212	799.000
4228	799.000
4282	799.000
4816	799.000
2750	799.100
2957	799.100
3215	799.100
3450	799.100
3617	799.100
3898	799.100
3982	799.100
4262	799.100
4391	799.100
4459	799.100
4811	799.100
2846	799.200
2928	799.200
3308	799.200
3314	799.200
3345	799.200
3363	799.200
3397	799.200
3421	799.200
3429	799.200
3573	799.200
3765	799.200
3956	799.200
4312	799.200
4735	799.200
4753	799.200
4767	799.200
4834	799.200
3059	799.300
3273	799.300
3369	799.300
3379	799.300
3521	799.300
3649	799.300
3715	799.300
3747	799.300
3899	799.300
3929	799.300
3967	799.300
4178	799.300
4237	799.300
4319	799.300
4356	799.300
4449	799.300
4597	799.300
4674	799.300
4710	799.300
2767	799.400
2790	799.400
2868	799.400
2877	799.400
3544	799.400
3713	799.400
3773	799.400
3953	799.400
4134	799.400
4149	799.400
4189	799.400
4420	799.400
4476	799.400
4776	799.400
2990	799.500
3311	799.500
3445	799.500
3618	799.500
3717	799.500
3948	799.500
3966	799.500
4088	799.500
4110	799.500
4200	799.500
4292	799.500
4563	799.500
4596	799.500
4645	799.500
4660	799.500
4833	799.500
2919	799.600
2960	799.600
3108	799.600
3206	799.600
3239	799.600
3248	799.600
3271	799.600
3591	799.600
3700	799.600
3949	799.600
4047	799.600
4317	799.600
4731	799.600
4747	799.600
4771	799.600
4778	799.600
2663	799.700
2703	799.700
2762	799.700
2935	799.700
3036	799.700
3331	799.700
3455	799.700
3512	799.700
3546	799.700
3650	799.700
3757	799.700
3786	799.700
3942	799.700
4020	799.700
4168	799.700
4219	799.700
4250	799.700
4293	799.700
4406	799.700
4458	799.700
4619	799.700
4764	799.700
4770	799.700
2966	799.800
2995	799.800
3112	799.800
3261	799.800
3695	799.800
4069	799.800
4121	799.800
4241	799.800
4300	799.800
4529	799.800
4618	799.800
2836	799.900
3061	799.900
3125	799.900
3348	799.900
3377	799.900
3386	799.900
3427	799.900
3430	799.900
3441	799.900
3687	799.900
4451	799.900
4478	799.900
4491	799.900
4544	799.900
4639	799.900
4658	799.900
4690	799.900
4830	799.900
2862	800.000
2930	800.000
3209	800.000
3317	800.000
3383	800.000
3474	800.000
3487	800.000
3497	800.000
3726	800.000
3751	800.000
3801	800.000
3883	800.000
3906	800.000
3919	800.000
4139	800.000
4516	800.000
4605	800.000
4676	800.000
4794	800.000
2732	800.100
2752	800.100
2814	800.100
2910	800.100
3138	800.100
3276	800.100
4146	800.100
4195	800.100
4272	800.100
4427	800.100
4460	800.100
4528	800.100
4587	800.100
4752	800.100
2742	800.200
3048	800.200
3104	800.200
3448	800.200
3846	800.200
3990	800.200
4223	800.200
4493	800.200
4646	800.200
4666	800.200
2782	800.300
2915	800.300
2929	800.300
2963	800.300
2978	800.300
3055	800.300
3093	800.300
3490	800.300
3537	800.300
3581	800.300
3914	800.300
4085	800.300
2652	800.400
2962	800.400
3067	800.400
3141	800.400
3156	800.400
3407	800.400
3524	800.400
3826	800.400
3943	800.400
4143	800.400
4256	800.400
4341	800.400
4447	800.400
4527	800.400
4766	800.400
4772	800.400
2798	800.500
2851	800.500
2944	800.500
3188	800.500
3224	800.500
3454	800.500
3606	800.500
3811	800.500
3964	800.500
4108	800.500
4332	800.500
2694	800.600
2840	800.600
2985	800.600
3004	800.600
3841	800.600
4013	800.600
4208	800.600
4233	800.600
4325	800.600
2716	800.700
3129	800.700
3315	800.700
3788	800.700
4059	800.700
4083	800.700
4094	800.700
4167	800.700
4217	800.700
4251	800.700
4252	800.700
4382	800.700
4663	800.700
4693	800.700
2660	800.800
2917	800.800
2918	800.800
3032	800.800
3755	800.800
3778	800.800
4124	800.800
4649	800.800
4728	800.800
4818	800.800
4821	800.800
4842	800.800
3187	800.900
3376	800.900
3995	800.900
4547	800.900
2938	801.000
3010	801.000
3175	801.000
3562	801.000
4187	801.000
4393	801.000
4540	801.000
4790	801.000
2718	801.100
3091	801.100
3099	801.100
4154	801.100
4633	801.100
4668	801.100
2702	801.200
4433	801.200
4577	801.200
4754	801.200
2662	801.300
2738	801.300
3186	801.300
3226	801.300
3579	801.300
3845	801.300
3951	801.300
4159	801.300
4216	801.300
4254	801.300
4378	801.300
4445	801.300
4486	801.300
4768	801.300
4462	801.400
4511	801.400
4672	801.400
4701	801.400
4760	801.400
2678	801.500
2806	801.500
2873	801.500
3274	801.500
3399	801.500
3456	801.500
3633	801.500
3646	801.500
4032	801.500
4186	801.500
4248	801.500
4461	801.500
2815	801.600
2888	801.600
2934	801.600
3075	801.600
4122	801.600
4418	801.600
2987	801.700
3079	801.700
3503	801.700
3730	801.700
4130	801.700
4279	801.700
3431	801.800
3592	801.800
3987	801.800
4653	801.800
3260	801.900
3525	801.900
3960	801.900
4401	801.900
4661	801.900
3014	802.000
3016	802.000
3986	802.000
4061	802.000
4173	802.000
4194	802.000
4244	802.000
4614	802.000
4616	802.000
4699	802.000
4734	802.000
4791	802.000
3230	802.100
3275	802.100
3426	802.100
3435	802.100
3911	802.100
4008	802.100
4042	802.100
4066	802.100
4390	802.100
4475	802.100
4684	802.100
2687	802.200
2791	802.200
3094	802.200
3499	802.200
3675	802.200
3698	802.200
4736	802.200
2903	802.300
3122	802.300
3366	802.300
3479	802.300
3738	802.300
3822	802.300
4435	802.300
4442	802.300
4786	802.300
2803	802.400
3519	802.400
3865	802.400
4101	802.400
4813	802.400
4825	802.400
2788	802.500
3007	802.500
3466	802.500
3673	802.500
3947	802.500
4191	802.500
4402	802.500
4773	802.600
4782	802.600
3263	802.700
3330	802.700
3496	802.700
3893	802.700
4774	802.700
4815	802.700
2657	802.800
4017	802.800
4053	802.800
4147	802.800
4785	802.800
3619	802.900
3898	802.900
4542	802.900
3028	803.000
3851	803.000
3197	803.100
4040	803.100
4718	803.100
3089	803.200
3096	803.200
3318	803.200
2858	803.300
3962	803.300
4551	803.300
3393	803.400
2747	803.700
3171	803.700
2661	804.000
