# NEST version: 3.5
# RecordingBackendASCII version: 2
sender	time_ms
11535	0.100
11864	0.100
12224	0.100
12631	0.100
13315	0.100
13259	706.500
12705	706.600
13206	706.600
11667	706.800
11909	707.000
12390	707.100
13140	707.100
11323	707.200
11363	707.300
11695	707.300
11806	707.300
12294	707.300
12600	707.300
11445	707.400
11787	707.400
12082	707.400
12416	707.400
12962	707.400
13413	707.400
12680	707.500
13354	707.500
12236	707.600
11393	707.700
11538	707.700
11621	707.700
11643	707.700
11910	707.700
12989	707.700
13459	707.700
11805	707.800
11870	707.800
12043	707.800
12097	707.800
12645	707.800
13168	707.800
13195	707.800
11446	707.900
11901	707.900
11907	707.900
12028	707.900
12231	707.900
12255	707.900
12256	707.900
12330	707.900
12369	707.900
12481	707.900
12561	707.900
12808	707.900
13011	707.900
13343	707.900
13374	707.900
11425	708.000
11477	708.000
11577	708.000
11838	708.000
12004	708.000
12045	708.000
12159	708.000
12218	708.000
12223	708.000
12557	708.000
12786	708.000
12835	708.000
13016	708.000
13020	708.000
13032	708.000
13181	708.000
11690	708.100
11886	708.100
12224	708.100
12301	708.100
12553	708.100
12575	708.100
12617	708.100
12659	708.100
12772	708.100
12855	708.100
13254	708.100
11327	708.200
11536	708.200
11867	708.200
11875	708.200
11911	708.200
11974	708.200
12077	708.200
12279	708.200
12447	708.200
12519	708.200
12538	708.200
12558	708.200
12793	708.200
12899	708.200
12909	708.200
12935	708.200
12999	708.200
13233	708.200
13359	708.200
13436	708.200
11444	708.300
11545	708.300
11699	708.300
11759	708.300
11987	708.300
12012	708.300
12020	708.300
12029	708.300
12076	708.300
12326	708.300
12408	708.300
12417	708.300
12429	708.300
12480	708.300
12712	708.300
12774	708.300
12848	708.300
13192	708.300
13214	708.300
13273	708.300
13284	708.300
11437	708.400
11516	708.400
11540	708.400
11542	708.400
11579	708.400
11688	708.400
11913	708.400
11921	708.400
12126	708.400
12257	708.400
12513	708.400
12537	708.400
12544	708.400
12580	708.400
12592	708.400
12744	708.400
12856	708.400
12865	708.400
12944	708.400
12994	708.400
13051	708.400
13065	708.400
13077	708.400
13092	708.400
13216	708.400
13257	708.400
13412	708.400
13416	708.400
13465	708.400
11300	708.500
11378	708.500
11380	708.500
11398	708.500
11419	708.500
11633	708.500
11648	708.500
11790	708.500
11837	708.500
11877	708.500
11889	708.500
11961	708.500
11969	708.500
12058	708.500
12342	708.500
12462	708.500
12607	708.500
12614	708.500
12706	708.500
12727	708.500
12851	708.500
12888	708.500
12951	708.500
13000	708.500
13152	708.500
13231	708.500
13258	708.500
13268	708.500
13304	708.500
13381	708.500
13385	708.500
11361	708.600
11370	708.600
11452	708.600
11480	708.600
11565	708.600
11578	708.600
11680	708.600
11803	708.600
11849	708.600
11864	708.600
12008	708.600
12030	708.600
12055	708.600
12115	708.600
12146	708.600
12163	708.600
12177	708.600
12209	708.600
12338	708.600
12509	708.600
12563	708.600
12587	708.600
12618	708.600
12658	708.600
12670	708.600
12761	708.600
12766	708.600
12780	708.600
12929	708.600
12977	708.600
13048	708.600
13176	708.600
13212	708.600
13217	708.600
13309	708.600
13322	708.600
13340	708.600
13355	708.600
13457	708.600
13462	708.600
11312	708.700
11373	708.700
11413	708.700
11597	708.700
11608	708.700
11646	708.700
11763	708.700
11834	708.700
11844	708.700
11912	708.700
12142	708.700
12228	708.700
12265	708.700
12268	708.700
12361	708.700
12454	708.700
12523	708.700
12692	708.700
12869	708.700
12924	708.700
12936	708.700
12964	708.700
13009	708.700
13081	708.700
13107	708.700
13218	708.700
13290	708.700
13398	708.700
11328	708.800
11330	708.800
11369	708.800
11424	708.800
11434	708.800
11454	708.800
11610	708.800
11628	708.800
11650	708.800
11658	708.800
11764	708.800
11856	708.800
11873	708.800
11881	708.800
11938	708.800
11943	708.800
11989	708.800
12003	708.800
12048	708.800
12181	708.800
12234	708.800
12272	708.800
12339	708.800
12373	708.800
12409	708.800
12431	708.800
12484	708.800
12486	708.800
12525	708.800
12651	708.800
12652	708.800
12690	708.800
12819	708.800
12883	708.800
12907	708.800
12980	708.800
13116	708.800
13161	708.800
13200	708.800
13338	708.800
13386	708.800
13418	708.800
13421	708.800
13426	708.800
13428	708.800
13435	708.800
11297	708.900
11310	708.900
11396	708.900
11397	708.900
11476	708.900
11537	708.900
11559	708.900
11573	708.900
11574	708.900
11584	708.900
11720	708.900
11748	708.900
11840	708.900
11845	708.900
11890	708.900
11918	708.900
11966	708.900
12054	708.900
12119	708.900
12131	708.900
12135	708.900
12156	708.900
12244	708.900
12252	708.900
12299	708.900
12305	708.900
12317	708.900
12341	708.900
12379	708.900
12415	708.900
12472	708.900
12505	708.900
12654	708.900
12657	708.900
12664	708.900
12689	708.900
12704	708.900
12720	708.900
12822	708.900
12903	708.900
12912	708.900
13002	708.900
13112	708.900
13114	708.900
13171	708.900
13184	708.900
13188	708.900
13201	708.900
13242	708.900
13358	708.900
13424	708.900
13464	708.900
11304	709.000
11337	709.000
11343	709.000
11345	709.000
11365	709.000
11384	709.000
11511	709.000
11626	709.000
11675	709.000
11716	709.000
11727	709.000
11738	709.000
11789	709.000
11796	709.000
11821	709.000
11853	709.000
11950	709.000
12026	709.000
12050	709.000
12071	709.000
12088	709.000
12127	709.000
12157	709.000
12217	709.000
12230	709.000
12240	709.000
12251	709.000
12267	709.000
12285	709.000
12302	709.000
12320	709.000
12448	709.000
12518	709.000
12564	709.000
12619	709.000
12667	709.000
12676	709.000
12698	709.000
12732	709.000
12751	709.000
12860	709.000
12862	709.000
12876	709.000
12934	709.000
12942	709.000
12965	709.000
13102	709.000
13118	709.000
13123	709.000
13153	709.000
13220	709.000
13274	709.000
13310	709.000
13399	709.000
13410	709.000
13483	709.000
13487	709.000
11296	709.100
11325	709.100
11381	709.100
11401	709.100
11471	709.100
11522	709.100
11596	709.100
11678	709.100
11691	709.100
11692	709.100
11721	709.100
11754	709.100
11778	709.100
11807	709.100
11847	709.100
11863	709.100
11891	709.100
11949	709.100
11984	709.100
11999	709.100
12123	709.100
12158	709.100
12193	709.100
12195	709.100
12201	709.100
12204	709.100
12235	709.100
12238	709.100
12253	709.100
12260	709.100
12277	709.100
12286	709.100
12304	709.100
12352	709.100
12376	709.100
12382	709.100
12441	709.100
12488	709.100
12507	709.100
12522	709.100
12570	709.100
12573	709.100
12586	709.100
12622	709.100
12635	709.100
12682	709.100
12738	709.100
12758	709.100
12784	709.100
12830	709.100
12834	709.100
12842	709.100
12884	709.100
12905	709.100
12921	709.100
12926	709.100
12930	709.100
12938	709.100
12992	709.100
13006	709.100
13101	709.100
13208	709.100
13266	709.100
13280	709.100
13321	709.100
13370	709.100
13377	709.100
13404	709.100
11350	709.200
11355	709.200
11357	709.200
11364	709.200
11404	709.200
11407	709.200
11435	709.200
11469	709.200
11475	709.200
11482	709.200
11501	709.200
11514	709.200
11520	709.200
11558	709.200
11567	709.200
11569	709.200
11588	709.200
11591	709.200
11599	709.200
11619	709.200
11639	709.200
11694	709.200
11700	709.200
11737	709.200
11786	709.200
11799	709.200
11811	709.200
11839	709.200
11942	709.200
12037	709.200
12069	709.200
12074	709.200
12098	709.200
12117	709.200
12167	709.200
12216	709.200
12222	709.200
12271	709.200
12312	709.200
12316	709.200
12329	709.200
12367	709.200
12410	709.200
12412	709.200
12450	709.200
12457	709.200
12460	709.200
12482	709.200
12542	709.200
12589	709.200
12595	709.200
12597	709.200
12610	709.200
12611	709.200
12613	709.200
12662	709.200
12678	709.200
12702	709.200
12735	709.200
12749	709.200
12785	709.200
12801	709.200
12861	709.200
12904	709.200
12919	709.200
12947	709.200
12959	709.200
12995	709.200
13046	709.200
13186	709.200
13198	709.200
13221	709.200
13240	709.200
13294	709.200
13326	709.200
13329	709.200
13337	709.200
13342	709.200
13353	709.200
13482	709.200
11316	709.300
11324	709.300
11348	709.300
11377	709.300
11426	709.300
11429	709.300
11447	709.300
11493	709.300
11497	709.300
11500	709.300
11513	709.300
11528	709.300
11604	709.300
11611	709.300
11625	709.300
11635	709.300
11683	709.300
11697	709.300
11707	709.300
11775	709.300
11784	709.300
11812	709.300
11850	709.300
11858	709.300
11876	709.300
11917	709.300
11925	709.300
11928	709.300
11941	709.300
11956	709.300
12065	709.300
12068	709.300
12081	709.300
12091	709.300
12093	709.300
12095	709.300
12140	709.300
12151	709.300
12211	709.300
12243	709.300
12274	709.300
12276	709.300
12281	709.300
12293	709.300
12322	709.300
12377	709.300
12401	709.300
12405	709.300
12424	709.300
12463	709.300
12496	709.300
12499	709.300
12517	709.300
12545	709.300
12583	709.300
12630	709.300
12647	709.300
12695	709.300
12710	709.300
12728	709.300
12765	709.300
12818	709.300
12838	709.300
12846	709.300
12850	709.300
12863	709.300
12867	709.300
12875	709.300
12968	709.300
12974	709.300
12996	709.300
13003	709.300
13004	709.300
13030	709.300
13079	709.300
13125	709.300
13126	709.300
13129	709.300
13156	709.300
13164	709.300
13172	709.300
13174	709.300
13193	709.300
13272	709.300
13317	709.300
13347	709.300
13349	709.300
13352	709.300
13357	709.300
13384	709.300
13446	709.300
13453	709.300
11335	709.400
11399	709.400
11414	709.400
11422	709.400
11433	709.400
11451	709.400
11484	709.400
11515	709.400
11561	709.400
11580	709.400
11623	709.400
11624	709.400
11631	709.400
11640	709.400
11651	709.400
11666	709.400
11704	709.400
11705	709.400
11729	709.400
11745	709.400
11753	709.400
11776	709.400
11859	709.400
11862	709.400
11892	709.400
11916	709.400
11924	709.400
11976	709.400
11981	709.400
11993	709.400
12024	709.400
12049	709.400
12107	709.400
12139	709.400
12184	709.400
12200	709.400
12254	709.400
12307	709.400
12310	709.400
12311	709.400
12314	709.400
12374	709.400
12387	709.400
12392	709.400
12399	709.400
12443	709.400
12451	709.400
12452	709.400
12491	709.400
12497	709.400
12504	709.400
12599	709.400
12604	709.400
12606	709.400
12632	709.400
12685	709.400
12703	709.400
12711	709.400
12718	709.400
12723	709.400
12746	709.400
12778	709.400
12797	709.400
12804	709.400
12811	709.400
12823	709.400
12831	709.400
12836	709.400
12870	709.400
12879	709.400
12882	709.400
12918	709.400
12932	709.400
12948	709.400
12956	709.400
12970	709.400
13017	709.400
13021	709.400
13038	709.400
13058	709.400
13059	709.400
13072	709.400
13078	709.400
13130	709.400
13133	709.400
13137	709.400
13196	709.400
13223	709.400
13244	709.400
13249	709.400
13278	709.400
13302	709.400
13312	709.400
13334	709.400
13364	709.400
13411	709.400
13461	709.400
13468	709.400
13473	709.400
13480	709.400
11303	709.500
11347	709.500
11353	709.500
11410	709.500
11453	709.500
11461	709.500
11472	709.500
11478	709.500
11483	709.500
11563	709.500
11589	709.500
11607	709.500
11653	709.500
11679	709.500
11685	709.500
11702	709.500
11703	709.500
11706	709.500
11734	709.500
11795	709.500
11801	709.500
11818	709.500
11820	709.500
11830	709.500
11842	709.500
11893	709.500
11895	709.500
11940	709.500
11954	709.500
11959	709.500
11988	709.500
12001	709.500
12031	709.500
12036	709.500
12046	709.500
12112	709.500
12187	709.500
12191	709.500
12203	709.500
12206	709.500
12241	709.500
12266	709.500
12289	709.500
12290	709.500
12325	709.500
12380	709.500
12383	709.500
12398	709.500
12411	709.500
12444	709.500
12520	709.500
12529	709.500
12531	709.500
12552	709.500
12554	709.500
12572	709.500
12625	709.500
12649	709.500
12743	709.500
12757	709.500
12769	709.500
12792	709.500
12796	709.500
12807	709.500
12833	709.500
12890	709.500
12893	709.500
12941	709.500
12945	709.500
12946	709.500
13007	709.500
13012	709.500
13029	709.500
13060	709.500
13063	709.500
13080	709.500
13105	709.500
13120	709.500
13143	709.500
13204	709.500
13299	709.500
13308	709.500
13363	709.500
13397	709.500
13447	709.500
13448	709.500
13467	709.500
13472	709.500
13477	709.500
11298	709.600
11326	709.600
11359	709.600
11367	709.600
11372	709.600
11383	709.600
11392	709.600
11394	709.600
11400	709.600
11403	709.600
11466	709.600
11470	709.600
11486	709.600
11494	709.600
11507	709.600
11508	709.600
11521	709.600
11535	709.600
11546	709.600
11548	709.600
11550	709.600
11568	709.600
11571	709.600
11595	709.600
11642	709.600
11655	709.600
11686	709.600
11696	709.600
11736	709.600
11740	709.600
11756	709.600
11765	709.600
11767	709.600
11822	709.600
11882	709.600
11920	709.600
11934	709.600
11939	709.600
11955	709.600
12051	709.600
12092	709.600
12099	709.600
12100	709.600
12114	709.600
12122	709.600
12132	709.600
12237	709.600
12280	709.600
12287	709.600
12295	709.600
12334	709.600
12336	709.600
12337	709.600
12345	709.600
12347	709.600
12354	709.600
12375	709.600
12455	709.600
12498	709.600
12502	709.600
12539	709.600
12548	709.600
12594	709.600
12601	709.600
12612	709.600
12627	709.600
12634	709.600
12677	709.600
12679	709.600
12731	709.600
12736	709.600
12763	709.600
12794	709.600
12805	709.600
12826	709.600
12832	709.600
12845	709.600
12857	709.600
12880	709.600
12886	709.600
12917	709.600
12937	709.600
12978	709.600
12983	709.600
13013	709.600
13022	709.600
13043	709.600
13045	709.600
13068	709.600
13085	709.600
13095	709.600
13182	709.600
13189	709.600
13222	709.600
13224	709.600
13247	709.600
13251	709.600
13264	709.600
13282	709.600
13331	709.600
13356	709.600
13372	709.600
13375	709.600
13379	709.600
13387	709.600
13419	709.600
13442	709.600
13469	709.600
13486	709.600
11317	709.700
11334	709.700
11362	709.700
11366	709.700
11371	709.700
11382	709.700
11409	709.700
11423	709.700
11438	709.700
11439	709.700
11441	709.700
11442	709.700
11458	709.700
11467	709.700
11473	709.700
11504	709.700
11505	709.700
11512	709.700
11526	709.700
11543	709.700
11562	709.700
11617	709.700
11620	709.700
11637	709.700
11647	709.700
11682	709.700
11712	709.700
11733	709.700
11747	709.700
11750	709.700
11751	709.700
11782	709.700
11814	709.700
11823	709.700
11831	709.700
11872	709.700
11878	709.700
11894	709.700
11945	709.700
11946	709.700
11963	709.700
11975	709.700
11978	709.700
11979	709.700
11986	709.700
11992	709.700
12000	709.700
12006	709.700
12019	709.700
12047	709.700
12063	709.700
12080	709.700
12086	709.700
12087	709.700
12102	709.700
12110	709.700
12118	709.700
12128	709.700
12129	709.700
12141	709.700
12164	709.700
12166	709.700
12188	709.700
12208	709.700
12229	709.700
12239	709.700
12247	709.700
12273	709.700
12298	709.700
12300	709.700
12343	709.700
12353	709.700
12360	709.700
12445	709.700
12470	709.700
12511	709.700
12534	709.700
12555	709.700
12565	709.700
12591	709.700
12626	709.700
12638	709.700
12641	709.700
12648	709.700
12681	709.700
12684	709.700
12686	709.700
12696	709.700
12700	709.700
12707	709.700
12709	709.700
12717	709.700
12725	709.700
12730	709.700
12756	709.700
12791	709.700
12847	709.700
12900	709.700
12902	709.700
12927	709.700
12928	709.700
12931	709.700
12953	709.700
13019	709.700
13069	709.700
13070	709.700
13084	709.700
13090	709.700
13096	709.700
13162	709.700
13167	709.700
13226	709.700
13230	709.700
13250	709.700
13255	709.700
13276	709.700
13279	709.700
13293	709.700
13303	709.700
13315	709.700
13327	709.700
13348	709.700
13351	709.700
13361	709.700
13367	709.700
13380	709.700
13391	709.700
13394	709.700
13407	709.700
13417	709.700
13438	709.700
13443	709.700
13455	709.700
13460	709.700
13466	709.700
11301	709.800
11319	709.800
11340	709.800
11412	709.800
11456	709.800
11474	709.800
11479	709.800
11492	709.800
11510	709.800
11530	709.800
11572	709.800
11598	709.800
11606	709.800
11627	709.800
11649	709.800
11663	709.800
11671	709.800
11672	709.800
11711	709.800
11749	709.800
11766	709.800
11797	709.800
11800	709.800
11804	709.800
11825	709.800
11835	709.800
11846	709.800
11871	709.800
11888	709.800
11915	709.800
11935	709.800
11960	709.800
11980	709.800
11998	709.800
12010	709.800
12014	709.800
12021	709.800
12032	709.800
12053	709.800
12064	709.800
12067	709.800
12073	709.800
12094	709.800
12096	709.800
12101	709.800
12111	709.800
12134	709.800
12144	709.800
12161	709.800
12185	709.800
12249	709.800
12296	709.800
12318	709.800
12356	709.800
12366	709.800
12385	709.800
12386	709.800
12402	709.800
12404	709.800
12406	709.800
12459	709.800
12461	709.800
12469	709.800
12474	709.800
12476	709.800
12477	709.800
12493	709.800
12515	709.800
12521	709.800
12549	709.800
12569	709.800
12582	709.800
12596	709.800
12605	709.800
12663	709.800
12683	709.800
12688	709.800
12693	709.800
12722	709.800
12741	709.800
12752	709.800
12764	709.800
12775	709.800
12787	709.800
12859	709.800
12892	709.800
12922	709.800
12933	709.800
12949	709.800
12955	709.800
12958	709.800
12972	709.800
12973	709.800
12975	709.800
12984	709.800
13023	709.800
13039	709.800
13041	709.800
13061	709.800
13062	709.800
13076	709.800
13109	709.800
13115	709.800
13144	709.800
13147	709.800
13154	709.800
13170	709.800
13197	709.800
13210	709.800
13215	709.800
13227	709.800
13237	709.800
13238	709.800
13241	709.800
13256	709.800
13261	709.800
13267	709.800
13281	709.800
13286	709.800
13287	709.800
13318	709.800
13324	709.800
13335	709.800
13360	709.800
13368	709.800
13400	709.800
13425	709.800
13429	709.800
13430	709.800
13458	709.800
13471	709.800
11302	709.900
11344	709.900
11358	709.900
11385	709.900
11386	709.900
11387	709.900
11390	709.900
11405	709.900
11427	709.900
11432	709.900
11440	709.900
11449	709.900
11457	709.900
11459	709.900
11462	709.900
11465	709.900
11468	709.900
11509	709.900
11529	709.900
11549	709.900
11556	709.900
11585	709.900
11594	709.900
11728	709.900
11781	709.900
11783	709.900
11817	709.900
11819	709.900
11848	709.900
11855	709.900
11905	709.900
11908	709.900
11927	709.900
11929	709.900
11962	709.900
12013	709.900
12025	709.900
12056	709.900
12057	709.900
12059	709.900
12061	709.900
12084	709.900
12090	709.900
12105	709.900
12108	709.900
12124	709.900
12125	709.900
12150	709.900
12199	709.900
12205	709.900
12278	709.900
12400	709.900
12414	709.900
12434	709.900
12446	709.900
12501	709.900
12535	709.900
12628	709.900
12660	709.900
12669	709.900
12671	709.900
12701	709.900
12733	709.900
12740	709.900
12745	709.900
12753	709.900
12754	709.900
12770	709.900
12777	709.900
12795	709.900
12816	709.900
12817	709.900
12825	709.900
12829	709.900
12841	709.900
12853	709.900
12858	709.900
12872	709.900
12889	709.900
12891	709.900
12895	709.900
12910	709.900
12914	709.900
12952	709.900
12981	709.900
12985	709.900
12990	709.900
13026	709.900
13027	709.900
13031	709.900
13033	709.900
13034	709.900
13040	709.900
13054	709.900
13074	709.900
13086	709.900
13088	709.900
13103	709.900
13104	709.900
13110	709.900
13122	709.900
13124	709.900
13131	709.900
13146	709.900
13148	709.900
13185	709.900
13225	709.900
13232	709.900
13234	709.900
13265	709.900
13288	709.900
13313	709.900
13346	709.900
13373	709.900
13393	709.900
13456	709.900
13463	709.900
13478	709.900
13481	709.900
13484	709.900
11306	710.000
11309	710.000
11338	710.000
11349	710.000
11391	710.000
11406	710.000
11420	710.000
11431	710.000
11436	710.000
11495	710.000
11551	710.000
11552	710.000
11576	710.000
11601	710.000
11603	710.000
11609	710.000
11613	710.000
11659	710.000
11668	710.000
11674	710.000
11676	710.000
11687	710.000
11709	710.000
11710	710.000
11714	710.000
11715	710.000
11718	710.000
11719	710.000
11735	710.000
11752	710.000
11761	710.000
11768	710.000
11777	710.000
11779	710.000
11809	710.000
11810	710.000
11860	710.000
11914	710.000
11926	710.000
11957	710.000
11958	710.000
11997	710.000
12002	710.000
12052	710.000
12060	710.000
12072	710.000
12075	710.000
12085	710.000
12104	710.000
12133	710.000
12136	710.000
12152	710.000
12153	710.000
12165	710.000
12169	710.000
12173	710.000
12176	710.000
12178	710.000
12196	710.000
12202	710.000
12210	710.000
12215	710.000
12270	710.000
12308	710.000
12321	710.000
12324	710.000
12351	710.000
12359	710.000
12362	710.000
12394	710.000
12419	710.000
12420	710.000
12435	710.000
12465	710.000
12503	710.000
12533	710.000
12567	710.000
12609	710.000
12640	710.000
12646	710.000
12665	710.000
12666	710.000
12674	710.000
12762	710.000
12767	710.000
12771	710.000
12776	710.000
12789	710.000
12810	710.000
12839	710.000
12844	710.000
12854	710.000
12866	710.000
12871	710.000
12873	710.000
12877	710.000
12878	710.000
12894	710.000
12901	710.000
12906	710.000
12920	710.000
12940	710.000
12960	710.000
12971	710.000
12998	710.000
13025	710.000
13071	710.000
13073	710.000
13098	710.000
13108	710.000
13121	710.000
13138	710.000
13142	710.000
13150	710.000
13155	710.000
13158	710.000
13160	710.000
13166	710.000
13169	710.000
13203	710.000
13205	710.000
13209	710.000
13211	710.000
13236	710.000
13243	710.000
13248	710.000
13263	710.000
13285	710.000
13295	710.000
13300	710.000
13311	710.000
13314	710.000
13336	710.000
13345	710.000
13376	710.000
13392	710.000
13396	710.000
13437	710.000
13441	710.000
13452	710.000
11305	710.100
11314	710.100
11329	710.100
11341	710.100
11411	710.100
11417	710.100
11418	710.100
11428	710.100
11485	710.100
11487	710.100
11498	710.100
11503	710.100
11506	710.100
11517	710.100
11523	710.100
11527	710.100
11532	710.100
11534	710.100
11539	710.100
11544	710.100
11587	710.100
11677	710.100
11693	710.100
11722	710.100
11726	710.100
11758	710.100
11760	710.100
11772	710.100
11773	710.100
11792	710.100
11794	710.100
11808	710.100
11826	710.100
11829	710.100
11852	710.100
11874	710.100
11880	710.100
11884	710.100
11897	710.100
11906	710.100
11930	710.100
11965	710.100
11977	710.100
12007	710.100
12017	710.100
12018	710.100
12023	710.100
12120	710.100
12137	710.100
12143	710.100
12154	710.100
12155	710.100
12172	710.100
12189	710.100
12190	710.100
12213	710.100
12226	710.100
12269	710.100
12275	710.100
12282	710.100
12284	710.100
12313	710.100
12315	710.100
12319	710.100
12331	710.100
12344	710.100
12349	710.100
12357	710.100
12364	710.100
12432	710.100
12433	710.100
12436	710.100
12439	710.100
12440	710.100
12442	710.100
12453	710.100
12466	710.100
12467	710.100
12485	710.100
12492	710.100
12524	710.100
12530	710.100
12547	710.100
12556	710.100
12603	710.100
12616	710.100
12624	710.100
12631	710.100
12668	710.100
12672	710.100
12713	710.100
12739	710.100
12747	710.100
12748	710.100
12750	710.100
12781	710.100
12783	710.100
12798	710.100
12815	710.100
12827	710.100
12864	710.100
12868	710.100
12913	710.100
12915	710.100
13014	710.100
13018	710.100
13028	710.100
13036	710.100
13037	710.100
13044	710.100
13047	710.100
13064	710.100
13067	710.100
13075	710.100
13106	710.100
13113	710.100
13128	710.100
13134	710.100
13173	710.100
13178	710.100
13239	710.100
13260	710.100
13262	710.100
13291	710.100
13297	710.100
13298	710.100
13319	710.100
13325	710.100
13330	710.100
13350	710.100
13365	710.100
13388	710.100
13395	710.100
13409	710.100
13423	710.100
13449	710.100
13451	710.100
13474	710.100
13476	710.100
11321	710.200
11351	710.200
11368	710.200
11389	710.200
11402	710.200
11408	710.200
11416	710.200
11443	710.200
11481	710.200
11524	710.200
11557	710.200
11560	710.200
11564	710.200
11575	710.200
11582	710.200
11654	710.200
11657	710.200
11673	710.200
11684	710.200
11717	710.200
11725	710.200
11746	710.200
11757	710.200
11762	710.200
11780	710.200
11791	710.200
11802	710.200
11815	710.200
11824	710.200
11866	710.200
11887	710.200
11896	710.200
11902	710.200
11903	710.200
11964	710.200
11970	710.200
11971	710.200
11972	710.200
11983	710.200
11990	710.200
11994	710.200
11995	710.200
12005	710.200
12022	710.200
12038	710.200
12039	710.200
12066	710.200
12145	710.200
12162	710.200
12174	710.200
12183	710.200
12207	710.200
12288	710.200
12303	710.200
12335	710.200
12340	710.200
12350	710.200
12358	710.200
12389	710.200
12403	710.200
12407	710.200
12425	710.200
12427	710.200
12428	710.200
12489	710.200
12494	710.200
12528	710.200
12543	710.200
12562	710.200
12577	710.200
12593	710.200
12633	710.200
12639	710.200
12643	710.200
12661	710.200
12714	710.200
12729	710.200
12742	710.200
12755	710.200
12759	710.200
12782	710.200
12790	710.200
12813	710.200
12821	710.200
12828	710.200
12881	710.200
12896	710.200
12897	710.200
12898	710.200
12939	710.200
12950	710.200
12969	710.200
12976	710.200
12982	710.200
13001	710.200
13055	710.200
13056	710.200
13083	710.200
13099	710.200
13151	710.200
13159	710.200
13180	710.200
13202	710.200
13207	710.200
13229	710.200
13292	710.200
13323	710.200
13328	710.200
13341	710.200
13362	710.200
13378	710.200
13382	710.200
13383	710.200
13402	710.200
13405	710.200
13420	710.200
13434	710.200
13439	710.200
13445	710.200
13479	710.200
11352	710.300
11415	710.300
11455	710.300
11460	710.300
11519	710.300
11541	710.300
11555	710.300
11581	710.300
11586	710.300
11590	710.300
11605	710.300
11629	710.300
11641	710.300
11652	710.300
11656	710.300
11664	710.300
11669	710.300
11755	710.300
11769	710.300
11788	710.300
11841	710.300
11854	710.300
11861	710.300
11933	710.300
11947	710.300
11968	710.300
11996	710.300
12078	710.300
12109	710.300
12149	710.300
12179	710.300
12182	710.300
12220	710.300
12283	710.300
12292	710.300
12368	710.300
12388	710.300
12391	710.300
12397	710.300
12413	710.300
12418	710.300
12422	710.300
12430	710.300
12487	710.300
12506	710.300
12510	710.300
12574	710.300
12576	710.300
12588	710.300
12620	710.300
12629	710.300
12734	710.300
12802	710.300
12806	710.300
12814	710.300
12837	710.300
12843	710.300
12849	710.300
12908	710.300
12911	710.300
12997	710.300
13015	710.300
13052	710.300
13057	710.300
13082	710.300
13087	710.300
13089	710.300
13091	710.300
13094	710.300
13157	710.300
13194	710.300
13253	710.300
13306	710.300
13332	710.300
13333	710.300
13414	710.300
13450	710.300
13485	710.300
11318	710.400
11322	710.400
11339	710.400
11502	710.400
11553	710.400
11570	710.400
11662	710.400
11698	710.400
11739	710.400
11813	710.400
11883	710.400
11885	710.400
11900	710.400
11922	710.400
12044	710.400
12083	710.400
12175	710.400
12194	710.400
12233	710.400
12246	710.400
12323	710.400
12381	710.400
12384	710.400
12437	710.400
12473	710.400
12512	710.400
12590	710.400
12656	710.400
12943	710.400
12954	710.400
13111	710.400
13135	710.400
13139	710.400
13163	710.400
13228	710.400
13277	710.400
13371	710.400
13422	710.400
13454	710.400
11332	710.500
11360	710.500
11395	710.500
11593	710.500
11614	710.500
11634	710.500
11644	710.500
11645	710.500
11665	710.500
11730	710.500
11953	710.500
11973	710.500
12121	710.500
12170	710.500
12291	710.500
12378	710.500
12479	710.500
12532	710.500
12551	710.500
12637	710.500
12644	710.500
12705	710.500
12812	710.500
12824	710.500
12885	710.500
12925	710.500
12957	710.500
13127	710.500
13141	710.500
13183	710.500
13191	710.500
13199	710.500
13245	710.500
13320	710.500
13389	710.500
13408	710.500
13415	710.500
13470	710.500
11336	710.600
11374	710.600
11376	710.600
11490	710.600
11612	710.600
11742	710.600
11771	710.600
11798	710.600
11932	710.600
12089	710.600
12106	710.600
12393	710.600
12687	710.600
12760	710.600
12820	710.600
12966	710.600
13190	710.600
13246	710.600
13432	710.600
13440	710.600
12245	710.700
12328	710.700
12372	710.700
12483	710.700
12650	710.700
12967	710.700
13427	710.700
13369	710.800
12874	711.000
12495	712.500
13356	712.500
11783	712.600
12972	712.600
13168	712.600
13336	712.600
11585	712.700
11678	712.700
11693	712.700
11777	712.700
11782	712.700
12056	712.700
12148	712.700
12174	712.700
12318	712.700
12336	712.700
12387	712.700
12671	712.700
12729	712.700
13134	712.700
13256	712.700
13396	712.700
11314	712.800
11358	712.800
11402	712.800
11408	712.800
11427	712.800
11462	712.800
11485	712.800
11539	712.800
11541	712.800
11687	712.800
11718	712.800
11722	712.800
11756	712.800
11762	712.800
11766	712.800
11768	712.800
11887	712.800
11958	712.800
11986	712.800
12017	712.800
12023	712.800
12032	712.800
12072	712.800
12075	712.800
12096	712.800
12107	712.800
12133	712.800
12136	712.800
12189	712.800
12197	712.800
12207	712.800
12226	712.800
12331	712.800
12353	712.800
12357	712.800
12404	712.800
12407	712.800
12433	712.800
12467	712.800
12537	712.800
12594	712.800
12624	712.800
12628	712.800
12640	712.800
12747	712.800
12789	712.800
12810	712.800
12815	712.800
12881	712.800
12891	712.800
12892	712.800
12897	712.800
12910	712.800
12920	712.800
12937	712.800
12973	712.800
13012	712.800
13019	712.800
13061	712.800
13063	712.800
13103	712.800
13193	712.800
13202	712.800
13203	712.800
13211	712.800
13324	712.800
13325	712.800
13345	712.800
13379	712.800
13448	712.800
13478	712.800
13479	712.800
11338	712.900
11341	712.900
11344	712.900
11348	712.900
11349	712.900
11366	712.900
11382	712.900
11385	712.900
11387	712.900
11389	712.900
11390	712.900
11396	712.900
11406	712.900
11412	712.900
11440	712.900
11467	712.900
11468	712.900
11470	712.900
11479	712.900
11487	712.900
11492	712.900
11498	712.900
11503	712.900
11510	712.900
11512	712.900
11544	712.900
11549	712.900
11552	712.900
11556	712.900
11576	712.900
11582	712.900
11594	712.900
11609	712.900
11613	712.900
11617	712.900
11627	712.900
11636	712.900
11654	712.900
11674	712.900
11684	712.900
11709	712.900
11725	712.900
11736	712.900
11746	712.900
11750	712.900
11755	712.900
11757	712.900
11772	712.900
11781	712.900
11788	712.900
11820	712.900
11823	712.900
11825	712.900
11835	712.900
11884	712.900
11896	712.900
11922	712.900
11927	712.900
11929	712.900
11930	712.900
11933	712.900
11955	712.900
11964	712.900
11965	712.900
11968	712.900
11975	712.900
11997	712.900
12005	712.900
12013	712.900
12018	712.900
12021	712.900
12045	712.900
12059	712.900
12080	712.900
12084	712.900
12124	712.900
12143	712.900
12144	712.900
12147	712.900
12153	712.900
12166	712.900
12172	712.900
12173	712.900
12183	712.900
12196	712.900
12202	712.900
12213	712.900
12270	712.900
12282	712.900
12283	712.900
12292	712.900
12300	712.900
12315	712.900
12319	712.900
12335	712.900
12340	712.900
12349	712.900
12362	712.900
12389	712.900
12403	712.900
12406	712.900
12419	712.900
12430	712.900
12434	712.900
12489	712.900
12521	712.900
12533	712.900
12534	712.900
12535	712.900
12543	712.900
12545	712.900
12547	712.900
12562	712.900
12565	712.900
12584	712.900
12591	712.900
12603	712.900
12631	712.900
12643	712.900
12684	712.900
12709	712.900
12753	712.900
12754	712.900
12770	712.900
12775	712.900
12777	712.900
12781	712.900
12782	712.900
12783	712.900
12796	712.900
12841	712.900
12853	712.900
12854	712.900
12866	712.900
12872	712.900
12895	712.900
12906	712.900
12908	712.900
12915	712.900
12939	712.900
12940	712.900
12946	712.900
12955	712.900
12983	712.900
12997	712.900
13001	712.900
13018	712.900
13040	712.900
13050	712.900
13056	712.900
13069	712.900
13070	712.900
13104	712.900
13115	712.900
13124	712.900
13131	712.900
13138	712.900
13142	712.900
13151	712.900
13154	712.900
13157	712.900
13158	712.900
13164	712.900
13166	712.900
13209	712.900
13225	712.900
13232	712.900
13252	712.900
13261	712.900
13262	712.900
13279	712.900
13287	712.900
13297	712.900
13298	712.900
13306	712.900
13311	712.900
13313	712.900
13319	712.900
13323	712.900
13351	712.900
13368	712.900
13376	712.900
13409	712.900
13445	712.900
13449	712.900
13456	712.900
13458	712.900
13463	712.900
13476	712.900
11306	713.000
11318	713.000
11321	713.000
11322	713.000
11339	713.000
11340	713.000
11352	713.000
11368	713.000
11371	713.000
11372	713.000
11386	713.000
11409	713.000
11411	713.000
11420	713.000
11423	713.000
11428	713.000
11443	713.000
11451	713.000
11455	713.000
11456	713.000
11459	713.000
11495	713.000
11505	713.000
11506	713.000
11507	713.000
11508	713.000
11521	713.000
11524	713.000
11527	713.000
11532	713.000
11546	713.000
11553	713.000
11560	713.000
11562	713.000
11572	713.000
11581	713.000
11586	713.000
11587	713.000
11589	713.000
11601	713.000
11629	713.000
11644	713.000
11652	713.000
11656	713.000
11659	713.000
11660	713.000
11663	713.000
11669	713.000
11705	713.000
11714	713.000
11715	713.000
11719	713.000
11726	713.000
11728	713.000
11729	713.000
11730	713.000
11731	713.000
11745	713.000
11747	713.000
11749	713.000
11752	713.000
11760	713.000
11761	713.000
11764	713.000
11765	713.000
11769	713.000
11773	713.000
11774	713.000
11791	713.000
11800	713.000
11824	713.000
11829	713.000
11836	713.000
11841	713.000
11855	713.000
11866	713.000
11871	713.000
11874	713.000
11880	713.000
11885	713.000
11888	713.000
11899	713.000
11902	713.000
11903	713.000
11908	713.000
11920	713.000
11935	713.000
11939	713.000
11946	713.000
11947	713.000
11954	713.000
11957	713.000
11960	713.000
11963	713.000
11970	713.000
11983	713.000
11990	713.000
11996	713.000
11998	713.000
12002	713.000
12007	713.000
12022	713.000
12025	713.000
12031	713.000
12046	713.000
12063	713.000
12066	713.000
12078	713.000
12083	713.000
12097	713.000
12101	713.000
12108	713.000
12111	713.000
12125	713.000
12145	713.000
12152	713.000
12155	713.000
12161	713.000
12164	713.000
12165	713.000
12170	713.000
12176	713.000
12178	713.000
12185	713.000
12191	713.000
12220	713.000
12237	713.000
12249	713.000
12254	713.000
12266	713.000
12269	713.000
12278	713.000
12284	713.000
12288	713.000
12298	713.000
12303	713.000
12313	713.000
12321	713.000
12324	713.000
12337	713.000
12343	713.000
12345	713.000
12350	713.000
12375	713.000
12378	713.000
12380	713.000
12384	713.000
12385	713.000
12388	713.000
12391	713.000
12402	713.000
12411	713.000
12425	713.000
12427	713.000
12428	713.000
12435	713.000
12442	713.000
12444	713.000
12445	713.000
12453	713.000
12455	713.000
12469	713.000
12474	713.000
12476	713.000
12492	713.000
12494	713.000
12503	713.000
12506	713.000
12515	713.000
12528	713.000
12532	713.000
12556	713.000
12567	713.000
12568	713.000
12572	713.000
12576	713.000
12588	713.000
12590	713.000
12598	713.000
12620	713.000
12634	713.000
12641	713.000
12661	713.000
12662	713.000
12665	713.000
12666	713.000
12668	713.000
12672	713.000
12674	713.000
12675	713.000
12677	713.000
12683	713.000
12688	713.000
12696	713.000
12701	713.000
12714	713.000
12717	713.000
12730	713.000
12734	713.000
12738	713.000
12739	713.000
12741	713.000
12742	713.000
12743	713.000
12750	713.000
12752	713.000
12755	713.000
12759	713.000
12762	713.000
12763	713.000
12767	713.000
12771	713.000
12776	713.000
12790	713.000
12797	713.000
12798	713.000
12806	713.000
12813	713.000
12821	713.000
12823	713.000
12828	713.000
12843	713.000
12847	713.000
12850	713.000
12859	713.000
12868	713.000
12878	713.000
12943	713.000
12956	713.000
12959	713.000
12960	713.000
12976	713.000
12982	713.000
12985	713.000
12990	713.000
13014	713.000
13021	713.000
13023	713.000
13028	713.000
13031	713.000
13034	713.000
13037	713.000
13041	713.000
13044	713.000
13047	713.000
13055	713.000
13067	713.000
13074	713.000
13076	713.000
13082	713.000
13087	713.000
13088	713.000
13091	713.000
13094	713.000
13095	713.000
13098	713.000
13099	713.000
13106	713.000
13111	713.000
13113	713.000
13122	713.000
13127	713.000
13135	713.000
13139	713.000
13147	713.000
13150	713.000
13159	713.000
13169	713.000
13177	713.000
13180	713.000
13194	713.000
13195	713.000
13205	713.000
13215	713.000
13228	713.000
13234	713.000
13238	713.000
13243	713.000
13245	713.000
13253	713.000
13267	713.000
13276	713.000
13277	713.000
13285	713.000
13288	713.000
13291	713.000
13292	713.000
13295	713.000
13296	713.000
13300	713.000
13328	713.000
13333	713.000
13361	713.000
13365	713.000
13378	713.000
13380	713.000
13383	713.000
13391	713.000
13414	713.000
13417	713.000
13423	713.000
13429	713.000
13439	713.000
13450	713.000
13454	713.000
13460	713.000
13471	713.000
13473	713.000
13474	713.000
13481	713.000
13484	713.000
13485	713.000
11301	713.100
11302	713.100
11308	713.100
11309	713.100
11317	713.100
11319	713.100
11326	713.100
11329	713.100
11332	713.100
11346	713.100
11351	713.100
11374	713.100
11381	713.100
11391	713.100
11394	713.100
11415	713.100
11416	713.100
11441	713.100
11449	713.100
11457	713.100
11461	713.100
11465	713.100
11473	713.100
11474	713.100
11481	713.100
11493	713.100
11502	713.100
11509	713.100
11517	713.100
11525	713.100
11530	713.100
11534	713.100
11548	713.100
11551	713.100
11555	713.100
11557	713.100
11563	713.100
11564	713.100
11570	713.100
11575	713.100
11590	713.100
11595	713.100
11597	713.100
11605	713.100
11606	713.100
11607	713.100
11611	713.100
11614	713.100
11620	713.100
11626	713.100
11641	713.100
11645	713.100
11646	713.100
11653	713.100
11657	713.100
11662	713.100
11668	713.100
11671	713.100
11672	713.100
11673	713.100
11676	713.100
11677	713.100
11698	713.100
11706	713.100
11711	713.100
11713	713.100
11717	713.100
11735	713.100
11739	713.100
11740	713.100
11742	713.100
11751	713.100
11758	713.100
11763	713.100
11775	713.100
11779	713.100
11785	713.100
11787	713.100
11794	713.100
11801	713.100
11802	713.100
11806	713.100
11808	713.100
11810	713.100
11818	713.100
11819	713.100
11834	713.100
11846	713.100
11852	713.100
11854	713.100
11860	713.100
11861	713.100
11883	713.100
11897	713.100
11900	713.100
11905	713.100
11906	713.100
11911	713.100
11914	713.100
11941	713.100
11948	713.100
11971	713.100
11973	713.100
11980	713.100
11981	713.100
11994	713.100
12000	713.100
12006	713.100
12010	713.100
12014	713.100
12019	713.100
12027	713.100
12030	713.100
12034	713.100
12039	713.100
12051	713.100
12060	713.100
12061	713.100
12064	713.100
12085	713.100
12086	713.100
12089	713.100
12090	713.100
12104	713.100
12105	713.100
12106	713.100
12109	713.100
12110	713.100
12118	713.100
12121	713.100
12128	713.100
12134	713.100
12149	713.100
12150	713.100
12154	713.100
12162	713.100
12169	713.100
12179	713.100
12187	713.100
12188	713.100
12190	713.100
12194	713.100
12209	713.100
12215	713.100
12219	713.100
12229	713.100
12247	713.100
12261	713.100
12275	713.100
12276	713.100
12291	713.100
12306	713.100
12323	713.100
12344	713.100
12351	713.100
12358	713.100
12359	713.100
12366	713.100
12368	713.100
12390	713.100
12394	713.100
12396	713.100
12397	713.100
12398	713.100
12405	713.100
12418	713.100
12420	713.100
12422	713.100
12432	713.100
12436	713.100
12437	713.100
12439	713.100
12460	713.100
12465	713.100
12466	713.100
12473	713.100
12479	713.100
12485	713.100
12487	713.100
12491	713.100
12493	713.100
12499	713.100
12500	713.100
12504	713.100
12524	713.100
12527	713.100
12530	713.100
12569	713.100
12574	713.100
12582	713.100
12593	713.100
12596	713.100
12609	713.100
12610	713.100
12616	713.100
12626	713.100
12629	713.100
12630	713.100
12637	713.100
12638	713.100
12639	713.100
12648	713.100
12656	713.100
12660	713.100
12663	713.100
12669	713.100
12700	713.100
12705	713.100
12712	713.100
12722	713.100
12723	713.100
12725	713.100
12731	713.100
12745	713.100
12748	713.100
12787	713.100
12794	713.100
12802	713.100
12805	713.100
12812	713.100
12814	713.100
12816	713.100
12825	713.100
12829	713.100
12832	713.100
12835	713.100
12837	713.100
12839	713.100
12849	713.100
12851	713.100
12871	713.100
12879	713.100
12885	713.100
12889	713.100
12894	713.100
12896	713.100
12898	713.100
12900	713.100
12904	713.100
12911	713.100
12913	713.100
12914	713.100
12922	713.100
12925	713.100
12931	713.100
12950	713.100
12952	713.100
12953	713.100
12954	713.100
12957	713.100
12966	713.100
12969	713.100
12981	713.100
12984	713.100
12992	713.100
13002	713.100
13015	713.100
13025	713.100
13036	713.100
13038	713.100
13039	713.100
13049	713.100
13052	713.100
13054	713.100
13057	713.100
13058	713.100
13062	713.100
13064	713.100
13071	713.100
13075	713.100
13083	713.100
13086	713.100
13089	713.100
13090	713.100
13108	713.100
13109	713.100
13110	713.100
13116	713.100
13120	713.100
13121	713.100
13128	713.100
13141	713.100
13144	713.100
13155	713.100
13156	713.100
13160	713.100
13182	713.100
13183	713.100
13185	713.100
13189	713.100
13190	713.100
13191	713.100
13197	713.100
13201	713.100
13207	713.100
13210	713.100
13221	713.100
13226	713.100
13227	713.100
13229	713.100
13239	713.100
13241	713.100
13260	713.100
13263	713.100
13265	713.100
13278	713.100
13293	713.100
13302	713.100
13314	713.100
13318	713.100
13320	713.100
13331	713.100
13335	713.100
13341	713.100
13346	713.100
13362	713.100
13370	713.100
13373	713.100
13388	713.100
13389	713.100
13393	713.100
13395	713.100
13400	713.100
13405	713.100
13407	713.100
13408	713.100
13411	713.100
13422	713.100
13432	713.100
13433	713.100
13434	713.100
13452	713.100
13453	713.100
13470	713.100
13477	713.100
11303	713.200
11315	713.200
11336	713.200
11347	713.200
11353	713.200
11357	713.200
11359	713.200
11362	713.200
11364	713.200
11367	713.200
11383	713.200
11392	713.200
11395	713.200
11399	713.200
11405	713.200
11431	713.200
11438	713.200
11458	713.200
11460	713.200
11466	713.200
11480	713.200
11483	713.200
11490	713.200
11494	713.200
11504	713.200
11515	713.200
11519	713.200
11523	713.200
11529	713.200
11543	713.200
11574	713.200
11588	713.200
11603	713.200
11612	713.200
11622	713.200
11631	713.200
11634	713.200
11637	713.200
11647	713.200
11664	713.200
11666	713.200
11685	713.200
11686	713.200
11696	713.200
11700	713.200
11708	713.200
11712	713.200
11737	713.200
11771	713.200
11780	713.200
11784	713.200
11789	713.200
11792	713.200
11795	713.200
11797	713.200
11798	713.200
11804	713.200
11809	713.200
11812	713.200
11813	713.200
11815	713.200
11816	713.200
11817	713.200
11826	713.200
11830	713.200
11832	713.200
11837	713.200
11848	713.200
11857	713.200
11872	713.200
11882	713.200
11892	713.200
11898	713.200
11901	713.200
11907	713.200
11926	713.200
11932	713.200
11940	713.200
11953	713.200
11962	713.200
11967	713.200
11972	713.200
11977	713.200
11984	713.200
12001	713.200
12044	713.200
12047	713.200
12052	713.200
12057	713.200
12067	713.200
12074	713.200
12081	713.200
12087	713.200
12092	713.200
12094	713.200
12112	713.200
12116	713.200
12120	713.200
12129	713.200
12132	713.200
12137	713.200
12158	713.200
12175	713.200
12182	713.200
12184	713.200
12199	713.200
12200	713.200
12208	713.200
12211	713.200
12222	713.200
12233	713.200
12239	713.200
12245	713.200
12250	713.200
12286	713.200
12289	713.200
12293	713.200
12308	713.200
12317	713.200
12328	713.200
12334	713.200
12347	713.200
12354	713.200
12364	713.200
12369	713.200
12372	713.200
12381	713.200
12386	713.200
12393	713.200
12400	713.200
12401	713.200
12413	713.200
12414	713.200
12424	713.200
12446	713.200
12461	713.200
12477	713.200
12483	713.200
12501	713.200
12502	713.200
12512	713.200
12514	713.200
12523	713.200
12539	713.200
12548	713.200
12549	713.200
12551	713.200
12554	713.200
12566	713.200
12605	713.200
12606	713.200
12614	713.200
12644	713.200
12646	713.200
12650	713.200
12679	713.200
12681	713.200
12687	713.200
12707	713.200
12713	713.200
12726	713.200
12733	713.200
12735	713.200
12740	713.200
12757	713.200
12760	713.200
12785	713.200
12807	713.200
12817	713.200
12820	713.200
12824	713.200
12827	713.200
12831	713.200
12845	713.200
12857	713.200
12863	713.200
12864	713.200
12873	713.200
12877	713.200
12880	713.200
12882	713.200
12884	713.200
12918	713.200
12927	713.200
12928	713.200
12933	713.200
12941	713.200
12945	713.200
12947	713.200
12967	713.200
12971	713.200
12975	713.200
12978	713.200
12998	713.200
13003	713.200
13009	713.200
13010	713.200
13013	713.200
13016	713.200
13026	713.200
13027	713.200
13046	713.200
13072	713.200
13073	713.200
13105	713.200
13125	713.200
13140	713.200
13146	713.200
13148	713.200
13162	713.200
13163	713.200
13167	713.200
13170	713.200
13173	713.200
13178	713.200
13186	713.200
13198	713.200
13208	713.200
13222	713.200
13224	713.200
13236	713.200
13244	713.200
13246	713.200
13247	713.200
13248	713.200
13250	713.200
13251	713.200
13264	713.200
13266	713.200
13271	713.200
13272	713.200
13282	713.200
13286	713.200
13312	713.200
13317	713.200
13327	713.200
13332	713.200
13348	713.200
13350	713.200
13363	713.200
13371	713.200
13372	713.200
13375	713.200
13382	713.200
13392	713.200
13394	713.200
13397	713.200
13402	713.200
13415	713.200
13419	713.200
13420	713.200
13425	713.200
13427	713.200
13430	713.200
13431	713.200
13437	713.200
13440	713.200
13441	713.200
13451	713.200
13455	713.200
13466	713.200
13467	713.200
13468	713.200
13469	713.200
11296	713.300
11299	713.300
11305	713.300
11334	713.300
11350	713.300
11355	713.300
11360	713.300
11376	713.300
11400	713.300
11403	713.300
11410	713.300
11417	713.300
11425	713.300
11426	713.300
11436	713.300
11450	713.300
11472	713.300
11491	713.300
11500	713.300
11501	713.300
11516	713.300
11526	713.300
11550	713.300
11554	713.300
11565	713.300
11571	713.300
11573	713.300
11580	713.300
11593	713.300
11598	713.300
11618	713.300
11623	713.300
11624	713.300
11642	713.300
11649	713.300
11651	713.300
11655	713.300
11665	713.300
11667	713.300
11682	713.300
11703	713.300
11707	713.300
11710	713.300
11720	713.300
11733	713.300
11734	713.300
11753	713.300
11831	713.300
11833	713.300
11839	713.300
11865	713.300
11875	713.300
11878	713.300
11895	713.300
11915	713.300
11917	713.300
11924	713.300
11942	713.300
11945	713.300
11969	713.300
11979	713.300
11992	713.300
12009	713.300
12015	713.300
12042	713.300
12053	713.300
12062	713.300
12068	713.300
12073	713.300
12095	713.300
12100	713.300
12102	713.300
12114	713.300
12122	713.300
12130	713.300
12138	713.300
12139	713.300
12141	713.300
12159	713.300
12160	713.300
12167	713.300
12198	713.300
12205	713.300
12210	713.300
12212	713.300
12217	713.300
12230	713.300
12235	713.300
12246	713.300
12248	713.300
12280	713.300
12287	713.300
12294	713.300
12296	713.300
12304	713.300
12356	713.300
12360	713.300
12383	713.300
12426	713.300
12440	713.300
12450	713.300
12452	713.300
12457	713.300
12458	713.300
12463	713.300
12510	713.300
12511	713.300
12520	713.300
12531	713.300
12544	713.300
12553	713.300
12555	713.300
12577	713.300
12579	713.300
12587	713.300
12599	713.300
12601	713.300
12618	713.300
12625	713.300
12633	713.300
12647	713.300
12649	713.300
12653	713.300
12654	713.300
12655	713.300
12664	713.300
12667	713.300
12680	713.300
12685	713.300
12686	713.300
12689	713.300
12698	713.300
12706	713.300
12708	713.300
12716	713.300
12728	713.300
12756	713.300
12764	713.300
12765	713.300
12768	713.300
12769	713.300
12774	713.300
12778	713.300
12793	713.300
12795	713.300
12804	713.300
12809	713.300
12833	713.300
12834	713.300
12844	713.300
12846	713.300
12858	713.300
12867	713.300
12870	713.300
12890	713.300
12893	713.300
12901	713.300
12919	713.300
12923	713.300
12935	713.300
12949	713.300
12961	713.300
12974	713.300
13017	713.300
13033	713.300
13043	713.300
13078	713.300
13084	713.300
13085	713.300
13096	713.300
13130	713.300
13153	713.300
13161	713.300
13199	713.300
13204	713.300
13214	713.300
13219	713.300
13223	713.300
13230	713.300
13237	713.300
13273	713.300
13281	713.300
13294	713.300
13307	713.300
13315	713.300
13329	713.300
13330	713.300
13347	713.300
13355	713.300
13358	713.300
13360	713.300
13364	713.300
13367	713.300
13369	713.300
13404	713.300
13406	713.300
13426	713.300
13438	713.300
13442	713.300
13443	713.300
13480	713.300
13482	713.300
13486	713.300
11310	713.400
11311	713.400
11320	713.400
11324	713.400
11325	713.400
11330	713.400
11342	713.400
11356	713.400
11414	713.400
11421	713.400
11422	713.400
11424	713.400
11434	713.400
11439	713.400
11442	713.400
11447	713.400
11453	713.400
11477	713.400
11478	713.400
11486	713.400
11496	713.400
11511	713.400
11528	713.400
11535	713.400
11567	713.400
11569	713.400
11610	713.400
11625	713.400
11628	713.400
11635	713.400
11640	713.400
11670	713.400
11679	713.400
11683	713.400
11702	713.400
11732	713.400
11767	713.400
11778	713.400
11814	713.400
11843	713.400
11847	713.400
11849	713.400
11850	713.400
11859	713.400
11862	713.400
11868	713.400
11870	713.400
11876	713.400
11909	713.400
11919	713.400
11928	713.400
11938	713.400
11959	713.400
11976	713.400
11978	713.400
11988	713.400
11993	713.400
11995	713.400
12037	713.400
12038	713.400
12040	713.400
12055	713.400
12065	713.400
12070	713.400
12071	713.400
12077	713.400
12099	713.400
12103	713.400
12151	713.400
12163	713.400
12201	713.400
12203	713.400
12204	713.400
12206	713.400
12231	713.400
12236	713.400
12240	713.400
12256	713.400
12265	713.400
12273	713.400
12281	713.400
12290	713.400
12295	713.400
12309	713.400
12310	713.400
12311	713.400
12314	713.400
12316	713.400
12322	713.400
12325	713.400
12332	713.400
12352	713.400
12361	713.400
12365	713.400
12367	713.400
12374	713.400
12399	713.400
12416	713.400
12438	713.400
12441	713.400
12459	713.400
12462	713.400
12470	713.400
12475	713.400
12482	713.400
12488	713.400
12498	713.400
12517	713.400
12536	713.400
12541	713.400
12546	713.400
12552	713.400
12581	713.400
12589	713.400
12602	713.400
12615	713.400
12617	713.400
12645	713.400
12658	713.400
12678	713.400
12693	713.400
12704	713.400
12719	713.400
12736	713.400
12773	713.400
12788	713.400
12792	713.400
12826	713.400
12842	713.400
12856	713.400
12874	713.400
12875	713.400
12876	713.400
12883	713.400
12886	713.400
12887	713.400
12888	713.400
12905	713.400
12924	713.400
12932	713.400
12987	713.400
13000	713.400
13007	713.400
13022	713.400
13045	713.400
13059	713.400
13060	713.400
13065	713.400
13068	713.400
13077	713.400
13097	713.400
13100	713.400
13126	713.400
13133	713.400
13143	713.400
13152	713.400
13196	713.400
13255	713.400
13257	713.400
13258	713.400
13299	713.400
13301	713.400
13303	713.400
13308	713.400
13310	713.400
13321	713.400
13326	713.400
13334	713.400
13340	713.400
13349	713.400
13377	713.400
13385	713.400
13446	713.400
13459	713.400
13465	713.400
13472	713.400
11298	713.500
11313	713.500
11328	713.500
11331	713.500
11365	713.500
11384	713.500
11397	713.500
11398	713.500
11401	713.500
11413	713.500
11418	713.500
11429	713.500
11430	713.500
11432	713.500
11444	713.500
11448	713.500
11464	713.500
11475	713.500
11476	713.500
11484	713.500
11497	713.500
11518	713.500
11520	713.500
11531	713.500
11536	713.500
11558	713.500
11559	713.500
11566	713.500
11568	713.500
11591	713.500
11632	713.500
11648	713.500
11680	713.500
11681	713.500
11689	713.500
11694	713.500
11697	713.500
11699	713.500
11701	713.500
11704	713.500
11716	713.500
11743	713.500
11748	713.500
11776	713.500
11786	713.500
11807	713.500
11811	713.500
11822	713.500
11838	713.500
11863	713.500
11877	713.500
11879	713.500
11894	713.500
11913	713.500
11923	713.500
11934	713.500
11950	713.500
11956	713.500
12011	713.500
12012	713.500
12024	713.500
12026	713.500
12029	713.500
12036	713.500
12041	713.500
12043	713.500
12049	713.500
12069	713.500
12076	713.500
12088	713.500
12091	713.500
12113	713.500
12126	713.500
12146	713.500
12186	713.500
12195	713.500
12216	713.500
12218	713.500
12221	713.500
12227	713.500
12238	713.500
12241	713.500
12243	713.500
12251	713.500
12253	713.500
12263	713.500
12271	713.500
12285	713.500
12312	713.500
12320	713.500
12326	713.500
12329	713.500
12339	713.500
12373	713.500
12377	713.500
12379	713.500
12395	713.500
12412	713.500
12443	713.500
12456	713.500
12481	713.500
12490	713.500
12496	713.500
12497	713.500
12508	713.500
12513	713.500
12522	713.500
12529	713.500
12538	713.500
12540	713.500
12561	713.500
12573	713.500
12580	713.500
12592	713.500
12595	713.500
12604	713.500
12607	713.500
12611	713.500
12612	713.500
12627	713.500
12635	713.500
12636	713.500
12642	713.500
12651	713.500
12691	713.500
12695	713.500
12711	713.500
12727	713.500
12746	713.500
12758	713.500
12791	713.500
12801	713.500
12803	713.500
12818	713.500
12830	713.500
12836	713.500
12869	713.500
12902	713.500
12907	713.500
12942	713.500
12963	713.500
12970	713.500
12994	713.500
13004	713.500
13006	713.500
13008	713.500
13011	713.500
13042	713.500
13048	713.500
13053	713.500
13066	713.500
13080	713.500
13093	713.500
13102	713.500
13112	713.500
13118	713.500
13119	713.500
13137	713.500
13165	713.500
13174	713.500
13206	713.500
13220	713.500
13249	713.500
13259	713.500
13268	713.500
13269	713.500
13289	713.500
13304	713.500
13305	713.500
13337	713.500
13339	713.500
13357	713.500
13387	713.500
13416	713.500
13418	713.500
13447	713.500
13464	713.500
13487	713.500
11307	713.600
11316	713.600
11343	713.600
11354	713.600
11369	713.600
11373	713.600
11388	713.600
11407	713.600
11433	713.600
11435	713.600
11437	713.600
11446	713.600
11452	713.600
11469	713.600
11489	713.600
11583	713.600
11604	713.600
11619	713.600
11639	713.600
11643	713.600
11691	713.600
11723	713.600
11821	713.600
11827	713.600
11853	713.600
11867	713.600
11869	713.600
11881	713.600
11890	713.600
11891	713.600
11893	713.600
11904	713.600
11916	713.600
11921	713.600
11925	713.600
11951	713.600
11961	713.600
12008	713.600
12016	713.600
12082	713.600
12123	713.600
12135	713.600
12168	713.600
12171	713.600
12180	713.600
12192	713.600
12193	713.600
12228	713.600
12234	713.600
12260	713.600
12272	713.600
12274	713.600
12299	713.600
12301	713.600
12302	713.600
12341	713.600
12342	713.600
12346	713.600
12348	713.600
12363	713.600
12370	713.600
12392	713.600
12410	713.600
12429	713.600
12447	713.600
12448	713.600
12451	713.600
12454	713.600
12468	713.600
12518	713.600
12519	713.600
12526	713.600
12558	713.600
12560	713.600
12563	713.600
12571	713.600
12586	713.600
12623	713.600
12682	713.600
12703	713.600
12710	713.600
12718	713.600
12749	713.600
12772	713.600
12786	713.600
12811	713.600
12848	713.600
12852	713.600
12855	713.600
12865	713.600
12917	713.600
12921	713.600
12926	713.600
12934	713.600
12936	713.600
12938	713.600
12951	713.600
12958	713.600
12964	713.600
12977	713.600
12993	713.600
12996	713.600
13020	713.600
13029	713.600
13081	713.600
13129	713.600
13132	713.600
13171	713.600
13172	713.600
13176	713.600
13179	713.600
13181	713.600
13187	713.600
13212	713.600
13217	713.600
13275	713.600
13338	713.600
13344	713.600
13353	713.600
13386	713.600
13401	713.600
13403	713.600
13412	713.600
13413	713.600
13483	713.600
11300	713.700
11304	713.700
11335	713.700
11337	713.700
11361	713.700
11377	713.700
11378	713.700
11379	713.700
11380	713.700
11404	713.700
11445	713.700
11463	713.700
11522	713.700
11540	713.700
11547	713.700
11578	713.700
11602	713.700
11615	713.700
11621	713.700
11661	713.700
11690	713.700
11721	713.700
11727	713.700
11744	713.700
11759	713.700
11799	713.700
11805	713.700
11828	713.700
11842	713.700
11858	713.700
11886	713.700
11966	713.700
11987	713.700
11991	713.700
11999	713.700
12003	713.700
12004	713.700
12028	713.700
12054	713.700
12079	713.700
12093	713.700
12117	713.700
12119	713.700
12156	713.700
12177	713.700
12224	713.700
12232	713.700
12244	713.700
12262	713.700
12305	713.700
12307	713.700
12327	713.700
12382	713.700
12417	713.700
12471	713.700
12480	713.700
12505	713.700
12516	713.700
12525	713.700
12542	713.700
12578	713.700
12583	713.700
12613	713.700
12632	713.700
12676	713.700
12697	713.700
12702	713.700
12720	713.700
12721	713.700
12822	713.700
12838	713.700
12840	713.700
12860	713.700
12861	713.700
12899	713.700
12909	713.700
12929	713.700
12944	713.700
12948	713.700
12991	713.700
13024	713.700
13030	713.700
13035	713.700
13051	713.700
13079	713.700
13101	713.700
13117	713.700
13188	713.700
13280	713.700
13290	713.700
13381	713.700
13384	713.700
13398	713.700
13399	713.700
13428	713.700
13444	713.700
13457	713.700
13461	713.700
13462	713.700
11297	713.800
11323	713.800
11345	713.800
11375	713.800
11513	713.800
11545	713.800
11561	713.800
11579	713.800
11596	713.800
11599	713.800
11600	713.800
11608	713.800
11630	713.800
11633	713.800
11692	713.800
11695	713.800
11754	713.800
11840	713.800
11844	713.800
11873	713.800
11931	713.800
11944	713.800
11949	713.800
11982	713.800
11985	713.800
12020	713.800
12035	713.800
12142	713.800
12181	713.800
12214	713.800
12225	713.800
12277	713.800
12279	713.800
12338	713.800
12371	713.800
12376	713.800
12409	713.800
12415	713.800
12423	713.800
12431	713.800
12464	713.800
12507	713.800
12570	713.800
12575	713.800
12597	713.800
12600	713.800
12619	713.800
12659	713.800
12694	713.800
12737	713.800
12751	713.800
12766	713.800
12912	713.800
12965	713.800
12989	713.800
12995	713.800
13032	713.800
13184	713.800
13233	713.800
13240	713.800
13274	713.800
13309	713.800
13354	713.800
13366	713.800
13374	713.800
13435	713.800
11312	713.900
11363	713.900
11370	713.900
11419	713.900
11454	713.900
11482	713.900
11488	713.900
11537	713.900
11638	713.900
11650	713.900
11658	713.900
11688	713.900
11724	713.900
11741	713.900
11790	713.900
11803	713.900
11845	713.900
11864	713.900
11889	713.900
11918	713.900
11936	713.900
11943	713.900
11952	713.900
12048	713.900
12058	713.900
12098	713.900
12131	713.900
12257	713.900
12267	713.900
12268	713.900
12330	713.900
12333	713.900
12408	713.900
12484	713.900
12509	713.900
12564	713.900
12622	713.900
12690	713.900
12699	713.900
12724	713.900
12732	713.900
12761	713.900
12968	713.900
12979	713.900
12980	713.900
13092	713.900
13322	713.900
13343	713.900
13410	713.900
13421	713.900
13424	713.900
13475	713.900
11514	714.000
12050	714.000
12140	714.000
12255	714.000
12355	714.000
12449	714.000
12557	714.000
12585	714.000
12657	714.000
12962	714.000
12999	714.000
13005	714.000
13175	714.000
13213	714.000
13218	714.000
13270	714.000
11738	714.100
11796	714.100
12157	714.100
12421	714.100
12478	714.100
12550	714.100
12744	714.100
12862	714.100
12903	714.100
12988	714.100
13216	714.100
13242	714.100
13254	714.100
11393	714.200
12297	714.200
12486	714.200
13149	714.200
13231	714.200
13352	714.200
12652	714.300
12715	714.400
11912	714.500
11856	714.600
12127	714.600
12808	714.600
13283	714.600
13359	714.600
12930	714.700
13316	714.700
11577	714.800
13123	714.800
11783	714.900
12252	714.900
12264	714.900
13356	714.900
11538	715.000
11585	715.000
11678	715.000
12174	715.000
12258	715.000
12495	715.000
12671	715.000
12972	715.000
12986	715.000
13107	715.000
13336	715.000
11358	715.100
11462	715.100
11539	715.100
11777	715.100
11782	715.100
12023	715.100
12056	715.100
12096	715.100
12107	715.100
12133	715.100
12148	715.100
12318	715.100
12336	715.100
12433	715.100
12537	715.100
12594	715.100
12628	715.100
12640	715.100
12729	715.100
12789	715.100
13134	715.100
13136	715.100
13168	715.100
13192	715.100
13200	715.100
13203	715.100
13324	715.100
13345	715.100
13396	715.100
11344	715.200
11382	715.200
11385	715.200
11396	715.200
11402	715.200
11408	715.200
11412	715.200
11498	715.200
11512	715.200
11541	715.200
11542	715.200
11552	715.200
11594	715.200
11687	715.200
11693	715.200
11718	715.200
11722	715.200
11736	715.200
11755	715.200
11756	715.200
11762	715.200
11764	715.200
11768	715.200
11772	715.200
11788	715.200
11825	715.200
11884	715.200
11933	715.200
11958	715.200
11986	715.200
11989	715.200
12017	715.200
12018	715.200
12021	715.200
12045	715.200
12072	715.200
12075	715.200
12144	715.200
12166	715.200
12183	715.200
12196	715.200
12197	715.200
12207	715.200
12213	715.200
12270	715.200
12319	715.200
12331	715.200
12353	715.200
12357	715.200
12387	715.200
12389	715.200
12404	715.200
12407	715.200
12467	715.200
12489	715.200
12584	715.200
12624	715.200
12631	715.200
12673	715.200
12692	715.200
12747	715.200
12770	715.200
12775	715.200
12810	715.200
12815	715.200
12881	715.200
12891	715.200
12892	715.200
12895	715.200
12897	715.200
12937	715.200
12955	715.200
13019	715.200
13061	715.200
13103	715.200
13142	715.200
13145	715.200
13164	715.200
13193	715.200
13202	715.200
13211	715.200
13256	715.200
13376	715.200
13379	715.200
13445	715.200
13449	715.200
13478	715.200
13479	715.200
11314	715.300
11318	715.300
11321	715.300
11338	715.300
11339	715.300
11348	715.300
11349	715.300
11366	715.300
11372	715.300
11389	715.300
11390	715.300
11427	715.300
11440	715.300
11443	715.300
11455	715.300
11456	715.300
11459	715.300
11467	715.300
11470	715.300
11479	715.300
11485	715.300
11487	715.300
11499	715.300
11506	715.300
11507	715.300
11533	715.300
11544	715.300
11549	715.300
11556	715.300
11581	715.300
11601	715.300
11613	715.300
11627	715.300
11654	715.300
11659	715.300
11674	715.300
11675	715.300
11719	715.300
11725	715.300
11750	715.300
11752	715.300
11757	715.300
11766	715.300
11773	715.300
11774	715.300
11781	715.300
11820	715.300
11823	715.300
11835	715.300
11836	715.300
11841	715.300
11871	715.300
11887	715.300
11896	715.300
11902	715.300
11922	715.300
11929	715.300
11930	715.300
11939	715.300
11955	715.300
11963	715.300
11965	715.300
11968	715.300
11997	715.300
12005	715.300
12013	715.300
12124	715.300
12136	715.300
12147	715.300
12152	715.300
12153	715.300
12161	715.300
12176	715.300
12189	715.300
12202	715.300
12226	715.300
12249	715.300
12254	715.300
12282	715.300
12284	715.300
12292	715.300
12298	715.300
12300	715.300
12315	715.300
12340	715.300
12343	715.300
12349	715.300
12350	715.300
12362	715.300
12375	715.300
12384	715.300
12385	715.300
12406	715.300
12419	715.300
12434	715.300
12442	715.300
12445	715.300
12472	715.300
12521	715.300
12533	715.300
12534	715.300
12543	715.300
12547	715.300
12562	715.300
12565	715.300
12598	715.300
12603	715.300
12620	715.300
12621	715.300
12634	715.300
12643	715.300
12662	715.300
12670	715.300
12684	715.300
12701	715.300
12738	715.300
12739	715.300
12753	715.300
12754	715.300
12763	715.300
12777	715.300
12780	715.300
12781	715.300
12782	715.300
12783	715.300
12790	715.300
12796	715.300
12800	715.300
12823	715.300
12847	715.300
12850	715.300
12854	715.300
12859	715.300
12866	715.300
12868	715.300
12872	715.300
12920	715.300
12939	715.300
12940	715.300
12946	715.300
12956	715.300
12960	715.300
12982	715.300
12983	715.300
13001	715.300
13018	715.300
13023	715.300
13040	715.300
13063	715.300
13069	715.300
13070	715.300
13074	715.300
13094	715.300
13113	715.300
13114	715.300
13115	715.300
13124	715.300
13127	715.300
13147	715.300
13151	715.300
13154	715.300
13157	715.300
13215	715.300
13228	715.300
13245	715.300
13252	715.300
13262	715.300
13284	715.300
13285	715.300
13297	715.300
13319	715.300
13323	715.300
13325	715.300
13351	715.300
13361	715.300
13409	715.300
13417	715.300
13448	715.300
13456	715.300
13458	715.300
13474	715.300
13476	715.300
13485	715.300
11306	715.400
11322	715.400
11341	715.400
11381	715.400
11386	715.400
11387	715.400
11406	715.400
11409	715.400
11411	715.400
11423	715.400
11428	715.400
11468	715.400
11492	715.400
11505	715.400
11508	715.400
11510	715.400
11521	715.400
11524	715.400
11527	715.400
11532	715.400
11553	715.400
11560	715.400
11572	715.400
11575	715.400
11576	715.400
11582	715.400
11586	715.400
11589	715.400
11597	715.400
11607	715.400
11609	715.400
11611	715.400
11617	715.400
11629	715.400
11636	715.400
11644	715.400
11660	715.400
11662	715.400
11669	715.400
11677	715.400
11684	715.400
11713	715.400
11714	715.400
11717	715.400
11726	715.400
11729	715.400
11730	715.400
11731	715.400
11742	715.400
11745	715.400
11746	715.400
11747	715.400
11758	715.400
11760	715.400
11763	715.400
11765	715.400
11775	715.400
11787	715.400
11791	715.400
11808	715.400
11810	715.400
11824	715.400
11834	715.400
11846	715.400
11866	715.400
11874	715.400
11880	715.400
11888	715.400
11897	715.400
11899	715.400
11900	715.400
11908	715.400
11920	715.400
11927	715.400
11935	715.400
11937	715.400
11941	715.400
11946	715.400
11947	715.400
11948	715.400
11957	715.400
11960	715.400
11964	715.400
11970	715.400
11975	715.400
11990	715.400
11996	715.400
11998	715.400
12002	715.400
12007	715.400
12010	715.400
12025	715.400
12027	715.400
12030	715.400
12031	715.400
12032	715.400
12039	715.400
12046	715.400
12060	715.400
12063	715.400
12078	715.400
12083	715.400
12086	715.400
12089	715.400
12097	715.400
12101	715.400
12111	715.400
12125	715.400
12134	715.400
12143	715.400
12145	715.400
12149	715.400
12155	715.400
12164	715.400
12170	715.400
12172	715.400
12178	715.400
12179	715.400
12185	715.400
12187	715.400
12191	715.400
12219	715.400
12237	715.400
12259	715.400
12266	715.400
12269	715.400
12278	715.400
12283	715.400
12291	715.400
12306	715.400
12323	715.400
12335	715.400
12337	715.400
12345	715.400
12380	715.400
12388	715.400
12402	715.400
12403	715.400
12411	715.400
12425	715.400
12428	715.400
12430	715.400
12435	715.400
12444	715.400
12474	715.400
12491	715.400
12504	715.400
12506	715.400
12515	715.400
12527	715.400
12532	715.400
12535	715.400
12545	715.400
12559	715.400
12567	715.400
12568	715.400
12572	715.400
12576	715.400
12582	715.400
12641	715.400
12666	715.400
12672	715.400
12674	715.400
12675	715.400
12677	715.400
12683	715.400
12688	715.400
12696	715.400
12709	715.400
12712	715.400
12714	715.400
12717	715.400
12730	715.400
12734	715.400
12741	715.400
12743	715.400
12748	715.400
12750	715.400
12752	715.400
12762	715.400
12787	715.400
12798	715.400
12806	715.400
12814	715.400
12819	715.400
12828	715.400
12835	715.400
12841	715.400
12851	715.400
12900	715.400
12904	715.400
12906	715.400
12913	715.400
12915	715.400
12943	715.400
12954	715.400
12957	715.400
12959	715.400
12973	715.400
12976	715.400
12990	715.400
12992	715.400
12997	715.400
13012	715.400
13014	715.400
13015	715.400
13021	715.400
13028	715.400
13034	715.400
13037	715.400
13041	715.400
13044	715.400
13050	715.400
13056	715.400
13071	715.400
13076	715.400
13082	715.400
13087	715.400
13088	715.400
13091	715.400
13095	715.400
13099	715.400
13104	715.400
13106	715.400
13111	715.400
13120	715.400
13122	715.400
13131	715.400
13138	715.400
13139	715.400
13150	715.400
13158	715.400
13166	715.400
13169	715.400
13177	715.400
13182	715.400
13190	715.400
13191	715.400
13195	715.400
13198	715.400
13201	715.400
13209	715.400
13221	715.400
13225	715.400
13227	715.400
13232	715.400
13234	715.400
13243	715.400
13253	715.400
13261	715.400
13276	715.400
13279	715.400
13287	715.400
13292	715.400
13293	715.400
13295	715.400
13296	715.400
13298	715.400
13302	715.400
13306	715.400
13311	715.400
13313	715.400
13320	715.400
13331	715.400
13333	715.400
13342	715.400
13368	715.400
13378	715.400
13391	715.400
13405	715.400
13423	715.400
13429	715.400
13433	715.400
13450	715.400
13463	715.400
13473	715.400
13481	715.400
13484	715.400
11303	715.500
11308	715.500
11309	715.500
11319	715.500
11326	715.500
11329	715.500
11332	715.500
11333	715.500
11346	715.500
11347	715.500
11351	715.500
11368	715.500
11371	715.500
11374	715.500
11383	715.500
11394	715.500
11415	715.500
11416	715.500
11420	715.500
11449	715.500
11451	715.500
11457	715.500
11461	715.500
11465	715.500
11473	715.500
11474	715.500
11493	715.500
11502	715.500
11503	715.500
11517	715.500
11525	715.500
11534	715.500
11548	715.500
11551	715.500
11562	715.500
11563	715.500
11564	715.500
11570	715.500
11587	715.500
11590	715.500
11595	715.500
11606	715.500
11614	715.500
11616	715.500
11620	715.500
11626	715.500
11641	715.500
11646	715.500
11652	715.500
11653	715.500
11656	715.500
11657	715.500
11663	715.500
11668	715.500
11671	715.500
11672	715.500
11673	715.500
11676	715.500
11685	715.500
11698	715.500
11709	715.500
11715	715.500
11728	715.500
11737	715.500
11740	715.500
11749	715.500
11761	715.500
11779	715.500
11784	715.500
11789	715.500
11793	715.500
11794	715.500
11800	715.500
11801	715.500
11806	715.500
11809	715.500
11819	715.500
11829	715.500
11830	715.500
11854	715.500
11855	715.500
11857	715.500
11860	715.500
11861	715.500
11872	715.500
11883	715.500
11885	715.500
11892	715.500
11901	715.500
11907	715.500
11911	715.500
11926	715.500
11932	715.500
11954	715.500
11967	715.500
11973	715.500
11980	715.500
11981	715.500
11983	715.500
12000	715.500
12014	715.500
12022	715.500
12034	715.500
12044	715.500
12051	715.500
12059	715.500
12064	715.500
12080	715.500
12084	715.500
12085	715.500
12090	715.500
12106	715.500
12108	715.500
12118	715.500
12128	715.500
12150	715.500
12154	715.500
12165	715.500
12173	715.500
12190	715.500
12200	715.500
12209	715.500
12211	715.500
12220	715.500
12223	715.500
12242	715.500
12247	715.500
12250	715.500
12276	715.500
12286	715.500
12288	715.500
12313	715.500
12317	715.500
12321	715.500
12324	715.500
12328	715.500
12344	715.500
12347	715.500
12351	715.500
12359	715.500
12366	715.500
12372	715.500
12386	715.500
12390	715.500
12396	715.500
12398	715.500
12405	715.500
12420	715.500
12422	715.500
12432	715.500
12439	715.500
12455	715.500
12460	715.500
12466	715.500
12476	715.500
12479	715.500
12485	715.500
12487	715.500
12492	715.500
12493	715.500
12494	715.500
12499	715.500
12500	715.500
12512	715.500
12523	715.500
12528	715.500
12554	715.500
12569	715.500
12588	715.500
12590	715.500
12596	715.500
12608	715.500
12609	715.500
12610	715.500
12614	715.500
12616	715.500
12626	715.500
12629	715.500
12630	715.500
12637	715.500
12648	715.500
12656	715.500
12660	715.500
12663	715.500
12668	715.500
12681	715.500
12705	715.500
12722	715.500
12723	715.500
12726	715.500
12776	715.500
12794	715.500
12797	715.500
12802	715.500
12805	715.500
12812	715.500
12813	715.500
12832	715.500
12871	715.500
12879	715.500
12885	715.500
12894	715.500
12908	715.500
12910	715.500
12922	715.500
12925	715.500
12931	715.500
12933	715.500
12945	715.500
12966	715.500
12967	715.500
12984	715.500
12985	715.500
13002	715.500
13009	715.500
13013	715.500
13016	715.500
13038	715.500
13039	715.500
13046	715.500
13047	715.500
13049	715.500
13052	715.500
13055	715.500
13064	715.500
13083	715.500
13086	715.500
13089	715.500
13090	715.500
13098	715.500
13108	715.500
13116	715.500
13125	715.500
13128	715.500
13135	715.500
13141	715.500
13144	715.500
13156	715.500
13159	715.500
13160	715.500
13163	715.500
13167	715.500
13170	715.500
13180	715.500
13183	715.500
13185	715.500
13205	715.500
13207	715.500
13210	715.500
13222	715.500
13229	715.500
13241	715.500
13244	715.500
13263	715.500
13264	715.500
13267	715.500
13272	715.500
13277	715.500
13286	715.500
13288	715.500
13300	715.500
13312	715.500
13314	715.500
13318	715.500
13328	715.500
13363	715.500
13365	715.500
13370	715.500
13373	715.500
13380	715.500
13383	715.500
13389	715.500
13395	715.500
13400	715.500
13408	715.500
13411	715.500
13422	715.500
13432	715.500
13434	715.500
13439	715.500
13441	715.500
13451	715.500
13452	715.500
13453	715.500
13454	715.500
13470	715.500
13471	715.500
13477	715.500
11301	715.600
11302	715.600
11315	715.600
11317	715.600
11352	715.600
11357	715.600
11364	715.600
11367	715.600
11391	715.600
11392	715.600
11395	715.600
11405	715.600
11426	715.600
11438	715.600
11441	715.600
11458	715.600
11466	715.600
11471	715.600
11483	715.600
11490	715.600
11491	715.600
11495	715.600
11529	715.600
11530	715.600
11543	715.600
11546	715.600
11554	715.600
11555	715.600
11557	715.600
11565	715.600
11574	715.600
11588	715.600
11593	715.600
11605	715.600
11622	715.600
11637	715.600
11647	715.600
11664	715.600
11686	715.600
11696	715.600
11705	715.600
11706	715.600
11707	715.600
11708	715.600
11711	715.600
11735	715.600
11739	715.600
11769	715.600
11771	715.600
11785	715.600
11792	715.600
11795	715.600
11802	715.600
11812	715.600
11816	715.600
11817	715.600
11818	715.600
11826	715.600
11833	715.600
11852	715.600
11898	715.600
11905	715.600
11906	715.600
11914	715.600
11917	715.600
11940	715.600
11945	715.600
11953	715.600
11962	715.600
11984	715.600
12006	715.600
12019	715.600
12057	715.600
12061	715.600
12067	715.600
12074	715.600
12081	715.600
12087	715.600
12094	715.600
12104	715.600
12105	715.600
12114	715.600
12120	715.600
12132	715.600
12158	715.600
12167	715.600
12184	715.600
12194	715.600
12212	715.600
12215	715.600
12222	715.600
12261	715.600
12275	715.600
12293	715.600
12294	715.600
12303	715.600
12304	715.600
12369	715.600
12378	715.600
12381	715.600
12394	715.600
12400	715.600
12414	715.600
12418	715.600
12426	715.600
12427	715.600
12436	715.600
12437	715.600
12450	715.600
12469	715.600
12501	715.600
12503	715.600
12514	715.600
12530	715.600
12548	715.600
12566	715.600
12587	715.600
12591	715.600
12605	715.600
12606	715.600
12638	715.600
12639	715.600
12644	715.600
12650	715.600
12653	715.600
12665	715.600
12667	715.600
12679	715.600
12685	715.600
12698	715.600
12700	715.600
12707	715.600
12725	715.600
12728	715.600
12731	715.600
12735	715.600
12740	715.600
12742	715.600
12745	715.600
12755	715.600
12757	715.600
12759	715.600
12765	715.600
12767	715.600
12771	715.600
12779	715.600
12785	715.600
12816	715.600
12820	715.600
12827	715.600
12829	715.600
12831	715.600
12837	715.600
12845	715.600
12849	715.600
12853	715.600
12857	715.600
12873	715.600
12880	715.600
12882	715.600
12884	715.600
12889	715.600
12898	715.600
12911	715.600
12914	715.600
12935	715.600
12941	715.600
12950	715.600
12952	715.600
12969	715.600
12975	715.600
12978	715.600
12981	715.600
13003	715.600
13010	715.600
13025	715.600
13027	715.600
13054	715.600
13062	715.600
13067	715.600
13072	715.600
13075	715.600
13109	715.600
13140	715.600
13155	715.600
13173	715.600
13186	715.600
13189	715.600
13194	715.600
13197	715.600
13208	715.600
13219	715.600
13223	715.600
13224	715.600
13236	715.600
13238	715.600
13239	715.600
13246	715.600
13248	715.600
13250	715.600
13251	715.600
13260	715.600
13265	715.600
13266	715.600
13271	715.600
13278	715.600
13282	715.600
13291	715.600
13329	715.600
13332	715.600
13341	715.600
13347	715.600
13350	715.600
13364	715.600
13372	715.600
13388	715.600
13414	715.600
13415	715.600
13419	715.600
13420	715.600
13427	715.600
13430	715.600
13440	715.600
13460	715.600
13466	715.600
13467	715.600
13468	715.600
13469	715.600
13482	715.600
11305	715.700
11334	715.700
11340	715.700
11399	715.700
11417	715.700
11425	715.700
11450	715.700
11460	715.700
11480	715.700
11500	715.700
11523	715.700
11526	715.700
11550	715.700
11567	715.700
11573	715.700
11612	715.700
11634	715.700
11645	715.700
11651	715.700
11655	715.700
11665	715.700
11666	715.700
11667	715.700
11700	715.700
11703	715.700
11712	715.700
11720	715.700
11733	715.700
11734	715.700
11751	715.700
11804	715.700
11839	715.700
11859	715.700
11876	715.700
11895	715.700
11924	715.700
11942	715.700
12001	715.700
12009	715.700
12042	715.700
12047	715.700
12066	715.700
12068	715.700
12077	715.700
12110	715.700
12116	715.700
12129	715.700
12130	715.700
12138	715.700
12141	715.700
12162	715.700
12169	715.700
12175	715.700
12198	715.700
12205	715.700
12208	715.700
12217	715.700
12229	715.700
12239	715.700
12245	715.700
12287	715.700
12289	715.700
12308	715.700
12354	715.700
12358	715.700
12360	715.700
12368	715.700
12393	715.700
12401	715.700
12424	715.700
12452	715.700
12461	715.700
12463	715.700
12477	715.700
12483	715.700
12524	715.700
12539	715.700
12544	715.700
12549	715.700
12551	715.700
12574	715.700
12601	715.700
12661	715.700
12664	715.700
12669	715.700
12687	715.700
12689	715.700
12706	715.700
12713	715.700
12716	715.700
12733	715.700
12756	715.700
12760	715.700
12764	715.700
12792	715.700
12817	715.700
12833	715.700
12839	715.700
12843	715.700
12846	715.700
12858	715.700
12867	715.700
12870	715.700
12877	715.700
12888	715.700
12893	715.700
12916	715.700
12918	715.700
12919	715.700
12923	715.700
12924	715.700
12927	715.700
12928	715.700
12947	715.700
13000	715.700
13017	715.700
13026	715.700
13031	715.700
13057	715.700
13058	715.700
13078	715.700
13085	715.700
13130	715.700
13148	715.700
13153	715.700
13161	715.700
13162	715.700
13204	715.700
13226	715.700
13257	715.700
13273	715.700
13281	715.700
13294	715.700
13307	715.700
13317	715.700
13327	715.700
13330	715.700
13334	715.700
13335	715.700
13346	715.700
13348	715.700
13358	715.700
13362	715.700
13369	715.700
13371	715.700
13375	715.700
13397	715.700
13404	715.700
13426	715.700
13437	715.700
13443	715.700
13472	715.700
11296	715.800
11310	715.800
11320	715.800
11324	715.800
11325	715.800
11330	715.800
11336	715.800
11342	715.800
11355	715.800
11356	715.800
11362	715.800
11400	715.800
11414	715.800
11422	715.800
11431	715.800
11447	715.800
11472	715.800
11494	715.800
11496	715.800
11516	715.800
11519	715.800
11571	715.800
11598	715.800
11603	715.800
11618	715.800
11624	715.800
11625	715.800
11628	715.800
11631	715.800
11670	715.800
11780	715.800
11786	715.800
11798	715.800
11831	715.800
11832	715.800
11837	715.800
11847	715.800
11862	715.800
11870	715.800
11875	715.800
11882	715.800
11903	715.800
11909	715.800
11972	715.800
11978	715.800
11979	715.800
11992	715.800
12062	715.800
12071	715.800
12095	715.800
12100	715.800
12109	715.800
12122	715.800
12139	715.800
12159	715.800
12182	715.800
12204	715.800
12230	715.800
12231	715.800
12235	715.800
12246	715.800
12248	715.800
12256	715.800
12273	715.800
12280	715.800
12281	715.800
12290	715.800
12295	715.800
12352	715.800
12364	715.800
12383	715.800
12391	715.800
12413	715.800
12453	715.800
12457	715.800
12470	715.800
12498	715.800
12511	715.800
12520	715.800
12522	715.800
12536	715.800
12577	715.800
12589	715.800
12617	715.800
12618	715.800
12633	715.800
12655	715.800
12686	715.800
12708	715.800
12774	715.800
12804	715.800
12856	715.800
12863	715.800
12886	715.800
12907	715.800
12932	715.800
12971	715.800
13022	715.800
13033	715.800
13036	715.800
13060	715.800
13073	715.800
13093	715.800
13097	715.800
13105	715.800
13121	715.800
13126	715.800
13178	715.800
13199	715.800
13214	715.800
13255	715.800
13299	715.800
13304	715.800
13308	715.800
13310	715.800
13340	715.800
13349	715.800
13382	715.800
13385	715.800
13394	715.800
13455	715.800
13465	715.800
13486	715.800
11311	715.900
11397	715.900
11410	715.900
11424	715.900
11429	715.900
11464	715.900
11481	715.900
11486	715.900
11504	715.900
11558	715.900
11566	715.900
11623	715.900
11640	715.900
11679	715.900
11680	715.900
11770	715.900
11814	715.900
11815	715.900
11868	715.900
11923	715.900
11928	715.900
11938	715.900
11969	715.900
11988	715.900
12043	715.900
12102	715.900
12103	715.900
12240	715.900
12265	715.900
12271	715.900
12440	715.900
12465	715.900
12593	715.900
12602	715.900
12615	715.900
12649	715.900
12658	715.900
12678	715.900
12680	715.900
12704	715.900
12719	715.900
12736	715.900
12773	715.900
12824	715.900
12878	715.900
12890	715.900
12987	715.900
13065	715.900
13077	715.900
13100	715.900
13118	715.900
13152	715.900
13289	715.900
13301	715.900
13321	715.900
13418	715.900
11359	716.000
11403	716.000
11434	716.000
11439	716.000
11452	716.000
11501	716.000
11515	716.000
11559	716.000
11642	716.000
11701	716.000
11850	716.000
11879	716.000
12029	716.000
12053	716.000
12146	716.000
12218	716.000
12236	716.000
12238	716.000
12361	716.000
12416	716.000
12561	716.000
12595	716.000
12834	716.000
12869	716.000
12875	716.000
13059	716.000
13196	716.000
11956	716.100
12203	716.100
12462	716.100
12961	716.100
13303	716.100
12529	716.200
12174	718.000
11764	718.200
13203	718.200
13356	718.200
12956	718.300
13116	718.500
11440	718.600
11541	718.600
11574	718.600
11823	718.600
11935	718.600
11946	718.600
12148	718.600
12533	718.600
12716	718.600
13193	718.600
11382	718.700
11835	718.700
11941	718.700
12166	718.700
12726	718.700
13125	718.700
11381	718.800
11607	718.800
11777	718.800
11783	718.800
11784	718.800
11862	718.800
11907	718.800
11933	718.800
12107	718.800
12189	718.800
12349	718.800
12404	718.800
12523	718.800
12672	718.800
12722	718.800
12823	718.800
12914	718.800
12937	718.800
13278	718.800
11474	718.900
11565	718.900
11839	718.900
11940	718.900
12213	718.900
12222	718.900
12545	718.900
12594	718.900
12907	718.900
13016	718.900
13072	718.900
13257	718.900
13296	718.900
13329	718.900
13334	718.900
13468	718.900
11896	719.000
12027	719.000
12083	719.000
12114	719.000
12240	719.000
12728	719.000
12782	719.000
12796	719.000
12872	719.000
12924	719.000
12960	719.000
13003	719.000
13304	719.000
11492	719.100
11525	719.100
12407	719.100
13038	719.200
13288	719.200
11706	722.100
12774	722.200
13009	722.400
12904	723.100
13168	723.400
11441	723.500
11470	723.500
11667	723.600
12924	723.700
13012	723.700
11491	723.800
13453	723.800
11835	723.900
11525	724.000
11996	724.100
11607	724.200
11784	724.300
12349	724.300
12712	724.300
12765	724.300
11777	724.400
11984	724.400
12200	724.400
12946	724.400
11839	724.500
12265	724.500
12532	724.500
12537	724.500
11806	724.600
11874	724.600
13072	724.600
11420	724.700
11783	724.700
12893	724.700
13308	724.700
13201	724.800
12782	724.900
13226	724.900
11296	725.000
11841	725.000
11907	725.000
12114	725.000
12291	725.000
12785	725.000
12789	725.000
12914	725.000
13278	725.000
13467	725.000
11565	725.100
11946	725.100
12111	725.100
13334	725.100
11862	725.200
12324	725.200
13257	725.200
11764	725.300
11868	725.300
12027	725.300
13063	725.300
13356	725.300
13481	725.300
12401	725.400
12462	725.400
12706	725.400
12851	725.400
12869	725.400
12933	725.400
12959	725.400
13002	725.400
13296	725.400
13448	725.400
13468	725.400
11429	725.500
11895	725.500
12045	725.500
12569	725.500
12757	725.500
12847	725.500
13164	725.500
11332	725.600
11381	725.600
11382	725.600
11585	725.600
12059	725.600
12107	725.600
12153	725.600
12617	725.600
12631	725.600
12743	725.600
12823	725.600
13125	725.600
13329	725.600
13345	725.600
13455	725.600
11396	725.700
11397	725.700
11552	725.700
11574	725.700
11901	725.700
12083	725.700
12222	725.700
12319	725.700
12534	725.700
12614	725.700
12796	725.700
12907	725.700
12960	725.700
13000	725.700
13276	725.700
13292	725.700
13317	725.700
13466	725.700
11438	725.800
11481	725.800
11929	725.800
11938	725.800
11941	725.800
12060	725.800
12074	725.800
12207	725.800
12618	725.800
12891	725.800
13003	725.800
13016	725.800
11464	725.900
11781	725.900
11933	725.900
12152	725.900
12174	725.900
12504	725.900
12680	725.900
12714	725.900
12726	725.900
12830	725.900
13158	725.900
13193	725.900
13304	725.900
11521	726.000
11775	726.000
11871	726.000
11922	726.000
11926	726.000
12097	726.000
12100	726.000
12414	726.000
12620	726.000
12735	726.000
12775	726.000
12890	726.000
12956	726.000
13298	726.000
11588	726.100
11686	726.100
11823	726.100
11870	726.100
11954	726.100
11969	726.100
12029	726.100
12384	726.100
12387	726.100
12674	726.100
12728	726.100
12831	726.100
12937	726.100
13135	726.100
13182	726.100
13210	726.100
13324	726.100
13358	726.100
13370	726.100
13404	726.100
13449	726.100
11324	726.200
11440	726.200
11734	726.200
11800	726.200
11986	726.200
11989	726.200
12249	726.200
12591	726.200
12705	726.200
12978	726.200
13238	726.200
13311	726.200
11358	726.300
11399	726.300
11628	726.300
11670	726.300
12005	726.300
12031	726.300
12323	726.300
12515	726.300
12610	726.300
12630	726.300
12966	726.300
13094	726.300
13131	726.300
13148	726.300
13198	726.300
13203	726.300
13397	726.300
11330	726.400
11474	726.400
11706	726.400
11720	726.400
12164	726.400
12278	726.400
12300	726.400
12404	726.400
12605	726.400
12655	726.400
12677	726.400
12678	726.400
12875	726.400
13038	726.400
13154	726.400
13340	726.400
11340	726.500
11346	726.500
11500	726.500
11892	726.500
12390	726.500
12671	726.500
12872	726.500
13097	726.500
13228	726.500
13285	726.500
11392	726.600
11492	726.600
11541	726.600
11597	726.600
11763	726.600
11765	726.600
12439	726.600
12474	726.600
12528	726.600
12529	726.600
12545	726.600
12722	726.600
12752	726.600
13022	726.600
13108	726.600
13190	726.600
11306	726.700
11423	726.700
11443	726.700
11631	726.700
11672	726.700
11678	726.700
11731	726.700
11786	726.700
11787	726.700
11814	726.700
11837	726.700
11911	726.700
12006	726.700
12007	726.700
12030	726.700
12184	726.700
12203	726.700
12523	726.700
12670	726.700
12672	726.700
12832	726.700
12895	726.700
13059	726.700
13122	726.700
13127	726.700
13209	726.700
13277	726.700
13286	726.700
13300	726.700
13302	726.700
11348	726.800
11572	726.800
11646	726.800
11654	726.800
11705	726.800
11830	726.800
11832	726.800
11935	726.800
11968	726.800
12166	726.800
12286	726.800
12347	726.800
12407	726.800
12638	726.800
12679	726.800
12739	726.800
12947	726.800
13065	726.800
13075	726.800
13115	726.800
13116	726.800
13134	726.800
13138	726.800
13246	726.800
13266	726.800
13441	726.800
11510	726.900
11516	726.900
11551	726.900
11660	726.900
11950	726.900
12231	726.900
12238	726.900
12275	726.900
12375	726.900
12460	726.900
12662	726.900
12664	726.900
12688	726.900
12810	726.900
12957	726.900
12971	726.900
13320	726.900
11403	727.000
11458	727.000
11624	727.000
11664	727.000
11730	727.000
11909	727.000
12085	727.000
12102	727.000
12126	727.000
12217	727.000
12223	727.000
12427	727.000
12437	727.000
12476	727.000
12588	727.000
12653	727.000
12683	727.000
12829	727.000
12845	727.000
12972	727.000
12984	727.000
13058	727.000
13140	727.000
13163	727.000
13166	727.000
13243	727.000
13310	727.000
13476	727.000
11465	727.100
11470	727.100
11501	727.100
11940	727.100
11963	727.100
12053	727.100
12072	727.100
12345	727.100
12372	727.100
12470	727.100
12498	727.100
12538	727.100
12566	727.100
12634	727.100
12663	727.100
12835	727.100
12900	727.100
13061	727.100
13121	727.100
13200	727.100
13347	727.100
13363	727.100
13469	727.100
11383	727.200
11532	727.200
11785	727.200
11809	727.200
11896	727.200
11924	727.200
11948	727.200
12191	727.200
12218	727.200
12435	727.200
12467	727.200
12501	727.200
12521	727.200
12594	727.200
12640	727.200
12658	727.200
12797	727.200
12992	727.200
13153	727.200
13214	727.200
13227	727.200
13380	727.200
13479	727.200
11582	727.300
11701	727.300
11729	727.300
11820	727.300
11859	727.300
11928	727.300
11975	727.300
12019	727.300
12068	727.300
12172	727.300
12240	727.300
12261	727.300
12306	727.300
12463	727.300
12499	727.300
12561	727.300
12675	727.300
12802	727.300
12871	727.300
12906	727.300
13458	727.300
11310	727.400
11364	727.400
11387	727.400
11451	727.400
11611	727.400
11669	727.400
11740	727.400
11782	727.400
11883	727.400
12118	727.400
12136	727.400
12204	727.400
12331	727.400
12360	727.400
12418	727.400
12687	727.400
12725	727.400
12740	727.400
12760	727.400
12804	727.400
12935	727.400
13074	727.400
13375	727.400
13385	727.400
11302	727.500
11319	727.500
11431	727.500
11479	727.500
11567	727.500
11716	727.500
12014	727.500
12077	727.500
12096	727.500
12179	727.500
12198	727.500
12254	727.500
12624	727.500
12684	727.500
12745	727.500
12777	727.500
12856	727.500
12863	727.500
12928	727.500
12932	727.500
12987	727.500
13009	727.500
13259	727.500
11317	727.600
11385	727.600
11411	727.600
11515	727.600
11576	727.600
11685	727.600
11846	727.600
11850	727.600
11962	727.600
11997	727.600
12021	727.600
12202	727.600
12209	727.600
12235	727.600
12380	727.600
12391	727.600
12466	727.600
12572	727.600
12629	727.600
12774	727.600
12793	727.600
12904	727.600
13021	727.600
13069	727.600
13426	727.600
11400	727.700
11641	727.700
11667	727.700
11905	727.700
12295	727.700
12539	727.700
12733	727.700
12922	727.700
13028	727.700
13152	727.700
13189	727.700
13215	727.700
13321	727.700
13472	727.700
11594	727.800
11725	727.800
12146	727.800
12230	727.800
13078	727.800
13130	727.800
13223	727.800
13318	727.800
13388	727.800
11351	727.900
11372	727.900
11622	727.900
11791	727.900
11939	727.900
12064	727.900
12139	727.900
12389	727.900
12405	727.900
12756	727.900
12888	727.900
13050	727.900
13060	727.900
13090	727.900
13264	727.900
11444	728.000
11525	728.000
12302	728.000
12328	728.000
13012	728.000
13178	728.000
13222	728.000
11344	728.100
11347	728.100
11512	728.100
11642	728.100
11747	728.100
11766	728.100
12256	728.100
12336	728.100
12491	728.100
12603	728.100
12939	728.100
13133	728.100
13294	728.100
13336	728.100
13355	728.100
13415	728.100
11508	728.200
12061	728.200
12165	728.200
12868	728.200
12997	728.200
13394	728.200
11307	728.300
11795	728.300
11903	728.300
12849	728.300
13041	728.300
13273	728.300
13364	728.300
11590	728.400
12212	728.400
12445	728.400
12489	728.400
12554	728.400
12698	728.400
13141	728.400
13430	728.400
11627	728.500
11700	728.500
11804	728.500
11847	728.500
11930	728.500
12479	728.500
12547	728.500
12665	728.500
12704	728.500
12794	728.500
13023	728.500
13185	728.500
13271	728.500
11789	728.600
11834	728.600
11876	728.600
12133	728.600
12161	728.600
12712	728.600
11446	728.700
11713	728.700
12104	728.700
12197	728.700
12211	728.700
12513	728.700
12711	728.700
12822	728.700
13103	728.700
13307	728.700
13333	728.700
13477	728.700
11355	728.800
11425	728.800
11559	728.800
11603	728.800
11626	728.800
11677	728.800
11737	728.800
11810	728.800
11886	728.800
11888	728.800
12081	728.800
12350	728.800
12641	728.800
12814	728.800
12893	728.800
12931	728.800
13186	728.800
13383	728.800
13427	728.800
13453	728.800
13480	728.800
11296	728.900
11854	728.900
12143	728.900
12149	728.900
12292	728.900
12892	728.900
12973	728.900
13211	728.900
13267	728.900
11467	729.000
11517	729.000
11605	729.000
11777	729.000
12158	729.000
12422	729.000
12450	729.000
13087	729.000
13272	729.000
13348	729.000
11390	729.100
11566	729.100
11958	729.100
12057	729.100
12111	729.100
12213	729.100
12248	729.100
12293	729.100
12635	729.100
12812	729.100
13006	729.100
13118	729.100
13168	729.100
13405	729.100
13456	729.100
11314	729.200
11434	729.200
11495	729.200
11550	729.200
11684	729.200
11860	729.200
12055	729.200
12089	729.200
12108	729.200
12167	729.200
12189	729.200
12763	729.200
13019	729.200
13086	729.200
13143	729.200
13188	729.200
13463	729.200
13473	729.200
13484	729.200
11393	729.300
11506	729.300
11546	729.300
11659	729.300
12062	729.300
12090	729.300
12765	729.300
12798	729.300
12877	729.300
13020	729.300
13113	729.300
13176	729.300
13257	729.300
13361	729.300
11427	729.400
11612	729.400
11679	729.400
11755	729.400
11833	729.400
11867	729.400
11942	729.400
12461	729.400
12505	729.400
12511	729.400
12643	729.400
12667	729.400
12706	729.400
12723	729.400
12789	729.400
13052	729.400
13076	729.400
13204	729.400
13282	729.400
13299	729.400
13331	729.400
13337	729.400
13371	729.400
11447	729.500
11496	729.500
11707	729.500
11715	729.500
11749	729.500
11768	729.500
11780	729.500
12051	729.500
12129	729.500
12190	729.500
12340	729.500
12607	729.500
12785	729.500
12850	729.500
12919	729.500
12944	729.500
13205	729.500
13221	729.500
13250	729.500
13288	729.500
13319	729.500
13391	729.500
11412	729.600
11613	729.600
11756	729.600
11761	729.600
12027	729.600
12237	729.600
12631	729.600
12857	729.600
12914	729.600
12967	729.600
13063	729.600
13233	729.600
13478	729.600
11365	729.700
11398	729.700
11441	729.700
11717	729.700
11781	729.700
11914	729.700
12324	729.700
12568	729.700
12790	729.700
12834	729.700
12946	729.700
12961	729.700
13455	729.700
11342	729.800
11480	729.800
11989	729.800
12045	729.800
12383	729.800
12537	729.800
12577	729.800
12959	729.800
13071	729.800
11455	729.900
11565	729.900
11601	729.900
11673	729.900
11696	729.900
12124	729.900
12726	729.900
12776	729.900
13180	729.900
13379	729.900
13420	729.900
11493	730.000
11693	730.000
11913	730.000
11941	730.000
12174	730.000
12229	730.000
12386	730.000
12639	730.000
12762	730.000
12902	730.000
13077	730.000
13171	730.000
13262	730.000
13448	730.000
11759	730.100
11887	730.100
12176	730.100
12320	730.100
12512	730.100
12730	730.100
12807	730.100
12994	730.100
13073	730.100
12236	730.200
12272	730.200
12353	730.200
13154	730.200
13159	730.200
11367	730.300
11636	730.300
11746	730.300
11884	730.300
12138	730.300
12239	730.300
12483	730.300
12506	730.300
12589	730.300
12884	730.300
13002	730.300
13122	730.300
13370	730.300
11396	730.400
11597	730.400
11986	730.400
12349	730.400
12778	730.400
13107	730.400
13131	730.400
13412	730.400
11429	730.500
11783	730.500
12023	730.500
12373	730.500
12482	730.500
12532	730.500
12945	730.500
11625	730.600
12220	730.600
12565	730.600
12918	730.600
13025	730.600
13046	730.600
13162	730.600
13314	730.600
11705	730.700
11722	730.700
11736	730.700
11826	730.700
11987	730.700
12144	730.700
12474	730.700
12752	730.700
12847	730.700
12869	730.700
13207	730.700
13356	730.700
11330	730.800
11416	730.800
11485	730.800
12097	730.800
12216	730.800
12495	730.800
12522	730.800
12527	730.800
12534	730.800
12591	730.800
13449	730.800
11548	730.900
11953	730.900
12037	730.900
12290	730.900
12291	730.900
12335	730.900
12598	730.900
12671	730.900
12757	730.900
13098	730.900
13155	730.900
13400	730.900
11452	731.000
11474	731.000
11492	731.000
11823	731.000
12004	731.000
12147	731.000
12685	731.000
13067	731.000
13445	731.000
11338	731.100
11874	731.100
11920	731.100
12224	731.100
12424	731.100
12709	731.100
12843	731.100
13135	731.100
13203	731.100
13226	731.100
11311	731.200
11457	731.200
11505	731.200
11670	731.200
11763	731.200
11841	731.200
11911	731.200
12119	731.200
12150	731.200
12545	731.200
12741	731.200
12954	731.200
13072	731.200
13182	731.200
13227	731.200
13464	731.200
11340	731.300
11406	731.300
11624	731.300
11784	731.300
11984	731.300
12145	731.300
12334	731.300
12457	731.300
12529	731.300
12569	731.300
12727	731.300
12826	731.300
12835	731.300
12851	731.300
12933	731.300
13128	731.300
11671	731.400
11750	731.400
11792	731.400
11892	731.400
12126	731.400
12156	731.400
12265	731.400
12411	731.400
12463	731.400
12499	731.400
12647	731.400
12810	731.400
12830	731.400
12838	731.400
12842	731.400
12947	731.400
13164	731.400
13261	731.400
13376	731.400
11569	731.500
11574	731.500
11589	731.500
11720	731.500
11787	731.500
11836	731.500
11863	731.500
11868	731.500
11933	731.500
11938	731.500
12000	731.500
12015	731.500
12029	731.500
12087	731.500
12134	731.500
12240	731.500
12374	731.500
12401	731.500
12614	731.500
12617	731.500
12676	731.500
12725	731.500
12754	731.500
12775	731.500
12848	731.500
12898	731.500
13000	731.500
13095	731.500
13137	731.500
13190	731.500
13197	731.500
13276	731.500
13340	731.500
13432	731.500
11383	731.600
11408	731.600
11481	731.600
11907	731.600
12030	731.600
12031	731.600
12071	731.600
12618	731.600
12746	731.600
13111	731.600
13174	731.600
13193	731.600
13320	731.600
13338	731.600
13350	731.600
11332	731.700
11378	731.700
11420	731.700
11537	731.700
11667	731.700
11764	731.700
12226	731.700
12294	731.700
12323	731.700
12498	731.700
12538	731.700
12675	731.700
12772	731.700
12773	731.700
12793	731.700
12876	731.700
12909	731.700
13219	731.700
13312	731.700
13334	731.700
13372	731.700
13377	731.700
11350	731.800
11470	731.800
11494	731.800
11607	731.800
11721	731.800
11733	731.800
11745	731.800
11765	731.800
12005	731.800
12012	731.800
12017	731.800
12084	731.800
12112	731.800
12118	731.800
12209	731.800
12398	731.800
12399	731.800
12651	731.800
12705	731.800
12739	731.800
12870	731.800
12926	731.800
12960	731.800
13160	731.800
13195	731.800
13268	731.800
13482	731.800
11573	731.900
11631	731.900
11718	731.900
11922	731.900
11964	731.900
12315	731.900
12325	731.900
12351	731.900
12445	731.900
12544	731.900
12904	731.900
13009	731.900
13013	731.900
13081	731.900
13134	731.900
13173	731.900
13278	731.900
13351	731.900
13474	731.900
11348	732.000
11380	732.000
11581	732.000
11839	732.000
11871	732.000
11973	732.000
11976	732.000
12042	732.000
12046	732.000
12074	732.000
12086	732.000
12170	732.000
12217	732.000
12520	732.000
12622	732.000
12688	732.000
12943	732.000
13263	732.000
13310	732.000
13404	732.000
13411	732.000
11456	732.100
11564	732.100
11832	732.100
11996	732.100
12006	732.100
12056	732.100
12650	732.100
12654	732.100
12680	732.100
12693	732.100
12728	732.100
12896	732.100
13065	732.100
13417	732.100
11319	732.200
11678	732.200
11786	732.200
11820	732.200
11875	732.200
12100	732.200
12148	732.200
12160	732.200
12187	732.200
12289	732.200
12317	732.200
12501	732.200
12823	732.200
12853	732.200
12891	732.200
12956	732.200
12957	732.200
12983	732.200
12985	732.200
13089	732.200
13115	732.200
13120	732.200
13200	732.200
13396	732.200
11443	732.300
11734	732.300
11983	732.300
12025	732.300
12222	732.300
12230	732.300
12322	732.300
12369	732.300
12407	732.300
12630	732.300
13003	732.300
13047	732.300
13130	732.300
13156	732.300
11651	732.400
11669	732.400
11859	732.400
11889	732.400
11954	732.400
12064	732.400
12083	732.400
12106	732.400
12159	732.400
12246	732.400
12385	732.400
12387	732.400
12420	732.400
12515	732.400
12815	732.400
12863	732.400
13010	732.400
13038	732.400
13127	732.400
13181	732.400
13255	732.400
11364	732.500
11374	732.500
11403	732.500
11504	732.500
11627	732.500
11719	732.500
11748	732.500
11849	732.500
11870	732.500
12514	732.500
12872	732.500
13151	732.500
11517	732.600
11538	732.600
11838	732.600
12077	732.600
12345	732.600
12809	732.600
12925	732.600
13349	732.600
13397	732.600
13422	732.600
13458	732.600
11369	732.700
11381	732.700
11399	732.700
11437	732.700
11491	732.700
11740	732.700
11800	732.700
11835	732.700
12007	732.700
12101	732.700
12153	732.700
12207	732.700
12605	732.700
12866	732.700
13064	732.700
13142	732.700
13147	732.700
13326	732.700
13389	732.700
11405	732.800
11929	732.800
12060	732.800
12388	732.800
12391	732.800
12504	732.800
12513	732.800
12649	732.800
12708	732.800
12717	732.800
12895	732.800
12999	732.800
13021	732.800
13345	732.800
11402	732.900
11448	732.900
11458	732.900
11487	732.900
11969	732.900
12204	732.900
12231	732.900
12336	732.900
12494	732.900
12496	732.900
12681	732.900
12700	732.900
12748	732.900
12774	732.900
12797	732.900
12845	732.900
12932	732.900
13007	732.900
13022	732.900
13031	732.900
13044	732.900
13058	732.900
13108	732.900
13168	732.900
13308	732.900
13407	732.900
11385	733.000
11411	733.000
11431	733.000
11999	733.000
12318	733.000
12359	733.000
12978	733.000
11391	733.100
11395	733.100
11762	733.100
11790	733.100
11801	733.100
11814	733.100
11951	733.100
12451	733.100
12580	733.100
12628	733.100
12856	733.100
12924	733.100
13258	733.100
13287	733.100
13441	733.100
11329	733.200
11426	733.200
11594	733.200
11654	733.200
12095	733.200
12610	733.200
12716	733.200
12802	733.200
12831	733.200
12941	733.200
13214	733.200
13295	733.200
13302	733.200
13476	733.200
11379	733.300
11653	733.300
11702	733.300
11726	733.300
11806	733.300
11921	733.300
12225	733.300
12330	733.300
12442	733.300
12488	733.300
12664	733.300
12667	733.300
12698	733.300
12733	733.300
12738	733.300
12832	733.300
12899	733.300
12971	733.300
12996	733.300
13074	733.300
13209	733.300
13468	733.300
13483	733.300
11414	733.400
11444	733.400
11559	733.400
11834	733.400
11877	733.400
11901	733.400
12136	733.400
12410	733.400
12480	733.400
12523	733.400
12672	733.400
13083	733.400
13152	733.400
13201	733.400
13236	733.400
13257	733.400
13296	733.400
13361	733.400
13364	733.400
13369	733.400
13480	733.400
11382	733.500
11498	733.500
11647	733.500
11755	733.500
11923	733.500
12107	733.500
12235	733.500
12293	733.500
12298	733.500
12414	733.500
12535	733.500
12615	733.500
12663	733.500
12684	733.500
12707	733.500
12743	733.500
12796	733.500
12915	733.500
12928	733.500
12997	733.500
13094	733.500
13363	733.500
13477	733.500
11308	733.600
11317	733.600
11358	733.600
11441	733.600
12072	733.600
12114	733.600
12238	733.600
12287	733.600
12354	733.600
12484	733.600
12635	733.600
12638	733.600
12937	733.600
13059	733.600
13082	733.600
13140	733.600
13215	733.600
13228	733.600
13456	733.600
13466	733.600
13481	733.600
11306	733.700
11560	733.700
11585	733.700
11591	733.700
11626	733.700
11628	733.700
11742	733.700
11809	733.700
11879	733.700
11946	733.700
12331	733.700
12402	733.700
12558	733.700
12592	733.700
12804	733.700
12931	733.700
13040	733.700
13298	733.700
13317	733.700
13327	733.700
13335	733.700
11307	733.800
11534	733.800
11611	733.800
11782	733.800
11930	733.800
12085	733.800
12164	733.800
12174	733.800
12190	733.800
12566	733.800
12607	733.800
12703	733.800
12740	733.800
12782	733.800
12919	733.800
11404	733.900
11462	733.900
11512	733.900
11515	733.900
11613	733.900
11708	733.900
11772	733.900
11818	733.900
12003	733.900
12024	733.900
12108	733.900
12202	733.900
12218	733.900
12219	733.900
12312	733.900
12326	733.900
12384	733.900
12491	733.900
12539	733.900
12613	733.900
12712	733.900
12750	733.900
12753	733.900
13055	733.900
13100	733.900
13189	733.900
13259	733.900
13391	733.900
13409	733.900
13418	733.900
13428	733.900
13479	733.900
11349	734.000
11435	734.000
11576	734.000
11582	734.000
11774	734.000
11777	734.000
11963	734.000
12021	734.000
12063	734.000
12102	734.000
12129	734.000
12211	734.000
12279	734.000
12390	734.000
12467	734.000
12679	734.000
12940	734.000
13006	734.000
13243	734.000
13289	734.000
11522	734.100
11543	734.100
11570	734.100
11636	734.100
11775	734.100
11804	734.100
11958	734.100
12146	734.100
12196	734.100
12372	734.100
12412	734.100
12590	734.100
12594	734.100
12602	734.100
12952	734.100
13061	734.100
13088	734.100
13318	734.100
13434	734.100
11318	734.200
11396	734.200
11400	734.200
11424	734.200
11508	734.200
11532	734.200
11935	734.200
12178	734.200
12367	734.200
12473	734.200
12706	734.200
12859	734.200
12882	734.200
12938	734.200
12984	734.200
13166	734.200
13325	734.200
13469	734.200
11301	734.300
11344	734.300
11384	734.300
11394	734.300
11427	734.300
11677	734.300
11890	734.300
12158	734.300
12212	734.300
12300	734.300
12430	734.300
12474	734.300
12670	734.300
12691	734.300
12745	734.300
12828	734.300
12893	734.300
13087	734.300
13132	734.300
13272	734.300
13285	734.300
13294	734.300
13328	734.300
13398	734.300
13429	734.300
11447	734.400
11567	734.400
11876	734.400
11950	734.400
12460	734.400
12868	734.400
13097	734.400
13141	734.400
13233	734.400
11372	734.500
11913	734.500
12027	734.500
12098	734.500
12120	734.500
12135	734.500
12198	734.500
12337	734.500
12433	734.500
12677	734.500
12857	734.500
12873	734.500
13002	734.500
13321	734.500
13358	734.500
12653	734.600
12757	734.600
12847	734.600
12945	734.600
13093	734.600
13148	734.600
13179	734.600
11310	734.700
11518	734.700
11563	734.700
11776	734.700
12020	734.700
12972	734.700
13448	734.700
11330	734.800
11407	734.800
11810	734.800
12053	734.800
12152	734.800
12658	734.800
13103	734.800
11511	734.900
12067	734.900
12306	734.900
13279	734.900
11524	735.000
11924	735.000
12247	735.000
13042	735.000
13177	735.000
13212	735.000
13323	735.000
13405	735.000
11864	735.100
12292	735.100
12640	735.100
11309	735.200
12147	735.200
12618	735.200
13167	735.200
13282	735.200
13412	735.200
12586	735.300
12814	735.300
12930	735.300
13171	735.300
11398	735.400
11401	735.400
11706	735.400
11736	735.400
11881	735.400
12030	735.400
12622	735.400
12634	735.400
13001	735.400
13487	735.400
11296	735.500
12742	735.500
12811	735.500
13075	735.500
13304	735.500
13336	735.500
13453	735.500
13465	735.500
11510	735.600
13125	735.600
11588	735.700
11725	735.700
11757	735.700
11784	735.700
12375	735.700
12830	735.700
12913	735.700
11423	735.800
11652	735.800
12111	735.800
12154	735.800
12319	735.800
12462	735.800
12534	735.800
12562	735.800
13153	735.800
13191	735.800
13319	735.800
13383	735.800
11558	735.900
11646	735.900
11667	735.900
11703	735.900
11783	735.900
12023	735.900
12302	735.900
12532	735.900
12587	735.900
13185	735.900
13232	735.900
13246	735.900
13386	735.900
11500	736.000
11552	736.000
11700	736.000
11893	736.000
12062	736.000
12130	736.000
12834	736.000
12961	736.000
13385	736.000
11507	736.100
11539	736.100
11658	736.100
11748	736.100
11854	736.100
12447	736.100
12665	736.100
12774	736.100
12778	736.100
12992	736.100
13028	736.100
13206	736.100
11492	736.200
11699	736.200
11781	736.200
11836	736.200
12284	736.200
12291	736.200
12405	736.200
12555	736.200
12582	736.200
12905	736.200
13221	736.200
13353	736.200
11365	736.300
11470	736.300
11477	736.300
11678	736.300
11860	736.300
12277	736.300
12404	736.300
12696	736.300
12848	736.300
12922	736.300
13012	736.300
13063	736.300
13113	736.300
13217	736.300
13311	736.300
13337	736.300
13455	736.300
11347	736.400
11548	736.400
11660	736.400
11694	736.400
11730	736.400
11942	736.400
12194	736.400
12362	736.400
12389	736.400
12611	736.400
12735	736.400
12789	736.400
13122	736.400
13380	736.400
11315	736.500
11420	736.500
11467	736.500
11493	736.500
11497	736.500
12569	736.500
12572	736.500
12722	736.500
13050	736.500
11480	736.600
11673	736.600
11737	736.600
11778	736.600
11928	736.600
11933	736.600
12061	736.600
12263	736.600
12349	736.600
12407	736.600
12726	736.600
13155	736.600
13426	736.600
11846	736.700
12752	736.700
13202	736.700
11468	736.800
12044	736.800
12045	736.800
12074	736.800
12117	736.800
12167	736.800
12340	736.800
12415	736.800
13417	736.800
11984	736.900
13357	736.900
12123	737.000
12544	737.000
12956	737.000
13241	737.000
13307	737.000
11713	737.100
11813	737.100
11332	737.200
12730	737.400
13370	738.200
11941	738.600
12935	738.900
11693	739.300
12869	740.700
11358	741.000
13134	741.300
11777	741.400
13020	741.400
13221	741.500
13226	741.500
13273	741.500
13318	741.500
12389	741.600
12372	741.700
12598	741.700
11874	741.800
12620	741.800
11678	741.900
11933	741.900
12655	741.900
12793	741.900
12891	741.900
13338	741.900
11408	742.000
11731	742.000
12174	742.000
13356	742.000
11653	742.100
11926	742.100
12265	742.100
12467	742.100
11470	742.200
11868	742.200
12545	742.200
12569	742.200
12881	742.200
11365	742.300
11782	742.300
11930	742.300
12007	742.300
12045	742.300
12254	742.300
12712	742.300
12884	742.300
12924	742.300
13164	742.300
13476	742.300
11491	742.400
11539	742.400
11726	742.400
11764	742.400
11877	742.400
12029	742.400
12077	742.400
12291	742.400
12293	742.400
12301	742.400
12373	742.400
12591	742.400
12688	742.400
12778	742.400
12939	742.400
13000	742.400
13153	742.400
13426	742.400
11414	742.500
11581	742.500
11693	742.500
11759	742.500
11871	742.500
11941	742.500
12499	742.500
12888	742.500
12935	742.500
12956	742.500
13215	742.500
13223	742.500
13345	742.500
13357	742.500
11451	742.600
11597	742.600
11721	742.600
11763	742.600
11785	742.600
11806	742.600
11867	742.600
12005	742.600
12134	742.600
12284	742.600
12522	742.600
12544	742.600
12589	742.600
12635	742.600
12727	742.600
12774	742.600
12830	742.600
12834	742.600
12835	742.600
12851	742.600
13217	742.600
13257	742.600
13385	742.600
11429	742.700
11481	742.700
11500	742.700
11594	742.700
11847	742.700
11966	742.700
12020	742.700
12353	742.700
12412	742.700
12424	742.700
12607	742.700
12667	742.700
12685	742.700
12725	742.700
12946	742.700
12959	742.700
12965	742.700
13193	742.700
13300	742.700
13312	742.700
13324	742.700
13448	742.700
11387	742.800
11390	742.800
11396	742.800
11405	742.800
11552	742.800
11588	742.800
11700	742.800
11749	742.800
11787	742.800
11834	742.800
11907	742.800
12124	742.800
12189	742.800
12382	742.800
12404	742.800
12405	742.800
12474	742.800
12504	742.800
12530	742.800
12709	742.800
12726	742.800
12730	742.800
12822	742.800
12960	742.800
13048	742.800
13054	742.800
13185	742.800
13259	742.800
13319	742.800
13336	742.800
13370	742.800
13410	742.800
13453	742.800
11344	742.900
11378	742.900
11381	742.900
11468	742.900
11564	742.900
11670	742.900
11705	742.900
11765	742.900
11766	742.900
11830	742.900
11860	742.900
11887	742.900
11987	742.900
12072	742.900
12100	742.900
12219	742.900
12323	742.900
12331	742.900
12352	742.900
12387	742.900
12501	742.900
12670	742.900
12671	742.900
12735	742.900
12847	742.900
12855	742.900
13016	742.900
13063	742.900
13072	742.900
13118	742.900
13203	742.900
13206	742.900
13228	742.900
13272	742.900
13340	742.900
13463	742.900
13481	742.900
11300	743.000
11308	743.000
11310	743.000
11330	743.000
11348	743.000
11379	743.000
11398	743.000
11537	743.000
11622	743.000
11730	743.000
11781	743.000
11784	743.000
11810	743.000
11823	743.000
11839	743.000
11904	743.000
11984	743.000
12123	743.000
12298	743.000
12300	743.000
12332	743.000
12343	743.000
12380	743.000
12407	743.000
12415	743.000
12416	743.000
12437	743.000
12472	743.000
12532	743.000
12618	743.000
12624	743.000
12626	743.000
12641	743.000
12665	743.000
12676	743.000
12683	743.000
12717	743.000
12748	743.000
12752	743.000
12757	743.000
12786	743.000
12895	743.000
12904	743.000
12922	743.000
12967	743.000
12992	743.000
13052	743.000
13059	743.000
13069	743.000
13227	743.000
13232	743.000
13264	743.000
13321	743.000
13348	743.000
13466	743.000
13468	743.000
11346	743.100
11355	743.100
11357	743.100
11374	743.100
11444	743.100
11457	743.100
11477	743.100
11480	743.100
11492	743.100
11517	743.100
11519	743.100
11545	743.100
11585	743.100
11607	743.100
11610	743.100
11639	743.100
11673	743.100
11719	743.100
11729	743.100
11783	743.100
11836	743.100
11846	743.100
11849	743.100
11892	743.100
11954	743.100
11968	743.100
11976	743.100
11988	743.100
12015	743.100
12037	743.100
12042	743.100
12106	743.100
12118	743.100
12145	743.100
12278	743.100
12340	743.100
12342	743.100
12383	743.100
12442	743.100
12457	743.100
12534	743.100
12562	743.100
12587	743.100
12592	743.100
12722	743.100
12789	743.100
12814	743.100
12875	743.100
12883	743.100
12890	743.100
12905	743.100
12914	743.100
13006	743.100
13038	743.100
13129	743.100
13163	743.100
13180	743.100
13190	743.100
13195	743.100
13201	743.100
13204	743.100
13222	743.100
13262	743.100
13278	743.100
13302	743.100
13308	743.100
13331	743.100
13364	743.100
13404	743.100
13409	743.100
13416	743.100
13427	743.100
13440	743.100
13458	743.100
11350	743.200
11364	743.200
11382	743.200
11385	743.200
11397	743.200
11433	743.200
11548	743.200
11574	743.200
11669	743.200
11713	743.200
11737	743.200
11813	743.200
11816	743.200
11832	743.200
11853	743.200
11898	743.200
11953	743.200
11986	743.200
12012	743.200
12027	743.200
12043	743.200
12107	743.200
12139	743.200
12194	743.200
12337	743.200
12375	743.200
12385	743.200
12447	743.200
12470	743.200
12489	743.200
12513	743.200
12537	743.200
12553	743.200
12580	743.200
12610	743.200
12615	743.200
12703	743.200
12762	743.200
12785	743.200
12787	743.200
12872	743.200
12944	743.200
13014	743.200
13095	743.200
13131	743.200
13151	743.200
13155	743.200
13182	743.200
13363	743.200
13381	743.200
13400	743.200
13433	743.200
13479	743.200
11315	743.300
11394	743.300
11402	743.300
11422	743.300
11467	743.300
11510	743.300
11515	743.300
11532	743.300
11563	743.300
11591	743.300
11604	743.300
11621	743.300
11629	743.300
11652	743.300
11685	743.300
11789	743.300
11835	743.300
11890	743.300
11911	743.300
12002	743.300
12013	743.300
12017	743.300
12023	743.300
12097	743.300
12108	743.300
12147	743.300
12167	743.300
12224	743.300
12231	743.300
12244	743.300
12271	743.300
12277	743.300
12361	743.300
12374	743.300
12423	743.300
12450	743.300
12460	743.300
12476	743.300
12495	743.300
12521	743.300
12597	743.300
12630	743.300
12656	743.300
12807	743.300
12850	743.300
12866	743.300
12941	743.300
12947	743.300
12973	743.300
12994	743.300
13023	743.300
13065	743.300
13198	743.300
13214	743.300
13243	743.300
13276	743.300
13386	743.300
13417	743.300
13472	743.300
13478	743.300
11307	743.400
11347	743.400
11407	743.400
11420	743.400
11435	743.400
11447	743.400
11493	743.400
11541	743.400
11565	743.400
11566	743.400
11605	743.400
11662	743.400
11680	743.400
11684	743.400
11694	743.400
11698	743.400
11750	743.400
11752	743.400
11778	743.400
11841	743.400
11863	743.400
11870	743.400
11882	743.400
11891	743.400
11913	743.400
11929	743.400
11942	743.400
11955	743.400
11956	743.400
11999	743.400
12018	743.400
12030	743.400
12060	743.400
12071	743.400
12074	743.400
12083	743.400
12126	743.400
12148	743.400
12149	743.400
12152	743.400
12172	743.400
12197	743.400
12207	743.400
12239	743.400
12263	743.400
12296	743.400
12326	743.400
12357	743.400
12409	743.400
12443	743.400
12445	743.400
12463	743.400
12475	743.400
12528	743.400
12539	743.400
12542	743.400
12560	743.400
12648	743.400
12705	743.400
12755	743.400
12772	743.400
12775	743.400
12797	743.400
12810	743.400
12841	743.400
12848	743.400
12913	743.400
12921	743.400
12966	743.400
12978	743.400
12987	743.400
13012	743.400
13044	743.400
13050	743.400
13078	743.400
13090	743.400
13097	743.400
13103	743.400
13113	743.400
13122	743.400
13125	743.400
13130	743.400
13167	743.400
13171	743.400
13173	743.400
13176	743.400
13179	743.400
13207	743.400
13233	743.400
13282	743.400
13294	743.400
13304	743.400
13337	743.400
13372	743.400
13380	743.400
13411	743.400
13415	743.400
13450	743.400
11332	743.500
11343	743.500
11369	743.500
11399	743.500
11419	743.500
11423	743.500
11445	743.500
11446	743.500
11479	743.500
11495	743.500
11497	743.500
11507	743.500
11508	743.500
11512	743.500
11578	743.500
11608	743.500
11609	743.500
11647	743.500
11658	743.500
11660	743.500
11668	743.500
11755	743.500
11761	743.500
11812	743.500
11855	743.500
11886	743.500
11917	743.500
11928	743.500
11961	743.500
11969	743.500
12048	743.500
12081	743.500
12098	743.500
12117	743.500
12125	743.500
12136	743.500
12185	743.500
12193	743.500
12202	743.500
12205	743.500
12206	743.500
12209	743.500
12235	743.500
12237	743.500
12266	743.500
12299	743.500
12314	743.500
12319	743.500
12401	743.500
12406	743.500
12411	743.500
12520	743.500
12533	743.500
12536	743.500
12557	743.500
12584	743.500
12640	743.500
12649	743.500
12698	743.500
12704	743.500
12716	743.500
12761	743.500
12777	743.500
12796	743.500
12809	743.500
12831	743.500
12843	743.500
12869	743.500
12945	743.500
12957	743.500
12974	743.500
12984	743.500
12997	743.500
13009	743.500
13082	743.500
13127	743.500
13162	743.500
13169	743.500
13256	743.500
13274	743.500
13292	743.500
13307	743.500
13311	743.500
13320	743.500
13328	743.500
13350	743.500
13377	743.500
13391	743.500
13413	743.500
11314	743.600
11323	743.600
11324	743.600
11361	743.600
11367	743.600
11375	743.600
11376	743.600
11383	743.600
11389	743.600
11392	743.600
11395	743.600
11401	743.600
11411	743.600
11434	743.600
11441	743.600
11452	743.600
11464	743.600
11538	743.600
11553	743.600
11644	743.600
11650	743.600
11654	743.600
11663	743.600
11672	743.600
11686	743.600
11703	743.600
11708	743.600
11709	743.600
11720	743.600
11748	743.600
11772	743.600
11792	743.600
11862	743.600
11900	743.600
11920	743.600
11975	743.600
12044	743.600
12056	743.600
12062	743.600
12089	743.600
12096	743.600
12102	743.600
12130	743.600
12154	743.600
12158	743.600
12170	743.600
12179	743.600
12226	743.600
12240	743.600
12276	743.600
12289	743.600
12290	743.600
12295	743.600
12318	743.600
12334	743.600
12341	743.600
12350	743.600
12434	743.600
12435	743.600
12452	743.600
12497	743.600
12515	743.600
12577	743.600
12578	743.600
12583	743.600
12600	743.600
12611	743.600
12668	743.600
12672	743.600
12677	743.600
12679	743.600
12684	743.600
12693	743.600
12742	743.600
12744	743.600
12749	743.600
12770	743.600
12794	743.600
12859	743.600
12898	743.600
12932	743.600
12933	743.600
12936	743.600
12938	743.600
12940	743.600
12972	743.600
12999	743.600
13002	743.600
13025	743.600
13060	743.600
13070	743.600
13074	743.600
13087	743.600
13111	743.600
13133	743.600
13160	743.600
13181	743.600
13200	743.600
13231	743.600
13349	743.600
13354	743.600
13361	743.600
13388	743.600
13396	743.600
13398	743.600
13449	743.600
13455	743.600
13480	743.600
11296	743.700
11362	743.700
11384	743.700
11424	743.700
11427	743.700
11437	743.700
11518	743.700
11536	743.700
11544	743.700
11554	743.700
11560	743.700
11562	743.700
11576	743.700
11583	743.700
11611	743.700
11643	743.700
11651	743.700
11656	743.700
11664	743.700
11679	743.700
11687	743.700
11699	743.700
11701	743.700
11706	743.700
11716	743.700
11734	743.700
11747	743.700
11756	743.700
11790	743.700
11818	743.700
11820	743.700
11850	743.700
11876	743.700
11895	743.700
11938	743.700
11946	743.700
11947	743.700
11950	743.700
12003	743.700
12006	743.700
12026	743.700
12082	743.700
12095	743.700
12114	743.700
12144	743.700
12153	743.700
12176	743.700
12183	743.700
12217	743.700
12220	743.700
12236	743.700
12250	743.700
12279	743.700
12286	743.700
12311	743.700
12315	743.700
12317	743.700
12335	743.700
12362	743.700
12384	743.700
12386	743.700
12390	743.700
12403	743.700
12414	743.700
12433	743.700
12441	743.700
12444	743.700
12446	743.700
12462	743.700
12471	743.700
12480	743.700
12511	743.700
12512	743.700
12535	743.700
12538	743.700
12543	743.700
12547	743.700
12548	743.700
12554	743.700
12555	743.700
12563	743.700
12582	743.700
12593	743.700
12603	743.700
12617	743.700
12628	743.700
12629	743.700
12631	743.700
12639	743.700
12675	743.700
12692	743.700
12721	743.700
12750	743.700
12751	743.700
12758	743.700
12759	743.700
12823	743.700
12863	743.700
12865	743.700
12871	743.700
12873	743.700
12877	743.700
12908	743.700
12926	743.700
12954	743.700
12971	743.700
12977	743.700
13028	743.700
13032	743.700
13049	743.700
13064	743.700
13067	743.700
13071	743.700
13088	743.700
13135	743.700
13142	743.700
13152	743.700
13158	743.700
13188	743.700
13189	743.700
13209	743.700
13211	743.700
13225	743.700
13254	743.700
13258	743.700
13266	743.700
13286	743.700
13306	743.700
13329	743.700
13358	743.700
13383	743.700
13421	743.700
13456	743.700
11309	743.800
11318	743.800
11319	743.800
11321	743.800
11338	743.800
11363	743.800
11498	743.800
11559	743.800
11579	743.800
11589	743.800
11617	743.800
11623	743.800
11646	743.800
11690	743.800
11702	743.800
11718	743.800
11736	743.800
11760	743.800
11762	743.800
11771	743.800
11801	743.800
11802	743.800
11837	743.800
11896	743.800
11919	743.800
11921	743.800
11948	743.800
11958	743.800
11967	743.800
12000	743.800
12010	743.800
12016	743.800
12054	743.800
12087	743.800
12111	743.800
12135	743.800
12165	743.800
12168	743.800
12169	743.800
12187	743.800
12196	743.800
12198	743.800
12211	743.800
12256	743.800
12292	743.800
12294	743.800
12306	743.800
12320	743.800
12324	743.800
12329	743.800
12354	743.800
12369	743.800
12377	743.800
12395	743.800
12429	743.800
12451	743.800
12454	743.800
12496	743.800
12517	743.800
12529	743.800
12551	743.800
12558	743.800
12568	743.800
12663	743.800
12700	743.800
12702	743.800
12718	743.800
12729	743.800
12745	743.800
12756	743.800
12773	743.800
12811	743.800
12885	743.800
12899	743.800
12902	743.800
12937	743.800
13021	743.800
13058	743.800
13077	743.800
13107	743.800
13108	743.800
13148	743.800
13154	743.800
13168	743.800
13174	743.800
13196	743.800
13202	743.800
13297	743.800
13298	743.800
13299	743.800
13303	743.800
13310	743.800
13322	743.800
13341	743.800
13344	743.800
13355	743.800
13422	743.800
13445	743.800
13473	743.800
11333	743.900
11360	743.900
11400	743.900
11438	743.900
11454	743.900
11455	743.900
11473	743.900
11478	743.900
11521	743.900
11522	743.900
11543	743.900
11558	743.900
11590	743.900
11598	743.900
11626	743.900
11628	743.900
11632	743.900
11633	743.900
11659	743.900
11667	743.900
11677	743.900
11692	743.900
11753	743.900
11769	743.900
11779	743.900
11811	743.900
11833	743.900
11859	743.900
11869	743.900
11879	743.900
11901	743.900
11924	743.900
11951	743.900
11962	743.900
11973	743.900
11981	743.900
11983	743.900
11996	743.900
11997	743.900
12047	743.900
12051	743.900
12143	743.900
12160	743.900
12161	743.900
12164	743.900
12177	743.900
12190	743.900
12195	743.900
12212	743.900
12218	743.900
12225	743.900
12281	743.900
12304	743.900
12316	743.900
12346	743.900
12393	743.900
12413	743.900
12466	743.900
12469	743.900
12482	743.900
12484	743.900
12486	743.900
12494	743.900
12514	743.900
12526	743.900
12527	743.900
12561	743.900
12572	743.900
12637	743.900
12642	743.900
12647	743.900
12651	743.900
12678	743.900
12699	743.900
12710	743.900
12720	743.900
12763	743.900
12766	743.900
12782	743.900
12803	743.900
12804	743.900
12813	743.900
12854	743.900
12858	743.900
12874	743.900
12880	743.900
12897	743.900
12918	743.900
12923	743.900
12925	743.900
12931	743.900
12962	743.900
12975	743.900
12996	743.900
13017	743.900
13024	743.900
13041	743.900
13051	743.900
13085	743.900
13089	743.900
13100	743.900
13120	743.900
13150	743.900
13161	743.900
13184	743.900
13219	743.900
13245	743.900
13261	743.900
13285	743.900
13295	743.900
13301	743.900
13305	743.900
13317	743.900
13323	743.900
13325	743.900
13327	743.900
13335	743.900
13347	743.900
13418	743.900
13465	743.900
13467	743.900
11311	744.000
11316	744.000
11320	744.000
11351	744.000
11366	744.000
11428	744.000
11443	744.000
11456	744.000
11483	744.000
11506	744.000
11524	744.000
11526	744.000
11535	744.000
11540	744.000
11567	744.000
11575	744.000
11601	744.000
11613	744.000
11614	744.000
11624	744.000
11631	744.000
11674	744.000
11683	744.000
11691	744.000
11707	744.000
11722	744.000
11725	744.000
11738	744.000
11757	744.000
11838	744.000
11864	744.000
11872	744.000
11888	744.000
11914	744.000
11922	744.000
11927	744.000
11965	744.000
11970	744.000
12053	744.000
12066	744.000
12070	744.000
12105	744.000
12120	744.000
12129	744.000
12138	744.000
12142	744.000
12166	744.000
12178	744.000
12180	744.000
12191	744.000
12248	744.000
12260	744.000
12270	744.000
12302	744.000
12322	744.000
12330	744.000
12336	744.000
12349	744.000
12351	744.000
12359	744.000
12430	744.000
12455	744.000
12491	744.000
12516	744.000
12540	744.000
12541	744.000
12566	744.000
12567	744.000
12586	744.000
12588	744.000
12602	744.000
12634	744.000
12643	744.000
12645	744.000
12653	744.000
12657	744.000
12660	744.000
12664	744.000
12674	744.000
12689	744.000
12691	744.000
12696	744.000
12706	744.000
12728	744.000
12739	744.000
12743	744.000
12746	744.000
12754	744.000
12765	744.000
12805	744.000
12837	744.000
12856	744.000
12868	744.000
12920	744.000
13001	744.000
13015	744.000
13040	744.000
13073	744.000
13080	744.000
13098	744.000
13117	744.000
13141	744.000
13156	744.000
13170	744.000
13192	744.000
13212	744.000
13220	744.000
13234	744.000
13247	744.000
13268	744.000
13334	744.000
13351	744.000
13373	744.000
13375	744.000
13482	744.000
13483	744.000
13484	744.000
13487	744.000
11297	744.100
11306	744.100
11329	744.100
11354	744.100
11358	744.100
11380	744.100
11413	744.100
11472	744.100
11511	744.100
11527	744.100
11569	744.100
11573	744.100
11582	744.100
11620	744.100
11640	744.100
11645	744.100
11727	744.100
11735	744.100
11777	744.100
11804	744.100
11819	744.100
11824	744.100
11856	744.100
11875	744.100
11881	744.100
11883	744.100
11884	744.100
11943	744.100
11963	744.100
11971	744.100
11980	744.100
12001	744.100
12008	744.100
12014	744.100
12025	744.100
12031	744.100
12046	744.100
12061	744.100
12063	744.100
12076	744.100
12078	744.100
12079	744.100
12104	744.100
12119	744.100
12133	744.100
12146	744.100
12156	744.100
12173	744.100
12181	744.100
12199	744.100
12228	744.100
12264	744.100
12274	744.100
12313	744.100
12328	744.100
12339	744.100
12345	744.100
12347	744.100
12398	744.100
12399	744.100
12417	744.100
12419	744.100
12420	744.100
12425	744.100
12426	744.100
12438	744.100
12453	744.100
12477	744.100
12485	744.100
12500	744.100
12508	744.100
12518	744.100
12523	744.100
12573	744.100
12590	744.100
12601	744.100
12605	744.100
12614	744.100
12627	744.100
12662	744.100
12666	744.100
12669	744.100
12680	744.100
12687	744.100
12711	744.100
12783	744.100
12788	744.100
12806	744.100
12839	744.100
12842	744.100
12867	744.100
12876	744.100
12882	744.100
12927	744.100
12928	744.100
12929	744.100
12930	744.100
12942	744.100
12951	744.100
13010	744.100
13019	744.100
13027	744.100
13029	744.100
13031	744.100
13046	744.100
13066	744.100
13081	744.100
13104	744.100
13115	744.100
13116	744.100
13121	744.100
13128	744.100
13134	744.100
13140	744.100
13157	744.100
13216	744.100
13230	744.100
13236	744.100
13241	744.100
13250	744.100
13280	744.100
13287	744.100
13288	744.100
13315	744.100
13326	744.100
13332	744.100
13353	744.100
13389	744.100
13395	744.100
13397	744.100
13403	744.100
13407	744.100
13425	744.100
13432	744.100
13434	744.100
13443	744.100
13462	744.100
13474	744.100
13477	744.100
11301	744.200
11328	744.200
11339	744.200
11340	744.200
11416	744.200
11425	744.200
11431	744.200
11475	744.200
11476	744.200
11482	744.200
11496	744.200
11599	744.200
11627	744.200
11630	744.200
11641	744.200
11655	744.200
11665	744.200
11671	744.200
11697	744.200
11768	744.200
11776	744.200
11791	744.200
11797	744.200
11799	744.200
11809	744.200
11828	744.200
11843	744.200
11845	744.200
11865	744.200
11908	744.200
11937	744.200
11944	744.200
11957	744.200
11990	744.200
11998	744.200
12009	744.200
12039	744.200
12055	744.200
12084	744.200
12094	744.200
12101	744.200
12122	744.200
12163	744.200
12200	744.200
12203	744.200
12204	744.200
12213	744.200
12214	744.200
12221	744.200
12230	744.200
12234	744.200
12238	744.200
12242	744.200
12258	744.200
12275	744.200
12287	744.200
12305	744.200
12365	744.200
12473	744.200
12510	744.200
12571	744.200
12595	744.200
12613	744.200
12622	744.200
12636	744.200
12644	744.200
12654	744.200
12659	744.200
12713	744.200
12719	744.200
12723	744.200
12753	744.200
12764	744.200
12799	744.200
12815	744.200
12836	744.200
12838	744.200
12845	744.200
12861	744.200
12879	744.200
12889	744.200
12892	744.200
12893	744.200
12894	744.200
12912	744.200
12934	744.200
12943	744.200
12961	744.200
12963	744.200
12982	744.200
12995	744.200
13003	744.200
13020	744.200
13026	744.200
13035	744.200
13039	744.200
13047	744.200
13109	744.200
13138	744.200
13159	744.200
13186	744.200
13205	744.200
13224	744.200
13249	744.200
13265	744.200
13270	744.200
13296	744.200
13333	744.200
13346	744.200
13368	744.200
13369	744.200
13430	744.200
13441	744.200
11325	744.300
11326	744.300
11341	744.300
11342	744.300
11349	744.300
11372	744.300
11393	744.300
11440	744.300
11474	744.300
11485	744.300
11489	744.300
11505	744.300
11513	744.300
11549	744.300
11550	744.300
11555	744.300
11570	744.300
11571	744.300
11586	744.300
11595	744.300
11625	744.300
11636	744.300
11642	744.300
11676	744.300
11724	744.300
11733	744.300
11740	744.300
11742	744.300
11743	744.300
11744	744.300
11754	744.300
11773	744.300
11780	744.300
11800	744.300
11807	744.300
11825	744.300
11844	744.300
11854	744.300
11878	744.300
11885	744.300
11889	744.300
11940	744.300
12004	744.300
12022	744.300
12050	744.300
12057	744.300
12067	744.300
12068	744.300
12075	744.300
12085	744.300
12091	744.300
12109	744.300
12116	744.300
12155	744.300
12215	744.300
12227	744.300
12247	744.300
12249	744.300
12257	744.300
12267	744.300
12282	744.300
12378	744.300
12418	744.300
12421	744.300
12439	744.300
12448	744.300
12464	744.300
12490	744.300
12493	744.300
12519	744.300
12552	744.300
12565	744.300
12619	744.300
12638	744.300
12658	744.300
12681	744.300
12732	744.300
12760	744.300
12776	744.300
12812	744.300
12828	744.300
12829	744.300
12846	744.300
12860	744.300
12886	744.300
12900	744.300
12907	744.300
13011	744.300
13013	744.300
13061	744.300
13086	744.300
13094	744.300
13124	744.300
13132	744.300
13147	744.300
13165	744.300
13166	744.300
13197	744.300
13237	744.300
13343	744.300
13359	744.300
13371	744.300
13394	744.300
13442	744.300
13447	744.300
13485	744.300
11299	744.400
11386	744.400
11391	744.400
11404	744.400
11410	744.400
11415	744.400
11426	744.400
11448	744.400
11449	744.400
11462	744.400
11469	744.400
11487	744.400
11488	744.400
11494	744.400
11504	744.400
11516	744.400
11529	744.400
11530	744.400
11546	744.400
11580	744.400
11593	744.400
11637	744.400
11649	744.400
11681	744.400
11688	744.400
11751	744.400
11774	744.400
11775	744.400
11786	744.400
11814	744.400
11858	744.400
11873	744.400
11905	744.400
11923	744.400
11932	744.400
11945	744.400
11982	744.400
12019	744.400
12021	744.400
12024	744.400
12034	744.400
12041	744.400
12058	744.400
12059	744.400
12086	744.400
12090	744.400
12112	744.400
12113	744.400
12121	744.400
12141	744.400
12151	744.400
12171	744.400
12182	744.400
12186	744.400
12255	744.400
12261	744.400
12269	744.400
12273	744.400
12285	744.400
12364	744.400
12400	744.400
12427	744.400
12431	744.400
12432	744.400
12436	744.400
12498	744.400
12506	744.400
12507	744.400
12525	744.400
12531	744.400
12612	744.400
12632	744.400
12650	744.400
12714	744.400
12737	744.400
12738	744.400
12740	744.400
12781	744.400
12802	744.400
12820	744.400
12901	744.400
12950	744.400
12952	744.400
12953	744.400
12955	744.400
12964	744.400
12985	744.400
12990	744.400
13005	744.400
13037	744.400
13043	744.400
13053	744.400
13056	744.400
13144	744.400
13172	744.400
13177	744.400
13191	744.400
13210	744.400
13226	744.400
13242	744.400
13273	744.400
13289	744.400
13309	744.400
13314	744.400
13342	744.400
13360	744.400
13362	744.400
13405	744.400
13412	744.400
13419	744.400
13438	744.400
13451	744.400
13464	744.400
13469	744.400
11298	744.500
11302	744.500
11303	744.500
11304	744.500
11312	744.500
11345	744.500
11353	744.500
11371	744.500
11403	744.500
11406	744.500
11459	744.500
11463	744.500
11534	744.500
11556	744.500
11619	744.500
11666	744.500
11682	744.500
11711	744.500
11717	744.500
11732	744.500
11794	744.500
11808	744.500
11817	744.500
11842	744.500
11852	744.500
11893	744.500
11909	744.500
11918	744.500
11935	744.500
11959	744.500
11977	744.500
11978	744.500
12064	744.500
12065	744.500
12069	744.500
12073	744.500
12103	744.500
12131	744.500
12132	744.500
12159	744.500
12162	744.500
12184	744.500
12201	744.500
12216	744.500
12222	744.500
12223	744.500
12243	744.500
12272	744.500
12303	744.500
12360	744.500
12372	744.500
12391	744.500
12402	744.500
12408	744.500
12461	744.500
12481	744.500
12492	744.500
12505	744.500
12575	744.500
12576	744.500
12599	744.500
12606	744.500
12620	744.500
12625	744.500
12652	744.500
12661	744.500
12731	744.500
12798	744.500
12817	744.500
12832	744.500
12840	744.500
12857	744.500
12903	744.500
12911	744.500
12915	744.500
12981	744.500
12983	744.500
13008	744.500
13018	744.500
13030	744.500
13033	744.500
13075	744.500
13076	744.500
13083	744.500
13093	744.500
13106	744.500
13114	744.500
13136	744.500
13137	744.500
13199	744.500
13239	744.500
13248	744.500
13284	744.500
13293	744.500
13392	744.500
13399	744.500
13406	744.500
13429	744.500
13431	744.500
13435	744.500
13446	744.500
11409	744.600
11436	744.600
11439	744.600
11450	744.600
11460	744.600
11490	744.600
11525	744.600
11678	744.600
11695	744.600
11746	744.600
11788	744.600
11796	744.600
11822	744.600
11826	744.600
11848	744.600
11897	744.600
11899	744.600
11925	744.600
11993	744.600
12157	744.600
12188	744.600
12229	744.600
12252	744.600
12268	744.600
12280	744.600
12297	744.600
12307	744.600
12308	744.600
12309	744.600
12310	744.600
12338	744.600
12388	744.600
12389	744.600
12392	744.600
12458	744.600
12488	744.600
12509	744.600
12524	744.600
12598	744.600
12690	744.600
12695	744.600
12707	744.600
12708	744.600
12741	744.600
12768	744.600
12769	744.600
12771	744.600
12780	744.600
12790	744.600
12849	744.600
12852	744.600
12862	744.600
12870	744.600
12887	744.600
12891	744.600
12896	744.600
12969	744.600
12980	744.600
12991	744.600
13004	744.600
13007	744.600
13034	744.600
13055	744.600
13101	744.600
13102	744.600
13119	744.600
13123	744.600
13145	744.600
13146	744.600
13194	744.600
13218	744.600
13221	744.600
13244	744.600
13267	744.600
13277	744.600
13318	744.600
13365	744.600
13374	744.600
13379	744.600
13384	744.600
13414	744.600
13420	744.600
13423	744.600
11373	744.700
11388	744.700
11408	744.700
11458	744.700
11461	744.700
11484	744.700
11547	744.700
11551	744.700
11561	744.700
11572	744.700
11596	744.700
11603	744.700
11634	744.700
11696	744.700
11798	744.700
11803	744.700
11874	744.700
11903	744.700
11933	744.700
11939	744.700
11979	744.700
11985	744.700
11989	744.700
12035	744.700
12036	744.700
12040	744.700
12140	744.700
12356	744.700
12371	744.700
12381	744.700
12422	744.700
12456	744.700
12465	744.700
12545	744.700
12608	744.700
12609	744.700
12621	744.700
12655	744.700
12701	744.700
12733	744.700
12910	744.700
12948	744.700
12976	744.700
13022	744.700
13042	744.700
13045	744.700
13126	744.700
13139	744.700
13175	744.700
13252	744.700
13271	744.700
13279	744.700
13313	744.700
13338	744.700
13356	744.700
13376	744.700
13378	744.700
13401	744.700
13428	744.700
13444	744.700
13454	744.700
13459	744.700
13475	744.700
11317	744.800
11334	744.800
11370	744.800
11471	744.800
11503	744.800
11523	744.800
11612	744.800
11648	744.800
11653	744.800
11731	744.800
11739	744.800
11767	744.800
11840	744.800
11880	744.800
11894	744.800
11916	744.800
11991	744.800
12011	744.800
12032	744.800
12080	744.800
12174	744.800
12208	744.800
12262	744.800
12288	744.800
12358	744.800
12367	744.800
12368	744.800
12376	744.800
12428	744.800
12467	744.800
12479	744.800
12549	744.800
12556	744.800
12559	744.800
12569	744.800
12579	744.800
12623	744.800
12736	744.800
12824	744.800
12826	744.800
12906	744.800
12919	744.800
12993	744.800
13238	744.800
13251	744.800
13382	744.800
13387	744.800
13408	744.800
13424	744.800
13437	744.800
13486	744.800
11337	744.900
11368	744.900
11412	744.900
11421	744.900
11430	744.900
11520	744.900
11557	744.900
11615	744.900
11782	744.900
11793	744.900
11795	744.900
11805	744.900
11930	744.900
11992	744.900
12045	744.900
12137	744.900
12192	744.900
12245	744.900
12246	744.900
12259	744.900
12265	744.900
12283	744.900
12379	744.900
12570	744.900
12581	744.900
12594	744.900
12686	744.900
12697	744.900
12734	744.900
12784	744.900
12853	744.900
12884	744.900
13057	744.900
13079	744.900
13092	744.900
13099	744.900
13112	744.900
13149	744.900
13246	744.900
13255	744.900
13330	744.900
13457	744.900
11331	745.000
11501	745.000
11531	745.000
11712	745.000
11745	745.000
11906	745.000
11960	745.000
12029	745.000
12052	745.000
12175	745.000
12210	745.000
12291	745.000
12321	745.000
12325	745.000
12604	745.000
12793	745.000
12878	745.000
12949	745.000
13263	745.000
13269	745.000
13470	745.000
13476	745.000
11568	745.100
11728	745.100
12396	745.100
12688	745.100
12778	745.100
12881	745.100
12924	745.100
12956	745.100
13143	745.100
13223	745.100
13460	745.100
11352	745.200
11581	745.200
11759	745.200
11763	745.200
11764	745.200
12596	745.200
12635	745.200
13000	745.200
13091	745.200
13439	745.200
11714	745.300
12254	745.300
12370	745.300
13185	745.300
13257	745.300
13275	745.300
13448	745.300
11396	745.400
12077	745.400
11693	745.600
12005	745.600
12007	745.700
13453	745.900
11871	746.200
11941	746.200
11783	746.300
11429	746.400
13427	746.500
11381	746.600
11868	746.600
12562	746.600
13118	746.600
11398	746.700
11784	746.700
12489	746.700
11755	746.800
11892	746.800
12442	746.800
12926	746.800
13052	746.800
13157	746.800
13193	746.800
13345	746.800
11390	746.900
11926	746.900
11946	746.900
12512	746.900
12631	746.900
12703	746.900
13028	746.900
13203	746.900
13228	746.900
13312	746.900
11348	747.000
11607	747.000
12354	747.000
12387	747.000
12404	747.000
12544	747.000
12640	747.000
12851	747.000
12957	747.000
12972	747.000
13215	747.000
13287	747.000
13302	747.000
11344	747.100
11365	747.100
11475	747.100
11594	747.100
11787	747.100
11837	747.100
11920	747.100
12056	747.100
12124	747.100
12219	747.100
12727	747.100
12789	747.100
12831	747.100
12847	747.100
12888	747.100
12935	747.100
13134	747.100
13190	747.100
13321	747.100
13385	747.100
13449	747.100
13463	747.100
11332	747.200
11347	747.200
11378	747.200
11434	747.200
11456	747.200
11470	747.200
11480	747.200
11585	747.200
11756	747.200
12072	747.200
12166	747.200
12293	747.200
12294	747.200
12331	747.200
12506	747.200
12586	747.200
12653	747.200
12712	747.200
12904	747.200
12960	747.200
13171	747.200
13296	747.200
13371	747.200
11443	747.300
11491	747.300
11586	747.300
11725	747.300
11779	747.300
11781	747.300
11839	747.300
11869	747.300
11896	747.300
11944	747.300
12027	747.300
12047	747.300
12068	747.300
12107	747.300
12167	747.300
12211	747.300
12323	747.300
12344	747.300
12375	747.300
12614	747.300
12716	747.300
12786	747.300
12866	747.300
12907	747.300
12909	747.300
12947	747.300
12967	747.300
12984	747.300
13027	747.300
13116	747.300
13148	747.300
13159	747.300
13169	747.300
13196	747.300
13206	747.300
13310	747.300
13331	747.300
13334	747.300
11315	747.400
11353	747.400
11405	747.400
11540	747.400
11558	747.400
11736	747.400
11743	747.400
11757	747.400
11772	747.400
11806	747.400
11810	747.400
11865	747.400
11929	747.400
12004	747.400
12010	747.400
12057	747.400
12126	747.400
12129	747.400
12161	747.400
12187	747.400
12200	747.400
12350	747.400
12400	747.400
12407	747.400
12504	747.400
12537	747.400
12552	747.400
12647	747.400
12665	747.400
12725	747.400
12782	747.400
12787	747.400
12905	747.400
12955	747.400
13009	747.400
13035	747.400
13241	747.400
13273	747.400
13410	747.400
13435	747.400
13445	747.400
13458	747.400
13479	747.400
13487	747.400
11356	747.500
11415	747.500
11482	747.500
11505	747.500
11529	747.500
11582	747.500
11589	747.500
11620	747.500
11626	747.500
11649	747.500
11665	747.500
11740	747.500
11846	747.500
11875	747.500
11914	747.500
11918	747.500
11986	747.500
12001	747.500
12104	747.500
12158	747.500
12272	747.500
12439	747.500
12450	747.500
12493	747.500
12554	747.500
12558	747.500
12580	747.500
12582	747.500
12629	747.500
12638	747.500
12696	747.500
12912	747.500
12945	747.500
12964	747.500
13012	747.500
13020	747.500
13094	747.500
13113	747.500
13117	747.500
13147	747.500
13168	747.500
13295	747.500
13298	747.500
13304	747.500
13426	747.500
13429	747.500
13431	747.500
13481	747.500
13482	747.500
11334	747.600
11451	747.600
11624	747.600
11642	747.600
11646	747.600
11750	747.600
11770	747.600
11777	747.600
11786	747.600
11834	747.600
11888	747.600
11945	747.600
12008	747.600
12054	747.600
12165	747.600
12226	747.600
12247	747.600
12312	747.600
12336	747.600
12340	747.600
12349	747.600
12384	747.600
12419	747.600
12445	747.600
12465	747.600
12634	747.600
12639	747.600
12671	747.600
12705	747.600
12773	747.600
12823	747.600
12829	747.600
12830	747.600
12848	747.600
12869	747.600
12892	747.600
12911	747.600
13056	747.600
13080	747.600
13158	747.600
13164	747.600
13325	747.600
13443	747.600
13467	747.600
11512	747.700
11515	747.700
11706	747.700
11732	747.700
11881	747.700
11895	747.700
11923	747.700
11932	747.700
12058	747.700
12078	747.700
12089	747.700
12389	747.700
12669	747.700
12672	747.700
12684	747.700
12687	747.700
12738	747.700
12760	747.700
13211	747.700
13289	747.700
13308	747.700
13372	747.700
13379	747.700
11399	747.800
11823	747.800
11835	747.800
11844	747.800
11933	747.800
11980	747.800
12044	747.800
12120	747.800
12176	747.800
12360	747.800
12532	747.800
12542	747.800
12618	747.800
12620	747.800
12895	747.800
12959	747.800
12983	747.800
13046	747.800
13272	747.800
13319	747.800
11364	747.900
12067	747.900
12505	747.900
13389	747.900
12823	752.900
11806	753.100
13479	753.300
11892	753.400
12054	753.500
12904	753.500
13171	753.600
11398	753.700
11888	753.700
13012	753.700
11470	753.800
12957	753.800
11835	753.900
12618	753.900
12629	754.000
12830	754.200
12972	754.200
12294	754.300
12787	754.400
11505	754.500
11607	754.500
11787	754.500
12047	754.500
12200	754.500
13302	754.500
12350	754.600
12631	754.600
12672	754.600
13372	754.600
11365	754.700
11646	754.700
11839	754.700
12947	754.700
12984	754.700
13159	754.700
12044	754.800
12247	754.800
13304	754.800
13310	754.800
11347	754.900
11378	754.900
11585	754.900
11914	754.900
12504	754.900
12705	754.900
12847	754.900
13020	754.900
13458	754.900
11491	755.000
11772	755.000
12124	755.000
12226	755.000
12505	755.000
12907	755.000
13215	755.000
13334	755.000
11540	755.100
11929	755.100
12158	755.100
12187	755.100
12703	755.100
12869	755.100
12945	755.100
11823	755.200
12126	755.200
12580	755.200
12614	755.200
12684	755.200
13134	755.200
13445	755.200
11757	755.300
11846	755.300
12058	755.300
12634	755.300
12712	755.300
13379	755.300
13426	755.300
11364	755.400
11781	755.400
11918	755.400
12344	755.400
12360	755.400
12554	755.400
12671	755.400
11344	755.500
11881	755.500
11896	755.500
12161	755.500
12389	755.500
12851	755.500
12935	755.500
13190	755.500
13331	755.500
11332	755.600
11390	755.600
11706	755.600
11736	755.600
11777	755.600
11834	755.600
12029	755.600
12336	755.600
12384	755.600
12773	755.600
12786	755.600
12955	755.600
12959	755.600
13002	755.600
13116	755.600
13443	755.600
13467	755.600
12407	755.700
12738	755.700
12831	755.700
12895	755.700
12909	755.700
13148	755.700
13228	755.700
13298	755.700
11434	755.800
11515	755.800
11895	755.800
12558	755.800
13113	755.800
13389	755.800
11405	755.900
11786	755.900
12888	755.900
13027	755.900
13035	755.900
11381	756.000
11451	756.000
11941	756.000
12176	756.000
12582	756.000
12647	756.000
12960	756.000
13094	756.000
13158	756.000
13203	756.000
11480	756.100
11594	756.100
11784	756.100
12272	756.100
12340	756.100
12532	756.100
12586	756.100
13168	756.100
11348	756.200
11624	756.200
11678	756.200
11740	756.200
11865	756.200
11868	756.200
12057	756.200
12077	756.200
12349	756.200
12829	756.200
13157	756.200
13273	756.200
13435	756.200
12174	756.300
12231	756.300
12375	756.300
12537	756.300
12542	756.300
12926	756.300
13319	756.300
11626	756.400
11725	756.400
11844	756.400
12010	756.400
12331	756.400
12789	756.400
13028	756.400
13206	756.400
13308	756.400
11482	756.500
11743	756.500
11810	756.500
12544	756.500
12793	756.500
12848	756.500
12866	756.500
12001	756.600
12089	756.600
12118	756.600
12293	756.600
12620	756.600
12683	756.600
13077	756.600
11429	756.700
11456	756.700
11731	756.700
11923	756.700
12639	756.700
12725	756.700
12727	756.700
12823	756.700
13050	756.700
13296	756.700
13487	756.700
11582	756.800
11837	756.800
12081	756.800
12166	756.800
12493	756.800
12640	756.800
12716	756.800
12905	756.800
13211	756.800
13276	756.800
13287	756.800
13371	756.800
13449	756.800
13453	756.800
11399	756.900
11414	756.900
11441	756.900
11549	756.900
11732	756.900
11756	756.900
11836	756.900
11875	756.900
12107	756.900
12445	756.900
12447	756.900
12569	756.900
12669	756.900
12956	756.900
12983	756.900
13009	756.900
13072	756.900
13153	756.900
13169	756.900
13321	756.900
13481	756.900
11552	757.000
11830	757.000
12072	757.000
12387	757.000
12462	757.000
12562	757.000
12696	757.000
13196	757.000
11944	757.100
12004	757.100
12068	757.100
12104	757.100
12167	757.100
12495	757.100
12810	757.100
13103	757.100
13140	757.100
13243	757.100
13385	757.100
13463	757.100
11443	757.200
11475	757.200
11670	757.200
11763	757.200
12237	757.200
12404	757.200
12513	757.200
12635	757.200
12967	757.200
13046	757.200
13340	757.200
13363	757.200
11330	757.300
11398	757.300
11876	757.300
11892	757.300
12078	757.300
12552	757.300
12638	757.300
12760	757.300
13201	757.300
13377	757.300
11589	757.400
11597	757.400
11928	757.400
12219	757.400
12222	757.400
12224	757.400
12439	757.400
12530	757.400
12545	757.400
12665	757.400
12687	757.400
12782	757.400
13006	757.400
13278	757.400
13345	757.400
13410	757.400
11376	757.500
11887	757.500
12120	757.500
12153	757.500
12189	757.500
12354	757.500
12372	757.500
12419	757.500
12450	757.500
12482	757.500
12603	757.500
13198	757.500
13257	757.500
13336	757.500
13349	757.500
11558	757.600
11610	757.600
11824	757.600
11938	757.600
11976	757.600
12056	757.600
12904	757.600
12911	757.600
12964	757.600
13063	757.600
13193	757.600
11310	757.700
11411	757.700
11574	757.700
11642	757.700
11721	757.700
11871	757.700
11986	757.700
12008	757.700
12399	757.700
12474	757.700
12529	757.700
12589	757.700
12804	757.700
13117	757.700
13182	757.700
13272	757.700
11512	757.800
11588	757.800
11926	757.800
11933	757.800
12467	757.800
12506	757.800
12834	757.800
13127	757.800
13131	757.800
13147	757.800
13338	757.800
13476	757.800
11444	757.900
11665	757.900
11750	757.900
11806	757.900
11920	757.900
11932	757.900
12165	757.900
12220	757.900
12291	757.900
12578	757.900
12655	757.900
12890	757.900
12992	757.900
13080	757.900
13154	757.900
13312	757.900
13369	757.900
13417	757.900
13464	757.900
11380	758.000
11383	758.000
11416	758.000
11671	758.000
11783	758.000
11888	758.000
11907	758.000
11945	758.000
12030	758.000
12097	758.000
12212	758.000
12306	758.000
12463	758.000
12476	758.000
12675	758.000
12689	758.000
12752	758.000
12774	758.000
12775	758.000
12830	758.000
12914	758.000
12924	758.000
13060	758.000
13221	758.000
13370	758.000
13432	758.000
12017	758.100
12021	758.100
12054	758.100
12207	758.100
12352	758.100
12688	758.100
12938	758.100
13144	758.100
13380	758.100
13466	758.100
11334	758.200
11346	758.200
11452	758.200
11645	758.200
11958	758.200
11963	758.200
12051	758.200
12489	758.200
12630	758.200
12735	758.200
12739	758.200
12923	758.200
12984	758.200
13118	758.200
13164	758.200
13222	758.200
13398	758.200
13479	758.200
11358	758.300
11396	758.300
12013	758.300
12037	758.300
12382	758.300
12607	758.300
12670	758.300
12748	758.300
12881	758.300
12902	758.300
12939	758.300
12972	758.300
13195	758.300
11315	758.400
12076	758.400
12130	758.400
12211	758.400
12254	758.400
12572	758.400
12645	758.400
12720	758.400
12809	758.400
12814	758.400
12822	758.400
12884	758.400
13076	758.400
13186	758.400
13219	758.400
11476	758.500
11567	758.500
11713	758.500
11755	758.500
11764	758.500
11835	758.500
11862	758.500
11869	758.500
11886	758.500
11980	758.500
12312	758.500
12430	758.500
12535	758.500
12584	758.500
12730	758.500
12869	758.500
13048	758.500
13214	758.500
13381	758.500
13427	758.500
13448	758.500
11347	758.600
11470	758.600
11729	758.600
11759	758.600
11768	758.600
11782	758.600
11850	758.600
11930	758.600
11978	758.600
11996	758.600
12111	758.600
12129	758.600
12143	758.600
12197	758.600
12209	758.600
12213	758.600
12326	758.600
12722	758.600
12796	758.600
12835	758.600
12919	758.600
12946	758.600
12961	758.600
13000	758.600
13107	758.600
13302	758.600
11308	758.700
11354	758.700
11408	758.700
11536	758.700
11617	758.700
11620	758.700
11636	758.700
12067	758.700
12186	758.700
12566	758.700
12615	758.700
12618	758.700
12653	758.700
12678	758.700
12712	758.700
12957	758.700
13052	758.700
13267	758.700
13289	758.700
13303	758.700
13347	758.700
13356	758.700
11296	758.800
11355	758.800
11479	758.800
11673	758.800
11677	758.800
11679	758.800
11785	758.800
11859	758.800
11913	758.800
12034	758.800
12302	758.800
12334	758.800
12373	758.800
12414	758.800
12705	758.800
12723	758.800
13002	758.800
13087	758.800
13159	758.800
13179	758.800
13181	758.800
13295	758.800
13304	758.800
13405	758.800
13458	758.800
11307	758.900
11435	758.900
11849	758.900
11870	758.900
11966	758.900
12055	758.900
12100	758.900
12119	758.900
12127	758.900
12217	758.900
12240	758.900
12300	758.900
12369	758.900
12627	758.900
12671	758.900
12842	758.900
12932	758.900
13044	758.900
13065	758.900
13404	758.900
13465	758.900
11397	759.000
11401	759.000
11492	759.000
11545	759.000
11662	759.000
11772	759.000
11786	759.000
11790	759.000
11872	759.000
12044	759.000
12172	759.000
12278	759.000
12279	759.000
12294	759.000
12336	759.000
12353	759.000
12389	759.000
12754	759.000
12845	759.000
12912	759.000
13012	759.000
13020	759.000
13176	759.000
13226	759.000
13310	759.000
13326	759.000
13416	759.000
11325	759.100
11378	759.100
11510	759.100
11556	759.100
11651	759.100
11779	759.100
12085	759.100
12102	759.100
12228	759.100
12301	759.100
12343	759.100
12401	759.100
12484	759.100
12499	759.100
12651	759.100
12732	759.100
12803	759.100
12907	759.100
13021	759.100
13225	759.100
13277	759.100
13294	759.100
11350	759.200
11564	759.200
11565	759.200
11669	759.200
11685	759.200
11708	759.200
11769	759.200
11823	759.200
11838	759.200
11843	759.200
11881	759.200
11885	759.200
11999	759.200
12023	759.200
12045	759.200
12047	759.200
12106	759.200
12144	759.200
12177	759.200
12236	759.200
12239	759.200
12367	759.200
12385	759.200
12442	759.200
12498	759.200
12534	759.200
12619	759.200
12631	759.200
12684	759.200
12710	759.200
12742	759.200
12856	759.200
12898	759.200
12959	759.200
13095	759.200
13158	759.200
13166	759.200
13251	759.200
13259	759.200
11323	759.300
11328	759.300
11415	759.300
11424	759.300
11451	759.300
11498	759.300
11559	759.300
11563	759.300
11590	759.300
11667	759.300
11720	759.300
11722	759.300
11766	759.300
11804	759.300
11874	759.300
12006	759.300
12139	759.300
12204	759.300
12282	759.300
12284	759.300
12351	759.300
12380	759.300
12433	759.300
12438	759.300
12455	759.300
12523	759.300
12538	759.300
12580	759.300
12586	759.300
12617	759.300
12662	759.300
12741	759.300
12753	759.300
12757	759.300
12872	759.300
12877	759.300
12883	759.300
12937	759.300
13014	759.300
13074	759.300
13121	759.300
13135	759.300
13227	759.300
13232	759.300
13258	759.300
13282	759.300
13318	759.300
13335	759.300
13337	759.300
13396	759.300
13397	759.300
13412	759.300
13425	759.300
13469	759.300
13477	759.300
11329	759.400
11343	759.400
11437	759.400
11458	759.400
11474	759.400
11493	759.400
11525	759.400
11660	759.400
11701	759.400
11706	759.400
11726	759.400
11736	759.400
11761	759.400
11770	759.400
11777	759.400
11834	759.400
11863	759.400
11879	759.400
11911	759.400
11929	759.400
11984	759.400
12012	759.400
12029	759.400
12060	759.400
12126	759.400
12158	759.400
12235	759.400
12277	759.400
12315	759.400
12318	759.400
12319	759.400
12386	759.400
12407	759.400
12479	759.400
12504	759.400
12539	759.400
12764	759.400
12765	759.400
12773	759.400
12778	759.400
12832	759.400
12931	759.400
12945	759.400
12947	759.400
12973	759.400
13024	759.400
13141	759.400
13171	759.400
13205	759.400
13307	759.400
13317	759.400
13372	759.400
13421	759.400
11332	759.500
11365	759.500
11379	759.500
11464	759.500
11489	759.500
11500	759.500
11517	759.500
11532	759.500
11539	759.500
11540	759.500
11566	759.500
11627	759.500
11702	759.500
11703	759.500
11748	759.500
11752	759.500
11789	759.500
11792	759.500
11864	759.500
11889	759.500
11899	759.500
11950	759.500
11954	759.500
12101	759.500
12151	759.500
12156	759.500
12169	759.500
12265	759.500
12323	759.500
12335	759.500
12337	759.500
12340	759.500
12350	759.500
12405	759.500
12434	759.500
12448	759.500
12457	759.500
12488	759.500
12518	759.500
12522	759.500
12600	759.500
12611	759.500
12614	759.500
12642	759.500
12647	759.500
12706	759.500
12758	759.500
12871	759.500
12895	759.500
12934	759.500
13013	759.500
13071	759.500
13111	759.500
13146	759.500
13160	759.500
13185	759.500
13236	759.500
13351	759.500
13456	759.500
11361	759.600
11366	759.600
11369	759.600
11387	759.600
11390	759.600
11434	759.600
11478	759.600
11513	759.600
11583	759.600
11605	759.600
11656	759.600
11686	759.600
11730	759.600
11743	759.600
11749	759.600
11949	759.600
11997	759.600
12032	759.600
12063	759.600
12098	759.600
12147	759.600
12159	759.600
12164	759.600
12174	759.600
12261	759.600
12295	759.600
12411	759.600
12444	759.600
12503	759.600
12553	759.600
12558	759.600
12577	759.600
12598	759.600
12643	759.600
12644	759.600
12664	759.600
12667	759.600
12777	759.600
12812	759.600
12847	759.600
12851	759.600
12854	759.600
12944	759.600
13067	759.600
13078	759.600
13130	759.600
13190	759.600
13197	759.600
13228	759.600
13329	759.600
13343	759.600
13350	759.600
13485	759.600
11299	759.700
11301	759.700
11319	759.700
11321	759.700
11348	759.700
11364	759.700
11374	759.700
11381	759.700
11407	759.700
11413	759.700
11473	759.700
11516	759.700
11541	759.700
11573	759.700
11649	759.700
11668	759.700
11693	759.700
11719	759.700
11745	759.700
11753	759.700
11774	759.700
11817	759.700
11847	759.700
11868	759.700
12015	759.700
12039	759.700
12062	759.700
12112	759.700
12123	759.700
12134	759.700
12135	759.700
12142	759.700
12194	759.700
12226	759.700
12242	759.700
12342	759.700
12384	759.700
12400	759.700
12406	759.700
12437	759.700
12469	759.700
12511	759.700
12541	759.700
12591	759.700
12629	759.700
12656	759.700
12659	759.700
12721	759.700
12749	759.700
12759	759.700
12789	759.700
12793	759.700
12859	759.700
12876	759.700
12896	759.700
12909	759.700
12913	759.700
12928	759.700
12962	759.700
12977	759.700
12978	759.700
12997	759.700
13003	759.700
13058	759.700
13112	759.700
13116	759.700
13122	759.700
13134	759.700
13142	759.700
13156	759.700
13157	759.700
13163	759.700
13200	759.700
13233	759.700
13299	759.700
13327	759.700
13409	759.700
13420	759.700
13423	759.700
13445	759.700
13461	759.700
13484	759.700
11300	759.800
11318	759.800
11384	759.800
11385	759.800
11395	759.800
11438	759.800
11477	759.800
11483	759.800
11508	759.800
11515	759.800
11529	759.800
11580	759.800
11581	759.800
11599	759.800
11611	759.800
11653	759.800
11655	759.800
11734	759.800
11740	759.800
11781	759.800
11814	759.800
11820	759.800
11846	759.800
11921	759.800
11941	759.800
11946	759.800
11987	759.800
11998	759.800
12005	759.800
12018	759.800
12024	759.800
12027	759.800
12043	759.800
12059	759.800
12074	759.800
12133	759.800
12146	759.800
12155	759.800
12161	759.800
12168	759.800
12208	759.800
12223	759.800
12231	759.800
12256	759.800
12341	759.800
12362	759.800
12390	759.800
12412	759.800
12413	759.800
12435	759.800
12470	759.800
12515	759.800
12548	759.800
12565	759.800
12634	759.800
12680	759.800
12698	759.800
12703	759.800
12704	759.800
12726	759.800
12770	759.800
12797	759.800
12811	759.800
12836	759.800
12841	759.800
12874	759.800
12882	759.800
12999	759.800
13008	759.800
13042	759.800
13061	759.800
13097	759.800
13173	759.800
13308	759.800
13389	759.800
13426	759.800
13429	759.800
13455	759.800
13462	759.800
13474	759.800
13480	759.800
11298	759.900
11311	759.900
11316	759.900
11353	759.900
11393	759.900
11420	759.900
11454	759.900
11494	759.900
11509	759.900
11522	759.900
11553	759.900
11562	759.900
11579	759.900
11608	759.900
11613	759.900
11623	759.900
11626	759.900
11663	759.900
11696	759.900
11700	759.900
11707	759.900
11756	759.900
11757	759.900
11762	759.900
11839	759.900
11914	759.900
11917	759.900
11956	759.900
12026	759.900
12042	759.900
12064	759.900
12086	759.900
12118	759.900
12163	759.900
12179	759.900
12187	759.900
12200	759.900
12218	759.900
12230	759.900
12238	759.900
12272	759.900
12273	759.900
12293	759.900
12309	759.900
12324	759.900
12331	759.900
12332	759.900
12338	759.900
12347	759.900
12370	759.900
12383	759.900
12416	759.900
12429	759.900
12473	759.900
12481	759.900
12528	759.900
12537	759.900
12554	759.900
12569	759.900
12620	759.900
12628	759.900
12677	759.900
12709	759.900
12761	759.900
12785	759.900
12807	759.900
12848	759.900
12855	759.900
12868	759.900
12879	759.900
12891	759.900
12936	759.900
12987	759.900
12994	759.900
13016	759.900
13019	759.900
13031	759.900
13059	759.900
13064	759.900
13069	759.900
13088	759.900
13109	759.900
13137	759.900
13139	759.900
13206	759.900
13209	759.900
13210	759.900
13224	759.900
13245	759.900
13300	759.900
13319	759.900
13325	759.900
13334	759.900
13341	759.900
13355	759.900
13368	759.900
13375	759.900
13391	759.900
13407	759.900
13431	759.900
13468	759.900
13473	759.900
13482	759.900
11324	760.000
11342	760.000
11372	760.000
11382	760.000
11405	760.000
11441	760.000
11457	760.000
11467	760.000
11469	760.000
11480	760.000
11544	760.000
11548	760.000
11550	760.000
11557	760.000
11560	760.000
11578	760.000
11586	760.000
11596	760.000
11607	760.000
11619	760.000
11628	760.000
11650	760.000
11658	760.000
11666	760.000
11672	760.000
11680	760.000
11684	760.000
11717	760.000
11732	760.000
11733	760.000
11778	760.000
11787	760.000
11808	760.000
11816	760.000
11836	760.000
11890	760.000
11901	760.000
11905	760.000
11923	760.000
11955	760.000
12016	760.000
12036	760.000
12057	760.000
12077	760.000
12095	760.000
12096	760.000
12105	760.000
12116	760.000
12121	760.000
12125	760.000
12131	760.000
12149	760.000
12152	760.000
12205	760.000
12214	760.000
12257	760.000
12260	760.000
12275	760.000
12285	760.000
12286	760.000
12311	760.000
12349	760.000
12374	760.000
12375	760.000
12395	760.000
12420	760.000
12465	760.000
12491	760.000
12513	760.000
12567	760.000
12570	760.000
12588	760.000
12595	760.000
12649	760.000
12663	760.000
12685	760.000
12717	760.000
12772	760.000
12786	760.000
12831	760.000
12846	760.000
12899	760.000
12905	760.000
12942	760.000
12952	760.000
12971	760.000
12985	760.000
13050	760.000
13051	760.000
13056	760.000
13077	760.000
13082	760.000
13094	760.000
13113	760.000
13138	760.000
13140	760.000
13148	760.000
13153	760.000
13168	760.000
13203	760.000
13215	760.000
13223	760.000
13264	760.000
13274	760.000
13276	760.000
13286	760.000
13287	760.000
13292	760.000
13305	760.000
13311	760.000
13321	760.000
13323	760.000
13331	760.000
13354	760.000
13357	760.000
13361	760.000
13422	760.000
13453	760.000
13467	760.000
11314	760.100
11344	760.100
11349	760.100
11404	760.100
11419	760.100
11429	760.100
11481	760.100
11491	760.100
11504	760.100
11585	760.100
11594	760.100
11621	760.100
11622	760.100
11641	760.100
11648	760.100
11652	760.100
11678	760.100
11683	760.100
11687	760.100
11699	760.100
11727	760.100
11731	760.100
11760	760.100
11763	760.100
11796	760.100
11801	760.100
11807	760.100
11812	760.100
11841	760.100
11858	760.100
11875	760.100
11961	760.100
11968	760.100
11973	760.100
11975	760.100
11988	760.100
11992	760.100
12001	760.100
12031	760.100
12053	760.100
12068	760.100
12084	760.100
12090	760.100
12114	760.100
12136	760.100
12176	760.100
12188	760.100
12216	760.100
12222	760.100
12243	760.100
12280	760.100
12292	760.100
12298	760.100
12307	760.100
12325	760.100
12368	760.100
12388	760.100
12391	760.100
12410	760.100
12415	760.100
12441	760.100
12460	760.100
12462	760.100
12493	760.100
12494	760.100
12517	760.100
12544	760.100
12547	760.100
12587	760.100
12597	760.100
12599	760.100
12640	760.100
12641	760.100
12658	760.100
12674	760.100
12687	760.100
12700	760.100
12725	760.100
12727	760.100
12746	760.100
12763	760.100
12766	760.100
12892	760.100
12897	760.100
12926	760.100
12941	760.100
12948	760.100
12951	760.100
12956	760.100
12960	760.100
12965	760.100
12982	760.100
13009	760.100
13015	760.100
13040	760.100
13041	760.100
13047	760.100
13070	760.100
13085	760.100
13090	760.100
13100	760.100
13103	760.100
13125	760.100
13174	760.100
13178	760.100
13180	760.100
13217	760.100
13230	760.100
13241	760.100
13247	760.100
13271	760.100
13273	760.100
13313	760.100
13314	760.100
13348	760.100
13364	760.100
13379	760.100
13415	760.100
13463	760.100
13478	760.100
11306	760.200
11338	760.200
11367	760.200
11388	760.200
11394	760.200
11406	760.200
11427	760.200
11428	760.200
11443	760.200
11482	760.200
11488	760.200
11505	760.200
11582	760.200
11629	760.200
11632	760.200
11637	760.200
11646	760.200
11689	760.200
11694	760.200
11695	760.200
11805	760.200
11809	760.200
11825	760.200
11830	760.200
11865	760.200
11876	760.200
11878	760.200
11884	760.200
11891	760.200
11892	760.200
11896	760.200
11919	760.200
11939	760.200
11942	760.200
11943	760.200
11965	760.200
12004	760.200
12014	760.200
12025	760.200
12087	760.200
12145	760.200
12148	760.200
12167	760.200
12191	760.200
12193	760.200
12215	760.200
12237	760.200
12255	760.200
12276	760.200
12357	760.200
12404	760.200
12422	760.200
12424	760.200
12439	760.200
12446	760.200
12453	760.200
12486	760.200
12495	760.200
12500	760.200
12508	760.200
12521	760.200
12536	760.200
12540	760.200
12562	760.200
12571	760.200
12576	760.200
12582	760.200
12592	760.200
12593	760.200
12594	760.200
12602	760.200
12622	760.200
12654	760.200
12672	760.200
12679	760.200
12683	760.200
12702	760.200
12743	760.200
12745	760.200
12781	760.200
12787	760.200
12802	760.200
12810	760.200
12813	760.200
12829	760.200
12840	760.200
12843	760.200
12850	760.200
12852	760.200
12865	760.200
12866	760.200
12888	760.200
12893	760.200
12921	760.200
12930	760.200
12935	760.200
12955	760.200
12983	760.200
13017	760.200
13027	760.200
13049	760.200
13068	760.200
13084	760.200
13089	760.200
13106	760.200
13120	760.200
13129	760.200
13169	760.200
13183	760.200
13188	760.200
13231	760.200
13261	760.200
13298	760.200
13324	760.200
13336	760.200
13367	760.200
13374	760.200
13406	760.200
13411	760.200
13440	760.200
13441	760.200
11303	760.300
11330	760.300
11331	760.300
11363	760.300
11402	760.300
11425	760.300
11433	760.300
11439	760.300
11450	760.300
11455	760.300
11459	760.300
11463	760.300
11468	760.300
11475	760.300
11495	760.300
11497	760.300
11501	760.300
11511	760.300
11538	760.300
11549	760.300
11554	760.300
11576	760.300
11589	760.300
11597	760.300
11610	760.300
11644	760.300
11688	760.300
11690	760.300
11692	760.300
11705	760.300
11737	760.300
11747	760.300
11799	760.300
11818	760.300
11822	760.300
11826	760.300
11833	760.300
11837	760.300
11854	760.300
11882	760.300
11922	760.300
11969	760.300
11981	760.300
12020	760.300
12022	760.300
12050	760.300
12092	760.300
12104	760.300
12107	760.300
12115	760.300
12171	760.300
12183	760.300
12195	760.300
12203	760.300
12221	760.300
12234	760.300
12247	760.300
12249	760.300
12250	760.300
12263	760.300
12271	760.300
12308	760.300
12317	760.300
12329	760.300
12339	760.300
12359	760.300
12360	760.300
12361	760.300
12372	760.300
12378	760.300
12398	760.300
12409	760.300
12447	760.300
12450	760.300
12454	760.300
12464	760.300
12466	760.300
12477	760.300
12507	760.300
12545	760.300
12605	760.300
12610	760.300
12632	760.300
12635	760.300
12638	760.300
12639	760.300
12648	760.300
12660	760.300
12665	760.300
12666	760.300
12676	760.300
12681	760.300
12691	760.300
12692	760.300
12696	760.300
12729	760.300
12740	760.300
12755	760.300
12782	760.300
12805	760.300
12806	760.300
12849	760.300
12863	760.300
12900	760.300
12908	760.300
12910	760.300
12922	760.300
12933	760.300
12974	760.300
13028	760.300
13034	760.300
13036	760.300
13038	760.300
13152	760.300
13161	760.300
13184	760.300
13266	760.300
13272	760.300
13280	760.300
13285	760.300
13293	760.300
13296	760.300
13340	760.300
13345	760.300
13358	760.300
13376	760.300
13378	760.300
13386	760.300
13388	760.300
13395	760.300
13428	760.300
13433	760.300
13459	760.300
13481	760.300
11317	760.400
11337	760.400
11339	760.400
11352	760.400
11356	760.400
11360	760.400
11391	760.400
11403	760.400
11411	760.400
11412	760.400
11426	760.400
11431	760.400
11484	760.400
11506	760.400
11521	760.400
11537	760.400
11552	760.400
11574	760.400
11598	760.400
11615	760.400
11631	760.400
11633	760.400
11647	760.400
11670	760.400
11691	760.400
11716	760.400
11767	760.400
11775	760.400
11776	760.400
11784	760.400
11802	760.400
11803	760.400
11832	760.400
11844	760.400
11867	760.400
11871	760.400
11877	760.400
11880	760.400
11883	760.400
11887	760.400
11893	760.400
11903	760.400
11928	760.400
11940	760.400
11944	760.400
11952	760.400
11964	760.400
11967	760.400
11982	760.400
12009	760.400
12010	760.400
12035	760.400
12046	760.400
12058	760.400
12071	760.400
12072	760.400
12079	760.400
12080	760.400
12089	760.400
12113	760.400
12120	760.400
12124	760.400
12138	760.400
12153	760.400
12154	760.400
12181	760.400
12198	760.400
12206	760.400
12219	760.400
12225	760.400
12241	760.400
12251	760.400
12266	760.400
12303	760.400
12328	760.400
12387	760.400
12399	760.400
12408	760.400
12418	760.400
12443	760.400
12458	760.400
12461	760.400
12480	760.400
12496	760.400
12501	760.400
12512	760.400
12532	760.400
12533	760.400
12552	760.400
12561	760.400
12609	760.400
12657	760.400
12669	760.400
12690	760.400
12731	760.400
12747	760.400
12751	760.400
12756	760.400
12794	760.400
12804	760.400
12823	760.400
12853	760.400
12857	760.400
12860	760.400
12870	760.400
12885	760.400
12889	760.400
12904	760.400
12906	760.400
12918	760.400
12927	760.400
12943	760.400
12949	760.400
12964	760.400
12967	760.400
12995	760.400
13005	760.400
13018	760.400
13023	760.400
13063	760.400
13072	760.400
13108	760.400
13115	760.400
13151	760.400
13189	760.400
13196	760.400
13207	760.400
13211	760.400
13212	760.400
13237	760.400
13238	760.400
13242	760.400
13243	760.400
13248	760.400
13257	760.400
13262	760.400
13265	760.400
13278	760.400
13322	760.400
13349	760.400
13360	760.400
13363	760.400
13377	760.400
13385	760.400
13410	760.400
13418	760.400
13438	760.400
13439	760.400
13442	760.400
13443	760.400
13472	760.400
11297	760.500
11312	760.500
11340	760.500
11351	760.500
11371	760.500
11376	760.500
11398	760.500
11414	760.500
11447	760.500
11462	760.500
11472	760.500
11490	760.500
11533	760.500
11569	760.500
11595	760.500
11624	760.500
11664	760.500
11676	760.500
11681	760.500
11697	760.500
11721	760.500
11741	760.500
11780	760.500
11788	760.500
11794	760.500
11819	760.500
11853	760.500
11861	760.500
11895	760.500
11912	760.500
11918	760.500
11934	760.500
11938	760.500
11990	760.500
12000	760.500
12003	760.500
12041	760.500
12048	760.500
12056	760.500
12069	760.500
12070	760.500
12081	760.500
12083	760.500
12132	760.500
12141	760.500
12160	760.500
12173	760.500
12178	760.500
12182	760.500
12189	760.500
12192	760.500
12220	760.500
12229	760.500
12264	760.500
12283	760.500
12288	760.500
12316	760.500
12358	760.500
12379	760.500
12393	760.500
12417	760.500
12423	760.500
12426	760.500
12482	760.500
12497	760.500
12505	760.500
12506	760.500
12519	760.500
12520	760.500
12542	760.500
12543	760.500
12556	760.500
12564	760.500
12568	760.500
12579	760.500
12590	760.500
12603	760.500
12612	760.500
12613	760.500
12624	760.500
12711	760.500
12716	760.500
12718	760.500
12737	760.500
12738	760.500
12744	760.500
12750	760.500
12762	760.500
12788	760.500
12801	760.500
12808	760.500
12817	760.500
12834	760.500
12862	760.500
12875	760.500
12878	760.500
12911	760.500
12925	760.500
12950	760.500
12980	760.500
12981	760.500
12989	760.500
13006	760.500
13010	760.500
13029	760.500
13055	760.500
13080	760.500
13081	760.500
13083	760.500
13091	760.500
13093	760.500
13102	760.500
13105	760.500
13114	760.500
13117	760.500
13127	760.500
13155	760.500
13167	760.500
13182	760.500
13192	760.500
13198	760.500
13201	760.500
13213	760.500
13268	760.500
13359	760.500
13369	760.500
13371	760.500
13392	760.500
13400	760.500
13419	760.500
13435	760.500
13447	760.500
13449	760.500
13483	760.500
11309	760.600
11310	760.600
11399	760.600
11400	760.600
11422	760.600
11423	760.600
11449	760.600
11456	760.600
11460	760.600
11588	760.600
11591	760.600
11604	760.600
11642	760.600
11659	760.600
11725	760.600
11728	760.600
11746	760.600
11765	760.600
11773	760.600
11791	760.600
11810	760.600
11811	760.600
11824	760.600
11845	760.600
11852	760.600
11907	760.600
11924	760.600
11945	760.600
11948	760.600
11953	760.600
11983	760.600
12002	760.600
12007	760.600
12008	760.600
12078	760.600
12091	760.600
12094	760.600
12122	760.600
12157	760.600
12196	760.600
12207	760.600
12268	760.600
12269	760.600
12297	760.600
12299	760.600
12320	760.600
12322	760.600
12330	760.600
12371	760.600
12403	760.600
12419	760.600
12445	760.600
12451	760.600
12463	760.600
12467	760.600
12474	760.600
12492	760.600
12516	760.600
12526	760.600
12527	760.600
12529	760.600
12551	760.600
12583	760.600
12596	760.600
12625	760.600
12626	760.600
12668	760.600
12695	760.600
12708	760.600
12719	760.600
12728	760.600
12734	760.600
12760	760.600
12838	760.600
12890	760.600
12915	760.600
12970	760.600
12993	760.600
13001	760.600
13007	760.600
13026	760.600
13054	760.600
13099	760.600
13119	760.600
13131	760.600
13150	760.600
13175	760.600
13193	760.600
13204	760.600
13216	760.600
13234	760.600
13250	760.600
13252	760.600
13254	760.600
13297	760.600
13320	760.600
13353	760.600
13373	760.600
13408	760.600
13452	760.600
13475	760.600
13476	760.600
13486	760.600
13487	760.600
11333	760.700
11375	760.700
11383	760.700
11386	760.700
11410	760.700
11416	760.700
11440	760.700
11444	760.700
11446	760.700
11503	760.700
11512	760.700
11520	760.700
11526	760.700
11530	760.700
11535	760.700
11546	760.700
11572	760.700
11601	760.700
11609	760.700
11639	760.700
11654	760.700
11661	760.700
11674	760.700
11682	760.700
11718	760.700
11742	760.700
11750	760.700
11783	760.700
11828	760.700
11842	760.700
11855	760.700
11860	760.700
11898	760.700
11900	760.700
11920	760.700
11925	760.700
11926	760.700
11957	760.700
11970	760.700
11976	760.700
11986	760.700
12030	760.700
12061	760.700
12108	760.700
12117	760.700
12165	760.700
12190	760.700
12199	760.700
12224	760.700
12227	760.700
12233	760.700
12246	760.700
12270	760.700
12304	760.700
12305	760.700
12306	760.700
12313	760.700
12344	760.700
12348	760.700
12354	760.700
12355	760.700
12392	760.700
12428	760.700
12432	760.700
12472	760.700
12475	760.700
12476	760.700
12485	760.700
12487	760.700
12525	760.700
12530	760.700
12555	760.700
12560	760.700
12563	760.700
12573	760.700
12578	760.700
12589	760.700
12655	760.700
12675	760.700
12707	760.700
12752	760.700
12776	760.700
12798	760.700
12828	760.700
12867	760.700
12920	760.700
13022	760.700
13035	760.700
13045	760.700
13046	760.700
13060	760.700
13075	760.700
13086	760.700
13098	760.700
13144	760.700
13147	760.700
13154	760.700
13162	760.700
13172	760.700
13191	760.700
13199	760.700
13255	760.700
13263	760.700
13270	760.700
13309	760.700
13332	760.700
13344	760.700
13380	760.700
13394	760.700
13403	760.700
13413	760.700
13417	760.700
13424	760.700
13434	760.700
13454	760.700
13457	760.700
11304	760.800
11373	760.800
11396	760.800
11409	760.800
11430	760.800
11448	760.800
11471	760.800
11496	760.800
11518	760.800
11523	760.800
11531	760.800
11542	760.800
11543	760.800
11551	760.800
11558	760.800
11561	760.800
11575	760.800
11612	760.800
11625	760.800
11711	760.800
11738	760.800
11795	760.800
11797	760.800
11806	760.800
11813	760.800
11815	760.800
11827	760.800
11888	760.800
11904	760.800
11909	760.800
11916	760.800
11932	760.800
11933	760.800
11935	760.800
11951	760.800
11977	760.800
11979	760.800
12021	760.800
12054	760.800
12073	760.800
12099	760.800
12128	760.800
12140	760.800
12166	760.800
12184	760.800
12201	760.800
12248	760.800
12274	760.800
12363	760.800
12364	760.800
12377	760.800
12382	760.800
12425	760.800
12427	760.800
12431	760.800
12436	760.800
12452	760.800
12489	760.800
12502	760.800
12514	760.800
12557	760.800
12601	760.800
12621	760.800
12646	760.800
12688	760.800
12689	760.800
12699	760.800
12714	760.800
12739	760.800
12769	760.800
12774	760.800
12815	760.800
12819	760.800
12826	760.800
12830	760.800
12914	760.800
12938	760.800
12939	760.800
12954	760.800
12969	760.800
12972	760.800
12984	760.800
13011	760.800
13030	760.800
13057	760.800
13066	760.800
13101	760.800
13104	760.800
13126	760.800
13133	760.800
13164	760.800
13165	760.800
13253	760.800
13256	760.800
13301	760.800
13306	760.800
13382	760.800
13387	760.800
13430	760.800
13450	760.800
13464	760.800
13470	760.800
13479	760.800
11345	760.900
11346	760.900
11357	760.900
11392	760.900
11421	760.900
11445	760.900
11485	760.900
11487	760.900
11499	760.900
11507	760.900
11527	760.900
11528	760.900
11570	760.900
11571	760.900
11593	760.900
11602	760.900
11645	760.900
11714	760.900
11715	760.900
11739	760.900
11798	760.900
11800	760.900
11856	760.900
11897	760.900
11906	760.900
11958	760.900
11959	760.900
11971	760.900
11991	760.900
12017	760.900
12019	760.900
12040	760.900
12065	760.900
12066	760.900
12088	760.900
12097	760.900
12170	760.900
12180	760.900
12185	760.900
12212	760.900
12258	760.900
12287	760.900
12333	760.900
12346	760.900
12352	760.900
12356	760.900
12366	760.900
12471	760.900
12575	760.900
12585	760.900
12630	760.900
12633	760.900
12701	760.900
12733	760.900
12736	760.900
12768	760.900
12775	760.900
12783	760.900
12790	760.900
12809	760.900
12837	760.900
12858	760.900
12861	760.900
12880	760.900
12887	760.900
12903	760.900
12991	760.900
12992	760.900
13073	760.900
13118	760.900
13128	760.900
13194	760.900
13202	760.900
13221	760.900
13246	760.900
13281	760.900
13288	760.900
13312	760.900
13362	760.900
13365	760.900
13370	760.900
13398	760.900
13446	760.900
11305	761.000
11334	761.000
11341	761.000
11359	761.000
11368	761.000
11370	761.000
11380	761.000
11389	761.000
11452	761.000
11486	761.000
11514	761.000
11524	761.000
11534	761.000
11555	761.000
11643	761.000
11657	761.000
11665	761.000
11709	761.000
11713	761.000
11724	761.000
11754	761.000
11759	761.000
11782	761.000
11829	761.000
11840	761.000
11866	761.000
11873	761.000
11962	761.000
12037	761.000
12076	761.000
12162	761.000
12175	761.000
12202	761.000
12289	761.000
12291	761.000
12314	761.000
12326	761.000
12345	761.000
12376	761.000
12394	761.000
12396	761.000
12509	761.000
12510	761.000
12535	761.000
12604	761.000
12607	761.000
12608	761.000
12637	761.000
12645	761.000
12652	761.000
12693	761.000
12771	761.000
12799	761.000
12814	761.000
12824	761.000
12884	761.000
12886	761.000
12902	761.000
12917	761.000
12924	761.000
12929	761.000
12963	761.000
12975	761.000
13025	761.000
13039	761.000
13076	761.000
13132	761.000
13170	761.000
13177	761.000
13195	761.000
13214	761.000
13220	761.000
13222	761.000
13239	761.000
13269	761.000
13279	761.000
13315	761.000
13328	761.000
13330	761.000
13338	761.000
13346	761.000
13381	761.000
13383	761.000
13414	761.000
13432	761.000
13437	761.000
13444	761.000
13448	761.000
13451	761.000
13466	761.000
11302	761.100
11315	761.100
11320	761.100
11336	761.100
11358	761.100
11377	761.100
11436	761.100
11453	761.100
11567	761.100
11568	761.100
11577	761.100
11603	761.100
11675	761.100
11698	761.100
11735	761.100
11744	761.100
11886	761.100
11915	761.100
11930	761.100
11980	761.100
12028	761.100
12082	761.100
12111	761.100
12130	761.100
12197	761.100
12210	761.100
12213	761.100
12281	761.100
12310	761.100
12365	761.100
12430	761.100
12531	761.100
12572	761.100
12581	761.100
12584	761.100
12650	761.100
12682	761.100
12697	761.100
12720	761.100
12724	761.100
12748	761.100
12780	761.100
12784	761.100
12869	761.100
12916	761.100
12940	761.100
12998	761.100
13004	761.100
13037	761.100
13062	761.100
13079	761.100
13124	761.100
13186	761.100
13219	761.100
13244	761.100
13249	761.100
13291	761.100
13333	761.100
13401	761.100
13427	761.100
13471	761.100
11326	761.200
11347	761.200
11470	761.200
11519	761.200
11634	761.200
11671	761.200
11764	761.200
11771	761.200
11821	761.200
11835	761.200
11850	761.200
11857	761.200
11862	761.200
11869	761.200
11894	761.200
11908	761.200
11927	761.200
11963	761.200
11993	761.200
12011	761.200
12013	761.200
12067	761.200
12109	761.200
12110	761.200
12186	761.200
12209	761.200
12245	761.200
12254	761.200
12262	761.200
12290	761.200
12312	761.200
12397	761.200
12440	761.200
12449	761.200
12490	761.200
12524	761.200
12550	761.200
12559	761.200
12616	761.200
12636	761.200
12653	761.200
12722	761.200
12735	761.200
12792	761.200
12816	761.200
12820	761.200
12822	761.200
12835	761.200
12839	761.200
12844	761.200
12864	761.200
12881	761.200
12894	761.200
12923	761.200
12968	761.200
13033	761.200
13048	761.200
13053	761.200
13123	761.200
13290	761.200
13302	761.200
13356	761.200
11354	761.300
11362	761.300
11547	761.300
11606	761.300
11614	761.300
11620	761.300
11635	761.300
11636	761.300
11638	761.300
11712	761.300
11751	761.300
11755	761.300
11768	761.300
11859	761.300
11913	761.300
11936	761.300
11947	761.300
11985	761.300
11996	761.300
12049	761.300
12051	761.300
12075	761.300
12143	761.300
12267	761.300
12334	761.300
12381	761.300
12421	761.300
12456	761.300
12459	761.300
12606	761.300
12618	761.300
12623	761.300
12670	761.300
12686	761.300
12705	761.300
12723	761.300
12767	761.300
12779	761.300
12796	761.300
12800	761.300
12919	761.300
12946	761.300
12953	761.300
12957	761.300
12961	761.300
12966	761.300
12996	761.300
13000	761.300
13002	761.300
13032	761.300
13052	761.300
13092	761.300
13107	761.300
13181	761.300
13235	761.300
13267	761.300
13284	761.300
13384	761.300
13458	761.300
11308	761.400
11313	761.400
11322	761.400
11418	761.400
11435	761.400
11617	761.400
11618	761.400
11640	761.400
11679	761.400
11870	761.400
11902	761.400
11966	761.400
11972	761.400
11978	761.400
11989	761.400
11994	761.400
12034	761.400
12103	761.400
12129	761.400
12137	761.400
12240	761.400
12296	761.400
12373	761.400
12549	761.400
12661	761.400
12678	761.400
12712	761.400
12818	761.400
12873	761.400
12958	761.400
13043	761.400
13087	761.400
13145	761.400
13208	761.400
13218	761.400
13240	761.400
13295	761.400
13304	761.400
13347	761.400
13393	761.400
13399	761.400
13404	761.400
13405	761.400
11355	761.500
11401	761.500
11476	761.500
11502	761.500
11536	761.500
11677	761.500
11723	761.500
11772	761.500
11790	761.500
11848	761.500
12172	761.500
12211	761.500
12217	761.500
12300	761.500
12336	761.500
12615	761.500
12627	761.500
12671	761.500
12976	761.500
12979	761.500
13012	761.500
13021	761.500
13136	761.500
13179	761.500
13229	761.500
13460	761.500
11296	761.600
11442	761.600
11479	761.600
11492	761.600
11587	761.600
12044	761.600
12052	761.600
12055	761.600
12100	761.600
12150	761.600
12232	761.600
12369	761.600
12389	761.600
12402	761.600
12483	761.600
12732	761.600
12842	761.600
13096	761.600
13149	761.600
13176	761.600
13226	761.600
13303	761.600
13326	761.600
13339	761.600
11307	761.700
11616	761.700
11662	761.700
11758	761.700
11786	761.700
11849	761.700
11881	761.700
11937	761.700
11960	761.700
12023	761.700
12236	761.700
12279	761.700
12302	761.700
12414	761.700
12442	761.700
12499	761.700
12566	761.700
12631	761.700
12713	761.700
12757	761.700
12791	761.700
12898	761.700
12932	761.700
13044	761.700
13110	761.700
13158	761.700
13159	761.700
13465	761.700
11378	761.800
11451	761.800
11563	761.800
11651	761.800
11673	761.800
11872	761.800
12006	761.800
12045	761.800
12106	761.800
12294	761.800
12321	761.800
12353	761.800
12534	761.800
12538	761.800
12845	761.800
13020	761.800
13135	761.800
13277	761.800
13282	761.800
13289	761.800
13294	761.800
13310	761.800
13397	761.800
11329	761.900
11332	761.900
11397	761.900
11466	761.900
11510	761.900
11556	761.900
11565	761.900
11667	761.900
11669	761.900
11704	761.900
11729	761.900
11777	761.900
11823	761.900
11879	761.900
11999	761.900
12239	761.900
12244	761.900
12252	761.900
12284	761.900
12327	761.900
12438	761.900
12468	761.900
12498	761.900
12684	761.900
12730	761.900
12754	761.900
12901	761.900
13065	761.900
13141	761.900
13171	761.900
13185	761.900
13259	761.900
13366	761.900
11343	762.000
11424	762.000
11708	762.000
11885	762.000
12029	762.000
12060	762.000
12139	762.000
12158	762.000
12277	762.000
12301	762.000
12315	762.000
12318	762.000
12319	762.000
12340	762.000
12407	762.000
12504	762.000
12523	762.000
12539	762.000
12611	762.000
12883	762.000
12895	762.000
12907	762.000
12945	762.000
13121	762.000
13166	762.000
13227	762.000
13335	762.000
13396	762.000
11365	762.100
11408	762.100
11437	762.100
11838	762.100
11874	762.100
12085	762.100
12101	762.100
12119	762.100
12127	762.100
12253	762.100
12385	762.100
12457	762.100
12484	762.100
12617	762.100
12741	762.100
13024	762.100
13074	762.100
13205	762.100
11710	762.200
11722	762.200
11736	762.200
11743	762.200
11774	762.200
11789	762.200
11843	762.200
11984	762.200
12102	762.200
12174	762.200
12401	762.200
12662	762.200
12706	762.200
12856	762.200
12872	762.200
12959	762.200
13134	762.200
13412	762.200
13425	762.200
11489	762.300
11685	762.300
12335	762.300
12351	762.300
12488	762.300
12574	762.300
12643	762.300
12803	762.300
12847	762.300
12877	762.300
13111	762.300
13116	762.300
13190	762.300
13232	762.300
13337	762.300
13409	762.300
11348	762.400
11387	762.400
11434	762.400
11703	762.400
11785	762.400
11793	762.400
12177	762.400
12598	762.400
12600	762.400
12703	762.400
12789	762.400
13067	762.400
13236	762.400
13275	762.400
13327	762.400
13421	762.400
11369	762.500
11390	762.500
11415	762.500
11493	762.500
11564	762.500
11605	762.500
11846	762.500
11911	762.500
11941	762.500
12278	762.500
12282	762.500
12350	762.500
12433	762.500
12470	762.500
13095	762.500
11381	762.600
11478	762.600
11720	762.600
11734	762.600
11929	762.600
12126	762.600
12226	762.600
12235	762.600
12295	762.600
12323	762.600
12383	762.600
12491	762.600
12726	762.600
12777	762.600
12778	762.600
13307	762.600
11766	762.700
11836	762.700
12412	762.700
12871	762.700
12956	762.700
12977	762.700
13157	762.700
13389	762.700
11385	762.800
11541	762.800
11660	762.800
11752	762.800
11839	762.800
12231	762.800
12337	762.800
12386	762.800
12580	762.800
12698	762.800
13050	762.800
11500	762.900
11529	762.900
11539	762.900
11607	762.900
11792	762.900
12331	762.900
12522	762.900
12548	762.900
12640	762.900
12773	762.900
12971	762.900
13203	762.900
13317	762.900
13318	762.900
13325	762.900
11525	763.000
11581	763.000
11732	763.000
12012	763.000
12018	763.000
12144	763.000
12152	763.000
12168	763.000
12343	763.000
12380	763.000
12528	763.000
12634	763.000
12851	763.000
12926	763.000
13041	763.000
13209	763.000
13225	763.000
13308	763.000
13445	763.000
13453	763.000
13484	763.000
11608	763.100
11706	763.100
11737	763.100
11763	763.100
11834	763.100
11868	763.100
12027	763.100
12047	763.100
12112	763.100
12135	763.100
12149	763.100
12298	763.100
12384	763.100
12437	763.100
12635	763.100
12647	763.100
12709	763.100
12876	763.100
13009	763.100
13228	763.100
13456	763.100
11540	763.200
11653	763.200
11678	763.200
11719	763.200
11892	763.200
11946	763.200
12062	763.200
12218	763.200
12462	763.200
12667	763.200
12848	763.200
13003	763.200
13103	763.200
13211	763.200
13334	763.200
13422	763.200
13480	763.200
11321	763.300
11413	763.300
11420	763.300
11427	763.300
11532	763.300
11590	763.300
11655	763.300
11670	763.300
12005	763.300
12164	763.300
12349	763.300
12362	763.300
12413	763.300
12495	763.300
12500	763.300
12569	763.300
12620	763.300
13028	763.300
13416	763.300
11364	763.400
11480	763.400
11498	763.400
11559	763.400
11566	763.400
11613	763.400
11656	763.400
11875	763.400
11876	763.400
11955	763.400
12123	763.400
12189	763.400
12285	763.400
12324	763.400
12614	763.400
12664	763.400
12687	763.400
12831	763.400
12913	763.400
13160	763.400
13273	763.400
13287	763.400
13336	763.400
13372	763.400
13441	763.400
13463	763.400
11481	763.500
11594	763.500
11740	763.500
11779	763.500
11816	763.500
11883	763.500
11884	763.500
11933	763.500
12222	763.500
12370	763.500
12651	763.500
12866	763.500
11515	763.600
11701	763.600
11781	763.600
12153	763.600
12890	763.600
12937	763.600
13015	763.600
13355	763.600
13418	763.600
11300	763.700
11467	763.700
12207	763.700
12960	763.700
12972	763.700
13319	763.700
11396	764.100
11396	768.200
13273	768.200
11559	768.500
12062	768.500
11883	768.800
11420	768.900
11670	768.900
11933	768.900
12207	768.900
11655	769.000
12831	769.000
11594	769.100
13453	769.100
11781	769.200
12848	769.200
11740	769.300
11763	769.300
12462	769.300
13372	769.300
11678	769.400
12149	769.400
13211	769.400
11381	769.500
12851	769.500
13418	769.500
11480	769.700
11540	769.700
11706	769.700
11946	769.700
13103	769.700
11515	769.800
11701	769.800
11876	769.800
11656	769.900
12620	769.900
12937	769.900
13308	769.900
11607	770.000
12437	770.000
13125	770.000
13355	770.000
11836	770.100
12324	770.100
12667	770.100
11929	770.200
12349	770.200
12651	770.200
11491	770.300
11500	770.300
11532	770.300
11590	770.300
12135	770.300
12528	770.300
12960	770.300
12218	770.400
12703	770.400
13225	770.400
12569	770.500
12972	770.500
13480	770.500
11413	770.600
11752	770.600
11779	770.600
12005	770.600
12614	770.600
11467	770.700
11955	770.700
12153	770.700
11839	770.800
11874	770.800
12047	770.800
12890	770.800
13050	770.800
11541	770.900
12687	770.900
13160	770.900
12876	771.000
13463	771.000
12647	771.100
11613	771.200
11892	771.300
12164	771.300
12343	771.300
12522	771.300
12866	771.300
13370	771.300
12337	771.400
12956	771.400
13015	771.500
11719	771.600
11976	771.600
12370	771.600
12664	771.600
13041	771.600
12027	771.700
12407	771.700
12765	771.700
12871	771.700
11737	771.800
12235	771.800
12773	771.800
12924	771.800
12935	771.800
13441	771.800
11941	771.900
13287	771.900
13334	771.900
12532	772.000
13028	772.000
13203	772.000
13422	772.000
13009	772.100
13336	772.100
12105	772.200
12515	772.200
11585	772.300
11884	772.300
12580	772.300
11777	772.400
12705	772.400
11310	772.500
11434	772.500
12144	772.500
12231	772.500
12698	772.500
12913	772.500
12545	772.600
12904	772.600
11667	772.700
11820	772.700
12709	772.700
13116	772.700
13193	772.700
13421	772.800
11732	772.900
11871	772.900
12134	772.900
12372	772.900
13445	772.900
11907	773.000
12074	773.000
12607	773.100
13140	773.100
13484	773.100
11378	773.200
11875	773.200
11926	773.200
12856	773.200
13195	773.200
11781	773.300
11787	773.300
12072	773.300
12589	773.300
11321	773.400
13020	773.400
13416	773.400
11385	773.500
11396	773.500
11834	773.500
12209	773.500
12226	773.500
12491	773.500
12869	773.500
13456	773.500
11734	773.600
12174	773.600
12725	773.600
12984	773.600
11492	773.700
11605	773.700
11646	773.700
12126	773.700
12635	773.700
12793	773.700
13157	773.700
13198	773.700
11525	773.800
11764	773.800
11784	773.800
12012	773.800
12123	773.800
12331	773.800
12504	773.800
13060	773.800
13075	773.800
13215	773.800
13241	773.800
13273	773.800
13476	773.800
12146	773.900
12523	773.900
12786	773.900
12830	773.900
12847	773.900
12971	773.900
13228	773.900
11498	774.000
11725	774.000
12077	774.000
12513	774.000
13094	774.000
13259	774.000
13473	774.000
11369	774.100
11420	774.100
12883	774.100
13466	774.100
11451	774.200
11581	774.200
11597	774.200
11870	774.200
12272	774.200
12640	774.200
12881	774.200
13095	774.200
13453	774.200
11559	774.300
12030	774.300
12859	774.300
13127	774.300
13272	774.300
13355	774.300
11395	774.400
11537	774.400
11678	774.400
11929	774.400
12672	774.400
12855	774.400
13072	774.400
13310	774.400
13319	774.400
11529	774.500
11868	774.500
11887	774.500
12533	774.500
12797	774.500
12877	774.500
13209	774.500
13317	774.500
13410	774.500
11330	774.600
11470	774.600
11538	774.600
12018	774.600
12160	774.600
12851	774.600
13176	774.600
13335	774.600
13372	774.600
12029	774.700
12158	774.700
12167	774.700
12244	774.700
12386	774.700
12712	774.700
13148	774.700
11325	774.800
12177	774.800
12462	774.800
12634	774.800
12645	774.800
11364	774.900
11408	774.900
11482	774.900
11655	774.900
12374	774.900
12375	774.900
12470	774.900
12662	774.900
12704	774.900
13233	774.900
11611	775.000
11736	775.000
11748	775.000
11783	775.000
12293	775.000
12412	775.000
12684	775.000
12696	775.000
12891	775.000
12946	775.000
13002	775.000
13103	775.000
13150	775.000
11456	775.100
11574	775.100
11720	775.100
12111	775.100
12778	775.100
13134	775.100
13211	775.100
13212	775.100
13222	775.100
13340	775.100
11545	775.200
11721	775.200
12451	775.200
12499	775.200
12759	775.200
12918	775.200
13171	775.200
11706	775.300
11763	775.300
12587	775.300
12763	775.300
13226	775.300
13258	775.300
13409	775.300
11558	775.400
11970	775.400
12710	775.400
11633	775.500
11996	775.500
12201	775.500
12265	775.500
12706	775.500
12909	775.500
13302	775.500
13412	775.500
11703	775.600
11911	775.600
12060	775.600
12617	775.600
12681	775.600
12967	775.600
12997	775.600
13312	775.600
13327	775.600
11384	775.700
11478	775.700
11517	775.700
11702	775.700
11806	775.700
12230	775.700
12282	775.700
12373	775.700
12683	775.700
12803	775.700
13065	775.700
13214	775.700
11444	775.800
11479	775.800
11553	775.800
11567	775.800
11810	775.800
12009	775.800
12083	775.800
12181	775.800
12256	775.800
12311	775.800
12389	775.800
12411	775.800
12939	775.800
12944	775.800
13182	775.800
11566	775.900
11613	775.900
11627	775.900
11816	775.900
11923	775.900
12207	775.900
12228	775.900
12658	775.900
12823	775.900
12941	775.900
12959	775.900
13081	775.900
13479	775.900
11381	776.000
11454	776.000
11500	776.000
11617	776.000
11673	776.000
11792	776.000
12362	776.000
12467	776.000
13003	776.000
13347	776.000
11347	776.100
11393	776.100
11610	776.100
11694	776.100
11722	776.100
12252	776.100
12295	776.100
12324	776.100
12520	776.100
12618	776.100
12772	776.100
12811	776.100
13078	776.100
13225	776.100
13236	776.100
13249	776.100
11296	776.200
11424	776.200
11786	776.200
11812	776.200
11896	776.200
12185	776.200
12424	776.200
12789	776.200
13012	776.200
13168	776.200
13308	776.200
13358	776.200
13405	776.200
11367	776.300
11401	776.300
11889	776.300
11901	776.300
11942	776.300
12135	776.300
12286	776.300
12384	776.300
12743	776.300
12902	776.300
12926	776.300
13000	776.300
13307	776.300
13370	776.300
11398	776.400
11565	776.400
11631	776.400
11680	776.400
12153	776.400
12392	776.400
12457	776.400
12568	776.400
12717	776.400
13200	776.400
13334	776.400
11331	776.500
11835	776.500
11976	776.500
12102	776.500
12176	776.500
12488	776.500
12500	776.500
12620	776.500
12680	776.500
12688	776.500
12738	776.500
12836	776.500
11449	776.600
11731	776.600
11850	776.600
11933	776.600
12076	776.600
12239	776.600
12460	776.600
12677	776.600
12774	776.600
12838	776.600
13223	776.600
13257	776.600
13278	776.600
11480	776.700
11555	776.700
11608	776.700
11845	776.700
11988	776.700
12037	776.700
12087	776.700
12136	776.700
12292	776.700
12323	776.700
12340	776.700
12433	776.700
12474	776.700
12493	776.700
12584	776.700
12703	776.700
12931	776.700
12937	776.700
13016	776.700
13173	776.700
13286	776.700
13487	776.700
11564	776.800
11594	776.800
11876	776.800
11945	776.800
11955	776.800
12043	776.800
12057	776.800
12277	776.800
12450	776.800
12610	776.800
12631	776.800
12667	776.800
12726	776.800
12973	776.800
13206	776.800
13294	776.800
11332	776.900
11406	776.900
11435	776.900
11441	776.900
11458	776.900
11548	776.900
11777	776.900
11914	776.900
12198	776.900
12304	776.900
12336	776.900
12357	776.900
12390	776.900
12399	776.900
12407	776.900
12495	776.900
12534	776.900
12537	776.900
12548	776.900
12729	776.900
12924	776.900
13364	776.900
13418	776.900
13420	776.900
11375	777.000
11383	777.000
11414	777.000
11621	777.000
11938	777.000
12007	777.000
12628	777.000
12766	777.000
12810	777.000
12876	777.000
12964	777.000
13009	777.000
13190	777.000
13464	777.000
13469	777.000
11394	777.100
11413	777.100
11495	777.100
11653	777.100
11740	777.100
11762	777.100
11824	777.100
11892	777.100
11930	777.100
12017	777.100
12145	777.100
12301	777.100
12383	777.100
12651	777.100
12871	777.100
13051	777.100
13113	777.100
13363	777.100
11346	777.200
11508	777.200
11598	777.200
11700	777.200
11874	777.200
11886	777.200
11941	777.200
11984	777.200
12097	777.200
12124	777.200
12222	777.200
12423	777.200
12472	777.200
12480	777.200
12545	777.200
12670	777.200
12722	777.200
12753	777.200
12814	777.200
12907	777.200
12966	777.200
13140	777.200
13391	777.200
13404	777.200
13425	777.200
13432	777.200
11358	777.300
11455	777.300
11512	777.300
11563	777.300
11921	777.300
11999	777.300
12015	777.300
12224	777.300
12285	777.300
12291	777.300
12501	777.300
12511	777.300
12757	777.300
12870	777.300
12956	777.300
13142	777.300
13243	777.300
13377	777.300
11407	777.400
11457	777.400
11601	777.400
11696	777.400
11776	777.400
11820	777.400
11830	777.400
11963	777.400
12284	777.400
12335	777.400
12435	777.400
12566	777.400
12582	777.400
12624	777.400
12796	777.400
12835	777.400
12866	777.400
13196	777.400
13299	777.400
13321	777.400
13368	777.400
13408	777.400
13434	777.400
11348	777.500
11713	777.500
11885	777.500
11946	777.500
11948	777.500
11986	777.500
12005	777.500
12166	777.500
12183	777.500
12187	777.500
12247	777.500
12434	777.500
12442	777.500
12461	777.500
12578	777.500
12591	777.500
12630	777.500
12643	777.500
12689	777.500
12739	777.500
12756	777.500
12782	777.500
12815	777.500
13131	777.500
13151	777.500
13266	777.500
13361	777.500
13398	777.500
13480	777.500
11365	777.600
11380	777.600
11466	777.600
11487	777.600
11554	777.600
11671	777.600
11688	777.600
11701	777.600
11755	777.600
11950	777.600
12004	777.600
12008	777.600
12026	777.600
12108	777.600
12220	777.600
12408	777.600
12453	777.600
12936	777.600
12945	777.600
13044	777.600
13048	777.600
13154	777.600
13216	777.600
13426	777.600
13465	777.600
11317	777.700
11397	777.700
11595	777.700
11656	777.700
11784	777.700
11790	777.700
11926	777.700
11928	777.700
12235	777.700
12254	777.700
12279	777.700
12317	777.700
12318	777.700
12372	777.700
12385	777.700
12532	777.700
12569	777.700
12787	777.700
12802	777.700
12841	777.700
12854	777.700
12972	777.700
12990	777.700
12992	777.700
12999	777.700
13014	777.700
13064	777.700
13125	777.700
13204	777.700
13345	777.700
13356	777.700
13380	777.700
13389	777.700
11659	777.800
11853	777.800
12042	777.800
12193	777.800
12211	777.800
12331	777.800
12414	777.800
12491	777.800
12518	777.800
12542	777.800
12685	777.800
12848	777.800
13001	777.800
13028	777.800
13071	777.800
13097	777.800
13318	777.800
13382	777.800
11310	777.900
11425	777.900
11532	777.900
11646	777.900
11677	777.900
11690	777.900
11707	777.900
11774	777.900
11800	777.900
11813	777.900
11832	777.900
11891	777.900
12002	777.900
12012	777.900
12147	777.900
12184	777.900
12226	777.900
12369	777.900
12406	777.900
12444	777.900
12538	777.900
12754	777.900
12829	777.900
12897	777.900
13329	777.900
13468	777.900
11376	778.000
11463	778.000
11491	778.000
11515	778.000
11639	778.000
11669	778.000
11737	778.000
11756	778.000
11782	778.000
11890	778.000
12044	778.000
12055	778.000
12134	778.000
12189	778.000
12194	778.000
12382	778.000
12454	778.000
12561	778.000
12611	778.000
12614	778.000
12674	778.000
12831	778.000
12865	778.000
12872	778.000
13301	778.000
13303	778.000
13348	778.000
13385	778.000
13388	778.000
13413	778.000
13481	778.000
11304	778.100
11344	778.100
11411	778.100
11452	778.100
11481	778.100
11582	778.100
11665	778.100
11747	778.100
11834	778.100
11859	778.100
11864	778.100
12006	778.100
12025	778.100
12031	778.100
12107	778.100
12236	778.100
12290	778.100
12339	778.100
12539	778.100
12615	778.100
12641	778.100
12655	778.100
12705	778.100
12884	778.100
12984	778.100
13116	778.100
13155	778.100
13193	778.100
13219	778.100
13279	778.100
13336	778.100
13381	778.100
13485	778.100
11385	778.200
11682	778.200
11684	778.200
11693	778.200
11772	778.200
11809	778.200
11878	778.200
11883	778.200
11960	778.200
12045	778.200
12054	778.200
12085	778.200
12122	778.200
12146	778.200
12300	778.200
12350	778.200
12567	778.200
12572	778.200
12598	778.200
12602	778.200
12828	778.200
12869	778.200
12904	778.200
13002	778.200
13138	778.200
13141	778.200
13157	778.200
13264	778.200
13282	778.200
13375	778.200
13466	778.200
13484	778.200
11329	778.300
11483	778.300
11636	778.300
11648	778.300
11660	778.300
11729	778.300
11749	778.300
11818	778.300
11862	778.300
11985	778.300
11997	778.300
12019	778.300
12063	778.300
12158	778.300
12167	778.300
12190	778.300
12438	778.300
12463	778.300
12604	778.300
13006	778.300
13076	778.300
13129	778.300
13201	778.300
13227	778.300
13252	778.300
13295	778.300
13300	778.300
13335	778.300
13416	778.300
13458	778.300
13474	778.300
13476	778.300
11297	778.400
11307	778.400
11311	778.400
11314	778.400
11343	778.400
11349	778.400
11355	778.400
11396	778.400
11589	778.400
11607	778.400
11609	778.400
11727	778.400
11754	778.400
11875	778.400
11907	778.400
11962	778.400
12061	778.400
12118	778.400
12218	778.400
12315	778.400
12334	778.400
12352	778.400
12589	778.400
12627	778.400
12635	778.400
12649	778.400
12678	778.400
12744	778.400
12834	778.400
12851	778.400
12863	778.400
12890	778.400
12947	778.400
12950	778.400
12960	778.400
13021	778.400
13172	778.400
13174	778.400
13186	778.400
13228	778.400
13284	778.400
13332	778.400
13351	778.400
13482	778.400
11300	778.500
11309	778.500
11340	778.500
11405	778.500
11419	778.500
11439	778.500
11476	778.500
11501	778.500
11588	778.500
11733	778.500
11966	778.500
12106	778.500
12142	778.500
12164	778.500
12209	778.500
12223	778.500
12302	778.500
12376	778.500
12387	778.500
12436	778.500
12437	778.500
12481	778.500
12484	778.500
12517	778.500
12522	778.500
12547	778.500
12553	778.500
12565	778.500
12671	778.500
12733	778.500
12847	778.500
12885	778.500
12891	778.500
12920	778.500
12928	778.500
12935	778.500
12940	778.500
12977	778.500
12994	778.500
13050	778.500
13106	778.500
13127	778.500
13147	778.500
13268	778.500
13272	778.500
13323	778.500
13343	778.500
11350	778.600
11470	778.600
11716	778.600
11750	778.600
11763	778.600
11783	778.600
11836	778.600
11839	778.600
11849	778.600
11871	778.600
11916	778.600
12074	778.600
12119	778.600
12129	778.600
12192	778.600
12219	778.600
12237	778.600
12272	778.600
12328	778.600
12349	778.600
12498	778.600
12521	778.600
12530	778.600
12544	778.600
12645	778.600
12647	778.600
12657	778.600
12664	778.600
12735	778.600
12859	778.600
12875	778.600
12881	778.600
12883	778.600
12911	778.600
12961	778.600
13013	778.600
13093	778.600
13121	778.600
13218	778.600
13230	778.600
13304	778.600
13311	778.600
13340	778.600
13411	778.600
11330	778.700
11339	778.700
11361	778.700
11369	778.700
11382	778.700
11399	778.700
11429	778.700
11447	778.700
11451	778.700
11521	778.700
11579	778.700
11632	778.700
11667	778.700
11670	778.700
11672	778.700
11691	778.700
11708	778.700
11769	778.700
11778	778.700
11903	778.700
12000	778.700
12029	778.700
12058	778.700
12077	778.700
12100	778.700
12250	778.700
12319	778.700
12388	778.700
12404	778.700
12475	778.700
12479	778.700
12588	778.700
12609	778.700
12672	778.700
12709	778.700
12730	778.700
12762	778.700
12873	778.700
12914	778.700
12938	778.700
13004	778.700
13060	778.700
13108	778.700
13120	778.700
13146	778.700
13232	778.700
13245	778.700
13338	778.700
13349	778.700
13422	778.700
11315	778.800
11319	778.800
11379	778.800
11408	778.800
11431	778.800
11434	778.800
11446	778.800
11472	778.800
11493	778.800
11540	778.800
11581	778.800
11652	778.800
11662	778.800
11683	778.800
11761	778.800
11823	778.800
11837	778.800
11843	778.800
11860	778.800
11867	778.800
11881	778.800
11904	778.800
11987	778.800
11992	778.800
12067	778.800
12113	778.800
12125	778.800
12133	778.800
12154	778.800
12163	778.800
12172	778.800
12174	778.800
12197	778.800
12270	778.800
12380	778.800
12401	778.800
12425	778.800
12489	778.800
12499	778.800
12527	778.800
12592	778.800
12693	778.800
12793	778.800
12843	778.800
12874	778.800
12962	778.800
12978	778.800
13022	778.800
13032	778.800
13077	778.800
13134	778.800
13148	778.800
13161	778.800
13165	778.800
13292	778.800
13296	778.800
13337	778.800
13350	778.800
13396	778.800
13431	778.800
13463	778.800
13472	778.800
11433	778.900
11437	778.900
11477	778.900
11485	778.900
11511	778.900
11545	778.900
11617	778.900
11626	778.900
11643	778.900
11759	778.900
11765	778.900
11768	778.900
11781	778.900
11814	778.900
11846	778.900
11877	778.900
11884	778.900
11918	778.900
11929	778.900
11973	778.900
12021	778.900
12030	778.900
12036	778.900
12111	778.900
12151	778.900
12214	778.900
12263	778.900
12278	778.900
12294	778.900
12298	778.900
12353	778.900
12354	778.900
12364	778.900
12405	778.900
12482	778.900
12494	778.900
12504	778.900
12523	778.900
12586	778.900
12639	778.900
12683	778.900
12691	778.900
12712	778.900
12718	778.900
12727	778.900
12732	778.900
12755	778.900
12812	778.900
12932	778.900
12951	778.900
12989	778.900
13015	778.900
13026	778.900
13063	778.900
13085	778.900
13091	778.900
13122	778.900
13169	778.900
13176	778.900
13314	778.900
13331	778.900
13371	778.900
13376	778.900
13387	778.900
13406	778.900
13430	778.900
13447	778.900
13449	778.900
13475	778.900
11359	779.000
11475	779.000
11522	779.000
11524	779.000
11539	779.000
11546	779.000
11547	779.000
11578	779.000
11583	779.000
11633	779.000
11644	779.000
11697	779.000
11698	779.000
11721	779.000
11730	779.000
11732	779.000
11764	779.000
11788	779.000
11801	779.000
11822	779.000
11879	779.000
11897	779.000
12020	779.000
12056	779.000
12084	779.000
12216	779.000
12217	779.000
12261	779.000
12305	779.000
12338	779.000
12342	779.000
12343	779.000
12345	779.000
12368	779.000
12429	779.000
12528	779.000
12558	779.000
12563	779.000
12626	779.000
12629	779.000
12742	779.000
12748	779.000
12752	779.000
12775	779.000
12896	779.000
12995	779.000
13019	779.000
13023	779.000
13094	779.000
13115	779.000
13118	779.000
13133	779.000
13135	779.000
13153	779.000
13158	779.000
13198	779.000
13209	779.000
13277	779.000
13287	779.000
13305	779.000
13319	779.000
13365	779.000
13369	779.000
13403	779.000
13440	779.000
13445	779.000
11321	779.100
11325	779.100
11345	779.100
11364	779.100
11381	779.100
11427	779.100
11492	779.100
11526	779.100
11530	779.100
11559	779.100
11599	779.100
11613	779.100
11637	779.100
11650	779.100
11651	779.100
11685	779.100
11720	779.100
11736	779.100
11748	779.100
11804	779.100
11842	779.100
11900	779.100
11951	779.100
11964	779.100
11969	779.100
11970	779.100
12032	779.100
12046	779.100
12059	779.100
12071	779.100
12081	779.100
12089	779.100
12105	779.100
12126	779.100
12127	779.100
12159	779.100
12195	779.100
12230	779.100
12274	779.100
12306	779.100
12322	779.100
12359	779.100
12375	779.100
12462	779.100
12496	779.100
12513	779.100
12551	779.100
12562	779.100
12613	779.100
12638	779.100
12662	779.100
12669	779.100
12675	779.100
12720	779.100
12723	779.100
12745	779.100
12750	779.100
12770	779.100
12877	779.100
12895	779.100
12967	779.100
12981	779.100
13027	779.100
13041	779.100
13069	779.100
13130	779.100
13185	779.100
13195	779.100
13205	779.100
13241	779.100
13265	779.100
13273	779.100
13312	779.100
13357	779.100
13367	779.100
13373	779.100
13460	779.100
11305	779.200
11391	779.200
11404	779.200
11426	779.200
11517	779.200
11541	779.200
11558	779.200
11560	779.200
11585	779.200
11590	779.200
11674	779.200
11679	779.200
11686	779.200
11709	779.200
11785	779.200
11811	779.200
11958	779.200
12022	779.200
12027	779.200
12047	779.200
12053	779.200
12137	779.200
12156	779.200
12204	779.200
12213	779.200
12287	779.200
12332	779.200
12358	779.200
12393	779.200
12403	779.200
12424	779.200
12464	779.200
12505	779.200
12535	779.200
12573	779.200
12580	779.200
12605	779.200
12607	779.200
12642	779.200
12654	779.200
12684	779.200
12687	779.200
12710	779.200
12713	779.200
12725	779.200
12746	779.200
12764	779.200
12797	779.200
12849	779.200
12861	779.200
12905	779.200
12948	779.200
13047	779.200
13054	779.200
13059	779.200
13070	779.200
13087	779.200
13089	779.200
13096	779.200
13101	779.200
13111	779.200
13163	779.200
13203	779.200
13210	779.200
13231	779.200
13250	779.200
13254	779.200
13274	779.200
13280	779.200
13328	779.200
13407	779.200
13429	779.200
13435	779.200
13448	779.200
13453	779.200
13467	779.200
11337	779.300
11374	779.300
11420	779.300
11445	779.300
11519	779.300
11552	779.300
11591	779.300
11597	779.300
11654	779.300
11658	779.300
11726	779.300
11773	779.300
11838	779.300
11887	779.300
11888	779.300
11896	779.300
11920	779.300
11956	779.300
11983	779.300
12098	779.300
12123	779.300
12139	779.300
12148	779.300
12168	779.300
12169	779.300
12178	779.300
12215	779.300
12231	779.300
12299	779.300
12313	779.300
12374	779.300
12409	779.300
12441	779.300
12526	779.300
12529	779.300
12560	779.300
12575	779.300
12583	779.300
12603	779.300
12617	779.300
12618	779.300
12690	779.300
12751	779.300
12777	779.300
12778	779.300
12830	779.300
12862	779.300
12878	779.300
12892	779.300
12912	779.300
12913	779.300
12922	779.300
12930	779.300
12942	779.300
12946	779.300
13008	779.300
13038	779.300
13052	779.300
13082	779.300
13156	779.300
13159	779.300
13170	779.300
13217	779.300
13220	779.300
13221	779.300
13226	779.300
13324	779.300
13374	779.300
13415	779.300
13421	779.300
11366	779.400
11387	779.400
11415	779.400
11464	779.400
11482	779.400
11484	779.400
11488	779.400
11516	779.400
11549	779.400
11567	779.400
11569	779.400
11573	779.400
11596	779.400
11655	779.400
11664	779.400
11706	779.400
11734	779.400
11757	779.400
11787	779.400
11810	779.400
11825	779.400
11856	779.400
11872	779.400
11889	779.400
11893	779.400
11913	779.400
11924	779.400
11935	779.400
12060	779.400
12064	779.400
12082	779.400
12086	779.400
12138	779.400
12186	779.400
12191	779.400
12206	779.400
12228	779.400
12243	779.400
12265	779.400
12271	779.400
12275	779.400
12289	779.400
12320	779.400
12325	779.400
12389	779.400
12413	779.400
12430	779.400
12473	779.400
12503	779.400
12506	779.400
12515	779.400
12525	779.400
12554	779.400
12636	779.400
12719	779.400
12795	779.400
12823	779.400
12826	779.400
12832	779.400
12855	779.400
12868	779.400
12893	779.400
12909	779.400
12919	779.400
12939	779.400
12982	779.400
13040	779.400
13046	779.400
13078	779.400
13166	779.400
13183	779.400
13211	779.400
13212	779.400
13224	779.400
13233	779.400
13237	779.400
13247	779.400
13276	779.400
13288	779.400
13298	779.400
13309	779.400
13320	779.400
13341	779.400
13344	779.400
13354	779.400
13397	779.400
13410	779.400
11318	779.500
11324	779.500
11334	779.500
11347	779.500
11354	779.500
11362	779.500
11384	779.500
11416	779.500
11478	779.500
11480	779.500
11504	779.500
11507	779.500
11513	779.500
11525	779.500
11538	779.500
11544	779.500
11562	779.500
11571	779.500
11574	779.500
11610	779.500
11614	779.500
11624	779.500
11625	779.500
11627	779.500
11663	779.500
11678	779.500
11841	779.500
11850	779.500
11858	779.500
11905	779.500
11925	779.500
11932	779.500
11933	779.500
11940	779.500
11947	779.500
11949	779.500
12014	779.500
12062	779.500
12075	779.500
12090	779.500
12144	779.500
12161	779.500
12179	779.500
12202	779.500
12207	779.500
12210	779.500
12234	779.500
12280	779.500
12286	779.500
12295	779.500
12326	779.500
12329	779.500
12346	779.500
12362	779.500
12365	779.500
12367	779.500
12412	779.500
12432	779.500
12451	779.500
12466	779.500
12467	779.500
12497	779.500
12533	779.500
12550	779.500
12587	779.500
12590	779.500
12616	779.500
12633	779.500
12640	779.500
12644	779.500
12665	779.500
12668	779.500
12698	779.500
12711	779.500
12740	779.500
12747	779.500
12774	779.500
12785	779.500
12798	779.500
12804	779.500
12805	779.500
12817	779.500
12822	779.500
12840	779.500
12850	779.500
12879	779.500
12888	779.500
12933	779.500
13016	779.500
13031	779.500
13049	779.500
13058	779.500
13103	779.500
13104	779.500
13167	779.500
13177	779.500
13182	779.500
13215	779.500
13249	779.500
13251	779.500
13310	779.500
13433	779.500
13462	779.500
13479	779.500
11308	779.600
11322	779.600
11323	779.600
11331	779.600
11351	779.600
11357	779.600
11371	779.600
11401	779.600
11430	779.600
11443	779.600
11456	779.600
11467	779.600
11500	779.600
11536	779.600
11565	779.600
11570	779.600
11580	779.600
11622	779.600
11711	779.600
11718	779.600
11719	779.600
11731	779.600
11742	779.600
11746	779.600
11799	779.600
11827	779.600
11847	779.600
11852	779.600
11855	779.600
11898	779.600
11899	779.600
11906	779.600
11911	779.600
11917	779.600
11965	779.600
12018	779.600
12048	779.600
12050	779.600
12079	779.600
12103	779.600
12121	779.600
12143	779.600
12152	779.600
12171	779.600
12173	779.600
12200	779.600
12205	779.600
12208	779.600
12238	779.600
12244	779.600
12293	779.600
12314	779.600
12337	779.600
12344	779.600
12398	779.600
12411	779.600
12416	779.600
12417	779.600
12427	779.600
12460	779.600
12476	779.600
12477	779.600
12502	779.600
12508	779.600
12516	779.600
12524	779.600
12557	779.600
12594	779.600
12619	779.600
12658	779.600
12659	779.600
12660	779.600
12682	779.600
12688	779.600
12706	779.600
12763	779.600
12765	779.600
12776	779.600
12781	779.600
12789	779.600
12794	779.600
12803	779.600
12820	779.600
12844	779.600
12845	779.600
12882	779.600
12894	779.600
12925	779.600
12926	779.600
12944	779.600
12957	779.600
12975	779.600
12987	779.600
12996	779.600
13000	779.600
13003	779.600
13073	779.600
13171	779.600
13180	779.600
13223	779.600
13248	779.600
13258	779.600
13259	779.600
13270	779.600
13313	779.600
13317	779.600
13347	779.600
13355	779.600
13370	779.600
13423	779.600
13442	779.600
11301	779.700
11332	779.700
11367	779.700
11414	779.700
11423	779.700
11444	779.700
11454	779.700
11489	779.700
11523	779.700
11576	779.700
11605	779.700
11620	779.700
11623	779.700
11642	779.700
11647	779.700
11657	779.700
11680	779.700
11687	779.700
11694	779.700
11725	779.700
11780	779.700
11792	779.700
11821	779.700
11831	779.700
11863	779.700
11876	779.700
11919	779.700
11939	779.700
11959	779.700
11971	779.700
11989	779.700
11990	779.700
12009	779.700
12023	779.700
12051	779.700
12066	779.700
12068	779.700
12070	779.700
12078	779.700
12083	779.700
12101	779.700
12102	779.700
12132	779.700
12135	779.700
12170	779.700
12199	779.700
12240	779.700
12249	779.700
12258	779.700
12266	779.700
12273	779.700
12282	779.700
12288	779.700
12323	779.700
12330	779.700
12340	779.700
12341	779.700
12347	779.700
12386	779.700
12390	779.700
12395	779.700
12399	779.700
12410	779.700
12485	779.700
12488	779.700
12495	779.700
12543	779.700
12571	779.700
12597	779.700
12610	779.700
12621	779.700
12634	779.700
12653	779.700
12676	779.700
12700	779.700
12717	779.700
12759	779.700
12772	779.700
12773	779.700
12807	779.700
12842	779.700
12853	779.700
12858	779.700
12867	779.700
12900	779.700
12927	779.700
12929	779.700
12934	779.700
12937	779.700
12953	779.700
12959	779.700
12965	779.700
12976	779.700
12985	779.700
12997	779.700
13011	779.700
13020	779.700
13074	779.700
13079	779.700
13080	779.700
13095	779.700
13099	779.700
13100	779.700
13132	779.700
13137	779.700
13162	779.700
13164	779.700
13188	779.700
13214	779.700
13238	779.700
13253	779.700
13281	779.700
13294	779.700
13307	779.700
13325	779.700
13437	779.700
13443	779.700
13471	779.700
13483	779.700
13486	779.700
11302	779.800
11338	779.800
11368	779.800
11390	779.800
11400	779.800
11412	779.800
11442	779.800
11459	779.800
11462	779.800
11468	779.800
11490	779.800
11496	779.800
11499	779.800
11505	779.800
11506	779.800
11531	779.800
11550	779.800
11551	779.800
11603	779.800
11606	779.800
11612	779.800
11619	779.800
11629	779.800
11645	779.800
11689	779.800
11703	779.800
11710	779.800
11712	779.800
11745	779.800
11751	779.800
11752	779.800
11766	779.800
11767	779.800
11805	779.800
11808	779.800
11819	779.800
11829	779.800
11854	779.800
11868	779.800
11870	779.800
11901	779.800
11938	779.800
11955	779.800
11967	779.800
11994	779.800
11996	779.800
12013	779.800
12034	779.800
12037	779.800
12040	779.800
12057	779.800
12065	779.800
12104	779.800
12112	779.800
12153	779.800
12157	779.800
12160	779.800
12177	779.800
12185	779.800
12212	779.800
12227	779.800
12242	779.800
12246	779.800
12251	779.800
12256	779.800
12304	779.800
12351	779.800
12415	779.800
12420	779.800
12450	779.800
12486	779.800
12584	779.800
12600	779.800
12601	779.800
12666	779.800
12692	779.800
12708	779.800
12716	779.800
12749	779.800
12758	779.800
12813	779.800
12824	779.800
12836	779.800
12839	779.800
12889	779.800
12898	779.800
12899	779.800
12931	779.800
12983	779.800
13007	779.800
13012	779.800
13042	779.800
13068	779.800
13086	779.800
13090	779.800
13105	779.800
13107	779.800
13139	779.800
13168	779.800
13179	779.800
13181	779.800
13194	779.800
13197	779.800
13200	779.800
13202	779.800
13222	779.800
13240	779.800
13257	779.800
13262	779.800
13263	779.800
13271	779.800
13285	779.800
13286	779.800
13293	779.800
13302	779.800
13322	779.800
13326	779.800
13353	779.800
13379	779.800
13386	779.800
13392	779.800
13395	779.800
13417	779.800
13450	779.800
13455	779.800
13464	779.800
13470	779.800
13478	779.800
11296	779.900
11316	779.900
11328	779.900
11333	779.900
11372	779.900
11394	779.900
11398	779.900
11402	779.900
11435	779.900
11460	779.900
11479	779.900
11498	779.900
11510	779.900
11548	779.900
11604	779.900
11630	779.900
11631	779.900
11661	779.900
11699	779.900
11762	779.900
11794	779.900
11806	779.900
11807	779.900
11816	779.900
11828	779.900
11835	779.900
11857	779.900
11869	779.900
11874	779.900
11892	779.900
11922	779.900
11927	779.900
11942	779.900
11977	779.900
11981	779.900
11993	779.900
12001	779.900
12007	779.900
12043	779.900
12072	779.900
12091	779.900
12099	779.900
12116	779.900
12124	779.900
12141	779.900
12149	779.900
12221	779.900
12229	779.900
12232	779.900
12255	779.900
12262	779.900
12301	779.900
12311	779.900
12324	779.900
12373	779.900
12383	779.900
12400	779.900
12426	779.900
12428	779.900
12433	779.900
12445	779.900
12455	779.900
12471	779.900
12474	779.900
12492	779.900
12512	779.900
12536	779.900
12541	779.900
12568	779.900
12622	779.900
12628	779.900
12679	779.900
12680	779.900
12699	779.900
12721	779.900
12724	779.900
12729	779.900
12738	779.900
12786	779.900
12811	779.900
12819	779.900
12838	779.900
12860	779.900
12921	779.900
12954	779.900
12956	779.900
12973	779.900
12974	779.900
13017	779.900
13029	779.900
13037	779.900
13055	779.900
13056	779.900
13061	779.900
13067	779.900
13072	779.900
13081	779.900
13088	779.900
13109	779.900
13112	779.900
13152	779.900
13225	779.900
13236	779.900
13267	779.900
13289	779.900
13359	779.900
13405	779.900
13412	779.900
13418	779.900
11378	780.000
11392	780.000
11406	780.000
11421	780.000
11428	780.000
11438	780.000
11440	780.000
11441	780.000
11448	780.000
11449	780.000
11495	780.000
11497	780.000
11502	780.000
11527	780.000
11529	780.000
11535	780.000
11594	780.000
11598	780.000
11611	780.000
11621	780.000
11704	780.000
11705	780.000
11714	780.000
11717	780.000
11722	780.000
11740	780.000
11744	780.000
11760	780.000
11775	780.000
11789	780.000
11840	780.000
11865	780.000
11882	780.000
11886	780.000
11908	780.000
11953	780.000
11954	780.000
11957	780.000
11975	780.000
12017	780.000
12092	780.000
12094	780.000
12130	780.000
12150	780.000
12162	780.000
12222	780.000
12253	780.000
12260	780.000
12269	780.000
12292	780.000
12296	780.000
12316	780.000
12336	780.000
12378	780.000
12391	780.000
12407	780.000
12418	780.000
12423	780.000
12439	780.000
12443	780.000
12470	780.000
12472	780.000
12500	780.000
12514	780.000
12519	780.000
12520	780.000
12537	780.000
12612	780.000
12625	780.000
12651	780.000
12663	780.000
12686	780.000
12695	780.000
12704	780.000
12722	780.000
12726	780.000
12728	780.000
12731	780.000
12806	780.000
12880	780.000
12902	780.000
12971	780.000
12991	780.000
13009	780.000
13065	780.000
13098	780.000
13113	780.000
13160	780.000
13184	780.000
13189	780.000
13206	780.000
13246	780.000
13269	780.000
13290	780.000
13306	780.000
13308	780.000
13327	780.000
13330	780.000
13339	780.000
13372	780.000
13378	780.000
13391	780.000
13399	780.000
13400	780.000
13404	780.000
13409	780.000
13427	780.000
13441	780.000
13444	780.000
13446	780.000
13477	780.000
11360	780.100
11363	780.100
11383	780.100
11393	780.100
11424	780.100
11455	780.100
11469	780.100
11474	780.100
11508	780.100
11520	780.100
11537	780.100
11542	780.100
11564	780.100
11572	780.100
11600	780.100
11640	780.100
11653	780.100
11700	780.100
11702	780.100
11728	780.100
11776	780.100
11777	780.100
11786	780.100
11797	780.100
11812	780.100
11820	780.100
11826	780.100
11833	780.100
11912	780.100
11921	780.100
11930	780.100
11941	780.100
11945	780.100
11963	780.100
11968	780.100
11976	780.100
11978	780.100
11998	780.100
12015	780.100
12035	780.100
12080	780.100
12128	780.100
12131	780.100
12140	780.100
12165	780.100
12182	780.100
12201	780.100
12252	780.100
12264	780.100
12267	780.100
12268	780.100
12276	780.100
12285	780.100
12308	780.100
12333	780.100
12357	780.100
12361	780.100
12363	780.100
12370	780.100
12384	780.100
12394	780.100
12452	780.100
12456	780.100
12457	780.100
12458	780.100
12465	780.100
12483	780.100
12490	780.100
12507	780.100
12534	780.100
12545	780.100
12548	780.100
12556	780.100
12577	780.100
12579	780.100
12593	780.100
12630	780.100
12631	780.100
12632	780.100
12643	780.100
12656	780.100
12667	780.100
12703	780.100
12714	780.100
12737	780.100
12766	780.100
12779	780.100
12788	780.100
12801	780.100
12808	780.100
12810	780.100
12814	780.100
12846	780.100
12856	780.100
12866	780.100
12876	780.100
12887	780.100
12901	780.100
12903	780.100
12910	780.100
12918	780.100
12924	780.100
12941	780.100
12943	780.100
12949	780.100
12955	780.100
12969	780.100
13005	780.100
13010	780.100
13025	780.100
13039	780.100
13124	780.100
13128	780.100
13131	780.100
13149	780.100
13191	780.100
13234	780.100
13239	780.100
13244	780.100
13278	780.100
13321	780.100
13334	780.100
13346	780.100
13358	780.100
13360	780.100
13363	780.100
13438	780.100
13439	780.100
13456	780.100
13457	780.100
13461	780.100
13487	780.100
11303	780.200
11306	780.200
11342	780.200
11348	780.200
11352	780.200
11356	780.200
11373	780.200
11375	780.200
11409	780.200
11413	780.200
11422	780.200
11453	780.200
11473	780.200
11509	780.200
11554	780.200
11555	780.200
11556	780.200
11584	780.200
11638	780.200
11641	780.200
11668	780.200
11671	780.200
11673	780.200
11675	780.200
11695	780.200
11715	780.200
11724	780.200
11771	780.200
11779	780.200
11844	780.200
11861	780.200
11880	780.200
11902	780.200
11923	780.200
11943	780.200
11988	780.200
11995	780.200
11999	780.200
12005	780.200
12010	780.200
12069	780.200
12076	780.200
12087	780.200
12088	780.200
12096	780.200
12110	780.200
12145	780.200
12155	780.200
12180	780.200
12181	780.200
12187	780.200
12198	780.200
12203	780.200
12239	780.200
12241	780.200
12248	780.200
12281	780.200
12307	780.200
12309	780.200
12321	780.200
12335	780.200
12377	780.200
12379	780.200
12402	780.200
12419	780.200
12422	780.200
12434	780.200
12447	780.200
12468	780.200
12487	780.200
12501	780.200
12510	780.200
12511	780.200
12552	780.200
12564	780.200
12566	780.200
12574	780.200
12596	780.200
12599	780.200
12620	780.200
12624	780.200
12637	780.200
12670	780.200
12689	780.200
12697	780.200
12736	780.200
12741	780.200
12757	780.200
12760	780.200
12771	780.200
12799	780.200
12837	780.200
12852	780.200
12857	780.200
12952	780.200
12966	780.200
12972	780.200
12986	780.200
13018	780.200
13033	780.200
13043	780.200
13045	780.200
13064	780.200
13066	780.200
13075	780.200
13140	780.200
13142	780.200
13151	780.200
13154	780.200
13190	780.200
13196	780.200
13242	780.200
13243	780.200
13266	780.200
13297	780.200
13356	780.200
13361	780.200
13364	780.200
13368	780.200
13393	780.200
13394	780.200
13420	780.200
13425	780.200
13426	780.200
13434	780.200
13473	780.200
13480	780.200
11320	780.300
11326	780.300
11341	780.300
11346	780.300
11365	780.300
11377	780.300
11389	780.300
11458	780.300
11494	780.300
11518	780.300
11534	780.300
11563	780.300
11575	780.300
11593	780.300
11601	780.300
11608	780.300
11615	780.300
11649	780.300
11666	780.300
11676	780.300
11688	780.300
11713	780.300
11723	780.300
11784	780.300
11790	780.300
11895	780.300
11909	780.300
11950	780.300
11952	780.300
11961	780.300
11980	780.300
11986	780.300
12024	780.300
12039	780.300
12049	780.300
12052	780.300
12136	780.300
12166	780.300
12176	780.300
12220	780.300
12224	780.300
12225	780.300
12235	780.300
12247	780.300
12277	780.300
12291	780.300
12297	780.300
12312	780.300
12348	780.300
12355	780.300
12360	780.300
12435	780.300
12442	780.300
12493	780.300
12540	780.300
12569	780.300
12606	780.300
12648	780.300
12652	780.300
12677	780.300
12696	780.300
12701	780.300
12739	780.300
12780	780.300
12783	780.300
12784	780.300
12796	780.300
12809	780.300
12835	780.300
12870	780.300
12906	780.300
12908	780.300
12945	780.300
12963	780.300
12992	780.300
13024	780.300
13044	780.300
13048	780.300
13057	780.300
13097	780.300
13102	780.300
13114	780.300
13187	780.300
13208	780.300
13216	780.300
13256	780.300
13299	780.300
13316	780.300
13366	780.300
13377	780.300
13389	780.300
13424	780.300
13428	780.300
13432	780.300
13452	780.300
13459	780.300
13469	780.300
11312	780.400
11353	780.400
11358	780.400
11386	780.400
11395	780.400
11403	780.400
11407	780.400
11487	780.400
11512	780.400
11543	780.400
11553	780.400
11577	780.400
11586	780.400
11595	780.400
11618	780.400
11628	780.400
11634	780.400
11635	780.400
11690	780.400
11692	780.400
11701	780.400
11739	780.400
11741	780.400
11755	780.400
11793	780.400
11802	780.400
11824	780.400
11848	780.400
11914	780.400
11915	780.400
11926	780.400
11944	780.400
11948	780.400
11979	780.400
11984	780.400
12003	780.400
12011	780.400
12016	780.400
12026	780.400
12041	780.400
12042	780.400
12120	780.400
12175	780.400
12183	780.400
12226	780.400
12233	780.400
12257	780.400
12284	780.400
12317	780.400
12318	780.400
12331	780.400
12392	780.400
12448	780.400
12461	780.400
12509	780.400
12532	780.400
12538	780.400
12555	780.400
12578	780.400
12591	780.400
12650	780.400
12685	780.400
12702	780.400
12734	780.400
12756	780.400
12768	780.400
12769	780.400
12782	780.400
12787	780.400
12802	780.400
12815	780.400
12854	780.400
12871	780.400
12907	780.400
12936	780.400
12990	780.400
12993	780.400
13028	780.400
13030	780.400
13051	780.400
13083	780.400
13084	780.400
13119	780.400
13125	780.400
13150	780.400
13173	780.400
13192	780.400
13345	780.400
13414	780.400
11299	780.500
11397	780.500
11457	780.500
11514	780.500
11528	780.500
11532	780.500
11557	780.500
11561	780.500
11568	780.500
11602	780.500
11659	780.500
11743	780.500
11774	780.500
11791	780.500
11795	780.500
11796	780.500
11798	780.500
11803	780.500
11813	780.500
11830	780.500
11832	780.500
11845	780.500
11891	780.500
11928	780.500
11934	780.500
11946	780.500
11972	780.500
11982	780.500
12004	780.500
12006	780.500
12031	780.500
12038	780.500
12044	780.500
12095	780.500
12097	780.500
12108	780.500
12147	780.500
12193	780.500
12254	780.500
12303	780.500
12366	780.500
12369	780.500
12372	780.500
12381	780.500
12385	780.500
12396	780.500
12406	780.500
12408	780.500
12414	780.500
12454	780.500
12469	780.500
12559	780.500
12570	780.500
12681	780.500
12705	780.500
12707	780.500
12743	780.500
12753	780.500
12767	780.500
12790	780.500
12829	780.500
12886	780.500
12917	780.500
12958	780.500
12964	780.500
12968	780.500
13001	780.500
13014	780.500
13053	780.500
13126	780.500
13143	780.500
13275	780.500
13315	780.500
13329	780.500
13333	780.500
13398	780.500
13419	780.500
13465	780.500
13468	780.500
11298	780.600
11310	780.600
11317	780.600
11336	780.600
11380	780.600
11410	780.600
11417	780.600
11418	780.600
11432	780.600
11452	780.600
11486	780.600
11515	780.600
11639	780.600
11665	780.600
11677	780.600
11681	780.600
11735	780.600
11738	780.600
11753	780.600
11772	780.600
11817	780.600
11859	780.600
11866	780.600
11885	780.600
11890	780.600
12012	780.600
12109	780.600
12114	780.600
12117	780.600
12184	780.600
12211	780.600
12245	780.600
12310	780.600
12339	780.600
12371	780.600
12382	780.600
12444	780.600
12446	780.600
12453	780.600
12480	780.600
12491	780.600
12531	780.600
12542	780.600
12561	780.600
12581	780.600
12585	780.600
12595	780.600
12623	780.600
12661	780.600
12694	780.600
12715	780.600
12754	780.600
12761	780.600
12791	780.600
12825	780.600
12841	780.600
12872	780.600
12915	780.600
12979	780.600
12980	780.600
13071	780.600
13110	780.600
13136	780.600
13193	780.600
13199	780.600
13213	780.600
13255	780.600
13261	780.600
13279	780.600
13318	780.600
13381	780.600
13383	780.600
13388	780.600
13401	780.600
13454	780.600
11344	780.700
11491	780.700
11566	780.700
11587	780.700
11616	780.700
11656	780.700
11669	780.700
11693	780.700
11696	780.700
11737	780.700
11770	780.700
11782	780.700
11853	780.700
11862	780.700
11910	780.700
12008	780.700
12025	780.700
12028	780.700
12045	780.700
12085	780.700
12189	780.700
12194	780.700
12356	780.700
12431	780.700
12539	780.700
12576	780.700
12582	780.700
12598	780.700
12608	780.700
12611	780.700
12641	780.700
12655	780.700
12673	780.700
12674	780.700
12828	780.700
12848	780.700
12864	780.700
12865	780.700
12869	780.700
12884	780.700
12923	780.700
12970	780.700
12984	780.700
13034	780.700
13036	780.700
13116	780.700
13117	780.700
13141	780.700
13145	780.700
13204	780.700
13207	780.700
13219	780.700
13282	780.700
13408	780.700
13451	780.700
11329	780.800
11376	780.800
11385	780.800
11396	780.800
11411	780.800
11450	780.800
11463	780.800
11471	780.800
11503	780.800
11582	780.800
11646	780.800
11729	780.800
11758	780.800
11873	780.800
11907	780.800
11937	780.800
11991	780.800
12002	780.800
12134	780.800
12146	780.800
12236	780.800
12279	780.800
12283	780.800
12300	780.800
12350	780.800
12449	780.800
12463	780.800
12546	780.800
12614	780.800
12615	780.800
12635	780.800
12831	780.800
12904	780.800
12998	780.800
13035	780.800
13062	780.800
13138	780.800
13157	780.800
13264	780.800
13295	780.800
13301	780.800
13335	780.800
13336	780.800
13351	780.800
13380	780.800
13402	780.800
13466	780.800
13474	780.800
13476	780.800
13481	780.800
11313	780.900
11607	780.900
11648	780.900
11660	780.900
11684	780.900
11800	780.900
11815	780.900
11834	780.900
11864	780.900
11883	780.900
11936	780.900
12054	780.900
12055	780.900
12073	780.900
12107	780.900
12158	780.900
12167	780.900
12196	780.900
12478	780.900
12518	780.900
12572	780.900
12816	780.900
12897	780.900
12916	780.900
13002	780.900
13129	780.900
13174	780.900
13178	780.900
13227	780.900
13252	780.900
13260	780.900
13283	780.900
13291	780.900
13303	780.900
13332	780.900
13375	780.900
13413	780.900
13458	780.900
13484	780.900
11349	781.000
11425	781.000
11439	781.000
11465	781.000
11481	781.000
11589	781.000
11609	781.000
11636	781.000
11707	781.000
11749	781.000
11783	781.000
11809	781.000
11878	781.000
12106	781.000
12118	781.000
12164	781.000
12209	781.000
12218	781.000
12327	781.000
12349	781.000
12544	781.000
12589	781.000
12604	781.000
12678	781.000
12800	781.000
12818	781.000
12821	781.000
12833	781.000
12834	781.000
12851	781.000
12863	781.000
12890	781.000
12940	781.000
12961	781.000
13021	781.000
13076	781.000
13106	781.000
13175	781.000
13186	781.000
13201	781.000
13272	781.000
13300	781.000
13340	781.000
13382	781.000
13384	781.000
13416	781.000
11297	781.100
11307	781.100
11314	781.100
11340	781.100
11355	781.100
11419	781.100
11436	781.100
11501	781.100
11682	781.100
11747	781.100
11750	781.100
11756	781.100
11871	781.100
12142	781.100
12188	781.100
12190	781.100
12237	781.100
12315	781.100
12352	781.100
12397	781.100
12438	781.100
12459	781.100
12547	781.100
12549	781.100
12567	781.100
12647	781.100
12649	781.100
12744	781.100
12827	781.100
12847	781.100
12881	781.100
12883	781.100
12891	781.100
12935	781.100
12947	781.100
12999	781.100
13050	781.100
13092	781.100
13121	781.100
13127	781.100
13144	781.100
13228	781.100
11304	781.200
11309	781.200
11330	781.200
11335	781.200
11405	781.200
11451	781.200
11470	781.200
11483	781.200
11672	781.200
11763	781.200
11778	781.200
11894	781.200
11962	781.200
11997	781.200
12029	781.200
12115	781.200
12172	781.200
12174	781.200
12302	781.200
12319	781.200
12334	781.200
12387	781.200
12404	781.200
12437	781.200
12602	781.200
12646	781.200
12671	781.200
12762	781.200
12859	781.200
12885	781.200
12914	781.200
12960	781.200
12994	781.200
13006	781.200
13013	781.200
13108	781.200
13147	781.200
13304	781.200
13362	781.200
13411	781.200
11339	781.300
11369	781.300
11379	781.300
11399	781.300
11446	781.300
11533	781.300
11579	781.300
11588	781.300
11670	781.300
11849	781.300
11875	781.300
11966	781.300
12030	781.300
12067	781.300
12119	781.300
12192	781.300
12197	781.300
12219	781.300
12272	781.300
12328	781.300
12376	781.300
12380	781.300
12401	781.300
12481	781.300
12498	781.300
12499	781.300
12522	781.300
12553	781.300
12565	781.300
12588	781.300
12645	781.300
12875	781.300
12977	781.300
13022	781.300
13134	781.300
13155	781.300
13268	781.300
13338	781.300
11319	781.400
11382	781.400
11429	781.400
11437	781.400
11461	781.400
11522	781.400
11540	781.400
11626	781.400
11691	781.400
11708	781.400
11730	781.400
11754	781.400
11765	781.400
11843	781.400
11860	781.400
11903	781.400
11985	781.400
12019	781.400
12021	781.400
12100	781.400
12133	781.400
12278	781.400
12298	781.400
12436	781.400
12664	781.400
12672	781.400
12793	781.400
13118	781.400
13123	781.400
13148	781.400
13161	781.400
13232	781.400
13349	781.400
13376	781.400
13422	781.400
13431	781.400
11300	781.500
11434	781.500
11511	781.500
11521	781.500
11581	781.500
11667	781.500
11759	781.500
11836	781.500
11839	781.500
11846	781.500
11867	781.500
11960	781.500
12033	781.500
12061	781.500
12063	781.500
12122	781.500
12125	781.500
12159	781.500
12354	781.500
12479	781.500
12504	781.500
12523	781.500
12675	781.500
12709	781.500
12911	781.500
12938	781.500
13019	781.500
13060	781.500
13093	781.500
13094	781.500
13176	781.500
13323	781.500
13331	781.500
13463	781.500
13482	781.500
11350	781.600
11617	781.600
11662	781.600
11764	781.600
11768	781.600
11884	781.600
12074	781.600
12154	781.600
12496	781.600
12521	781.600
12626	781.600
12723	781.600
12730	781.600
12978	781.600
13077	781.600
13185	781.600
13273	781.600
13312	781.600
13396	781.600
13472	781.600
11343	781.700
11381	781.700
11475	781.700
11727	781.700
11769	781.700
11877	781.700
11904	781.700
11964	781.700
12077	781.700
12290	781.700
12388	781.700
12475	781.700
12484	781.700
12530	781.700
12580	781.700
12775	781.700
12873	781.700
12895	781.700
12905	781.700
12967	781.700
13015	781.700
13115	781.700
13158	781.700
13277	781.700
13287	781.700
13296	781.700
13348	781.700
13369	781.700
13385	781.700
11408	781.800
11447	781.800
11485	781.800
11546	781.800
11558	781.800
11644	781.800
11716	781.800
11736	781.800
11781	781.800
11973	781.800
12056	781.800
12105	781.800
12126	781.800
12139	781.800
12163	781.800
12250	781.800
12343	781.800
12375	781.800
12424	781.800
12462	781.800
12535	781.800
12605	781.800
12607	781.800
12691	781.800
12718	781.800
12951	781.800
13032	781.800
13041	781.800
13069	781.800
13070	781.800
13195	781.800
13203	781.800
13209	781.800
13230	781.800
13241	781.800
13245	781.800
13449	781.800
11321	781.900
11359	781.900
11466	781.900
11472	781.900
11552	781.900
11652	781.900
11721	781.900
11748	781.900
11818	781.900
11929	781.900
12000	781.900
12027	781.900
12169	781.900
12261	781.900
12482	781.900
12528	781.900
12562	781.900
12638	781.900
12712	781.900
12745	781.900
12770	781.900
12797	781.900
12849	781.900
12928	781.900
13023	781.900
13047	781.900
13146	781.900
13305	781.900
13429	781.900
11420	782.000
11426	782.000
11632	782.000
11637	782.000
11683	782.000
11732	782.000
11788	782.000
11804	782.000
11897	782.000
11987	782.000
12046	782.000
12151	782.000
12216	782.000
12217	782.000
12270	782.000
12306	782.000
12313	782.000
12338	782.000
12362	782.000
12364	782.000
12368	782.000
12405	782.000
12413	782.000
12505	782.000
12513	782.000
12525	782.000
12527	782.000
12687	782.000
12720	782.000
12727	782.000
12752	782.000
12778	782.000
12804	782.000
12950	782.000
12982	782.000
13082	782.000
13120	782.000
13135	782.000
13169	782.000
13415	782.000
13479	782.000
11374	782.100
11476	782.100
11480	782.100
11493	782.100
11516	782.100
11573	782.100
11590	782.100
11613	782.100
11651	782.100
11698	782.100
11718	782.100
11734	782.100
11785	782.100
12020	782.100
12111	782.100
12207	782.100
12213	782.100
12294	782.100
12367	782.100
12374	782.100
12494	782.100
12506	782.100
12517	782.100
12586	782.100
12662	782.100
12665	782.100
12765	782.100
12776	782.100
12789	782.100
12823	782.100
12926	782.100
12946	782.100
13122	782.100
13130	782.100
13165	782.100
13198	782.100
13221	782.100
13314	782.100
13343	782.100
13350	782.100
13352	782.100
13407	782.100
11315	782.200
11357	782.200
11427	782.200
11464	782.200
11517	782.200
11539	782.200
11719	782.200
11823	782.200
11850	782.200
11918	782.200
11949	782.200
12022	782.200
12060	782.200
12064	782.200
12123	782.200
12129	782.200
12168	782.200
12195	782.200
12240	782.200
12399	782.200
12515	782.200
12693	782.200
12698	782.200
12711	782.200
12777	782.200
12792	782.200
12830	782.200
12832	782.200
12845	782.200
12893	782.200
12896	782.200
12933	782.200
12989	782.200
13078	782.200
13111	782.200
13156	782.200
13231	782.200
13280	782.200
13317	782.200
13355	782.200
13357	782.200
13371	782.200
13448	782.200
11388	782.300
11414	782.300
11526	782.300
11538	782.300
11560	782.300
11876	782.300
11932	782.300
11933	782.300
11951	782.300
12062	782.300
12143	782.300
12161	782.300
12293	782.300
12322	782.300
12389	782.300
12450	782.300
12460	782.300
12485	782.300
12489	782.300
12613	782.300
12634	782.300
12747	782.300
12794	782.300
12812	782.300
12988	782.300
13003	782.300
13052	782.300
13054	782.300
13074	782.300
13095	782.300
13133	782.300
13226	782.300
13233	782.300
13285	782.300
13406	782.300
13445	782.300
13447	782.300
11308	782.400
11311	782.400
11318	782.400
11456	782.400
11569	782.400
11585	782.400
11623	782.400
11624	782.400
11625	782.400
11674	782.400
11678	782.400
11687	782.400
11725	782.400
11761	782.400
11881	782.400
11920	782.400
12007	782.400
12023	782.400
12053	782.400
12078	782.400
12079	782.400
12089	782.400
12148	782.400
12178	782.400
12231	782.400
12238	782.400
12274	782.400
12320	782.400
12420	782.400
12495	782.400
12533	782.400
12551	782.400
12609	782.400
12628	782.400
12640	782.400
12657	782.400
12658	782.400
12706	782.400
12708	782.400
12735	782.400
12877	782.400
13087	782.400
13163	782.400
13166	782.400
13167	782.400
13211	782.400
13265	782.400
13298	782.400
13311	782.400
13319	782.400
13347	782.400
13410	782.400
13430	782.400
11331	782.500
11338	782.500
11387	782.500
11415	782.500
11443	782.500
11478	782.500
11484	782.500
11492	782.500
11559	782.500
11570	782.500
11591	782.500
11645	782.500
11655	782.500
11658	782.500
11664	782.500
11703	782.500
11733	782.500
11810	782.500
11856	782.500
11887	782.500
11899	782.500
11919	782.500
11938	782.500
11956	782.500
11967	782.500
12144	782.500
12171	782.500
12214	782.500
12234	782.500
12249	782.500
12286	782.500
12323	782.500
12351	782.500
12353	782.500
12474	782.500
12627	782.500
12683	782.500
12748	782.500
12925	782.500
12956	782.500
12981	782.500
13000	782.500
13063	782.500
13276	782.500
13286	782.500
13293	782.500
13354	782.500
13395	782.500
13423	782.500
13453	782.500
13485	782.500
11325	782.600
11401	782.600
11430	782.600
11455	782.600
11496	782.600
11529	782.600
11541	782.600
11567	782.600
11594	782.600
11597	782.600
11745	782.600
11787	782.600
11838	782.600
11874	782.600
12081	782.600
12101	782.600
12152	782.600
12407	782.600
12410	782.600
12445	782.600
12688	782.600
12722	782.600
12740	782.600
12750	782.600
12879	782.600
12888	782.600
12898	782.600
12920	782.600
12931	782.600
12932	782.600
13009	782.600
13046	782.600
13113	782.600
13171	782.600
13182	782.600
13236	782.600
13257	782.600
13302	782.600
13427	782.600
13437	782.600
13440	782.600
11332	782.700
11347	782.700
11364	782.700
11507	782.700
11697	782.700
11706	782.700
11720	782.700
11808	782.700
11814	782.700
11837	782.700
11901	782.700
12018	782.700
12058	782.700
12153	782.700
12205	782.700
12271	782.700
12340	782.700
12359	782.700
12554	782.700
12557	782.700
12584	782.700
12669	782.700
12738	782.700
12866	782.700
12874	782.700
12939	782.700
12957	782.700
12962	782.700
13072	782.700
13096	782.700
13168	782.700
13214	782.700
13218	782.700
13324	782.700
13325	782.700
11390	782.800
11422	782.800
11510	782.800
11680	782.800
12644	782.800
12684	782.800
12716	782.800
12965	782.800
12972	782.800
13160	782.800
13215	782.800
13247	782.800
13417	782.800
13478	782.800
11835	782.900
12005	782.900
12135	782.900
12426	782.900
12868	782.900
11384	783.000
11412	783.000
11653	783.000
11942	783.000
12987	783.000
12757	783.100
13072	787.300
12789	787.900
13168	788.100
11933	788.200
13195	788.400
11443	788.500
11781	788.600
11901	788.600
12708	788.600
12005	788.700
12207	788.700
11347	788.800
12420	788.800
12722	788.800
12957	788.800
13063	788.800
13203	788.800
11823	788.900
12962	788.900
13453	788.900
11567	789.000
11591	789.100
12662	789.100
11381	789.200
11777	789.200
12144	789.200
12735	789.200
12765	789.200
12374	789.300
12832	789.300
13163	789.300
11364	789.400
11585	789.400
11408	789.500
12161	789.500
12688	789.500
11541	789.600
12007	789.600
13125	789.600
11721	789.700
12684	789.700
12956	789.700
13345	789.700
11623	789.800
12407	789.800
11492	789.900
11597	789.900
11938	789.900
12089	789.900
12939	789.900
13103	789.900
11594	790.000
11835	790.000
12644	790.000
11325	790.100
11480	790.100
12293	790.100
12628	790.100
12823	790.100
13198	790.100
11701	790.200
11956	790.200
12320	790.200
12750	790.200
13226	790.200
13324	790.200
12683	790.300
12698	790.300
12793	790.300
12888	790.300
13448	790.300
11559	790.400
11678	790.400
11732	790.400
13113	790.400
13479	790.400
11516	790.500
11725	790.500
11818	790.500
12129	790.500
12353	790.500
12634	790.500
12727	790.500
13000	790.500
13046	790.500
11357	790.600
11745	790.600
12462	790.600
11455	790.700
11624	790.700
11734	790.700
11874	790.700
12489	790.700
13023	790.700
11390	790.800
11510	790.800
11517	790.800
11674	790.800
11716	790.800
12143	790.800
12231	790.800
12757	790.800
12932	790.800
11569	790.900
11748	790.900
11918	790.900
12081	790.900
12375	790.900
12712	790.900
12845	790.900
12926	790.900
13003	790.900
13319	790.900
13354	790.900
11414	791.000
11420	791.000
11687	791.000
11706	791.000
11719	791.000
11810	791.000
12053	791.000
12240	791.000
12533	791.000
12775	791.000
12812	791.000
12924	791.000
12946	791.000
12972	791.000
13417	791.000
11837	791.100
11942	791.100
12174	791.100
12607	791.100
12931	791.100
13257	791.100
13357	791.100
11384	791.200
11787	791.200
11881	791.200
12286	791.200
12499	791.200
12774	791.200
11496	791.300
11507	791.300
11658	791.300
11926	791.300
12778	791.300
13182	791.300
13231	791.300
12460	791.400
12528	791.400
12557	791.400
13135	791.400
12153	791.500
12340	791.500
13343	791.500
11667	791.600
11680	791.600
11870	791.600
12618	791.600
12959	791.600
11941	791.700
12238	791.700
12294	791.700
12322	791.700
12323	791.700
12645	791.700
12893	791.700
13167	791.700
12545	791.800
12706	791.800
12711	791.800
13356	791.800
11529	791.900
12605	791.900
12896	791.900
13214	791.900
13233	791.900
13280	791.900
13298	791.900
11655	792.000
11784	792.000
12343	792.000
13209	792.000
12077	792.100
12166	792.100
12337	792.100
12482	792.100
12580	792.100
13215	792.100
11472	792.200
11484	792.200
12135	792.200
12147	792.200
12211	792.200
12249	792.200
12484	792.200
12527	792.200
12562	792.200
13148	792.200
13286	792.200
13416	792.200
13485	792.200
11308	792.300
11365	792.300
11720	792.300
11887	792.300
12705	792.300
12720	792.300
12834	792.300
12866	792.300
13130	792.300
11470	792.400
11613	792.400
11804	792.400
11996	792.400
12183	792.400
12738	792.400
12830	792.400
12925	792.400
13074	792.400
13160	792.400
11296	792.500
12437	792.500
13467	792.500
11464	792.600
11929	792.600
11950	792.600
12030	792.600
12235	792.700
12467	792.700
12529	792.700
12804	792.700
13020	792.700
13429	792.700
11763	792.800
11876	792.800
12105	792.800
12505	792.800
13122	792.800
12149	792.900
13302	792.900
11836	793.000
12380	793.000
12532	793.000
12538	793.000
13195	793.000
13212	793.000
13063	793.100
13134	793.100
13249	793.100
13272	793.100
13347	793.100
12405	793.200
12851	793.200
13166	793.200
13171	793.200
11330	793.300
11930	793.300
12097	793.300
12291	793.300
12351	793.300
12513	793.300
12569	793.300
12693	793.300
13410	793.300
11396	793.400
11545	793.400
11764	793.400
12058	793.400
12630	793.400
12725	793.400
13278	793.400
11777	793.500
12372	793.500
12410	793.500
12640	793.500
13078	793.500
11451	793.600
11976	793.600
12083	793.600
12306	793.600
12891	793.600
11485	793.700
12256	793.700
12369	793.700
13300	793.700
13476	793.700
13487	793.700
12074	793.800
12226	793.800
12282	793.800
12631	793.800
13049	793.800
13081	793.800
13193	793.800
13221	793.800
13268	793.800
13310	793.800
11772	793.900
12163	793.900
12290	793.900
12474	793.900
12525	793.900
12643	793.900
12669	793.900
12752	793.900
13312	793.900
11412	794.000
12139	794.000
12205	794.000
12748	794.000
13072	794.000
13273	794.000
13307	794.000
12045	794.100
12488	794.100
12535	794.100
13285	794.100
13395	794.100
11382	794.200
11673	794.200
11889	794.200
12029	794.200
12537	794.200
12614	794.200
12874	794.200
13463	794.200
11919	794.300
11973	794.300
12302	794.300
13032	794.300
13294	794.300
13372	794.300
13427	794.300
11311	794.400
11358	794.400
11437	794.400
11558	794.400
11849	794.400
12789	794.400
12895	794.400
12905	794.400
12981	794.400
13060	794.400
13070	794.400
13211	794.400
13311	794.400
13440	794.400
11413	794.500
11899	794.500
12292	794.500
13009	794.500
13321	794.500
11346	794.600
11435	794.600
11456	794.600
11567	794.600
11625	794.600
11877	794.600
11946	794.600
12265	794.600
12277	794.600
12463	794.600
12495	794.600
13169	794.600
13370	794.600
11398	794.700
11847	794.700
11938	794.700
11954	794.700
11984	794.700
12023	794.700
12961	794.700
13118	794.700
13323	794.700
13433	794.700
11532	794.800
11620	794.800
11830	794.800
12318	794.800
12367	794.800
12384	794.800
12424	794.800
12522	794.800
12881	794.800
12994	794.800
13164	794.800
13308	794.800
11338	794.900
11785	794.900
12078	794.900
12145	794.900
12151	794.900
12171	794.900
12389	794.900
12523	794.900
12877	794.900
12947	794.900
12960	794.900
13133	794.900
13198	794.900
13314	794.900
13334	794.900
11323	795.000
11325	795.000
11609	795.000
11808	795.000
11869	795.000
11892	795.000
11907	795.000
12006	795.000
12063	795.000
12195	795.000
12230	795.000
12289	795.000
12987	795.000
12989	795.000
13155	795.000
13320	795.000
13340	795.000
11493	795.100
11525	795.100
11920	795.100
11967	795.100
12047	795.100
12060	795.100
12146	795.100
12158	795.100
12216	795.100
12387	795.100
12508	795.100
12613	795.100
12811	795.100
12920	795.100
12938	795.100
13075	795.100
13404	795.100
13430	795.100
13449	795.100
13478	795.100
11381	795.200
11553	795.200
11646	795.200
11736	795.200
11750	795.200
11760	795.200
11860	795.200
12399	795.200
12494	795.200
12745	795.200
12868	795.200
12869	795.200
12898	795.200
13047	795.200
13276	795.200
13318	795.200
13349	795.200
13371	795.200
13479	795.200
11434	795.300
11508	795.300
11607	795.300
11820	795.300
11913	795.300
12004	795.300
12152	795.300
12178	795.300
12324	795.300
12475	795.300
12491	795.300
12554	795.300
12696	795.300
12730	795.300
12855	795.300
12928	795.300
13000	795.300
13185	795.300
13217	795.300
13469	795.300
13472	795.300
11588	795.400
11964	795.400
12122	795.400
12126	795.400
12336	795.400
12572	795.400
12763	795.400
12957	795.400
12959	795.400
13016	795.400
13094	795.400
13116	795.400
13355	795.400
13357	795.400
13398	795.400
11443	795.500
11515	795.500
11648	795.500
11679	795.500
11683	795.500
12270	795.500
12591	795.500
12815	795.500
12823	795.500
13146	795.500
13158	795.500
13317	795.500
13455	795.500
11351	795.600
11401	795.600
11478	795.600
11500	795.600
11579	795.600
11850	795.600
12055	795.600
12064	795.600
12174	795.600
12213	795.600
12341	795.600
12500	795.600
12814	795.600
13111	795.600
13223	795.600
13257	795.600
11622	795.700
11631	795.700
12164	795.700
12197	795.700
12272	795.700
12439	795.700
12578	795.700
12620	795.700
12635	795.700
12793	795.700
13077	795.700
13196	795.700
13464	795.700
11479	795.800
11548	795.800
12051	795.800
12209	795.800
12218	795.800
12430	795.800
12709	795.800
12826	795.800
12883	795.800
13141	795.800
13222	795.800
11369	795.900
11870	795.900
11886	795.900
12015	795.900
12766	795.900
12956	795.900
12984	795.900
13015	795.900
13338	795.900
13356	795.900
13418	795.900
11512	796.000
11589	796.000
11928	796.000
12017	796.000
12770	796.000
12772	796.000
12847	796.000
12888	796.000
13096	796.000
13206	796.000
13400	796.000
11347	796.100
11383	796.100
11667	796.100
11685	796.100
11702	796.100
11783	796.100
11871	796.100
12138	796.100
12177	796.100
12352	796.100
12534	796.100
12627	796.100
12670	796.100
13168	796.100
13231	796.100
11364	796.200
11703	796.200
11781	796.200
12457	796.200
13002	796.200
13140	796.200
13364	796.200
13385	796.200
13412	796.200
13437	796.200
13453	796.200
11444	796.300
11574	796.300
11859	796.300
12207	796.300
12592	796.300
12658	796.300
12904	796.300
11393	796.400
11510	796.400
11578	796.400
11581	796.400
11697	796.400
11701	796.400
11725	796.400
11727	796.400
11790	796.400
12076	796.400
12362	796.400
12797	796.400
12848	796.400
12884	796.400
12973	796.400
13050	796.400
13182	796.400
13209	796.400
13405	796.400
11355	796.500
11420	796.500
11422	796.500
11693	796.500
11759	796.500
11834	796.500
11958	796.500
12220	796.500
12544	796.500
12674	796.500
12926	796.500
13028	796.500
13130	796.500
13131	796.500
11296	796.600
11458	796.600
11749	796.600
11789	796.600
11814	796.600
12258	796.600
12317	796.600
12365	796.600
12454	796.600
12499	796.600
12653	796.600
12655	796.600
12711	796.600
12802	796.600
13482	796.600
11324	796.700
11363	796.700
11496	796.700
12186	796.700
12330	796.700
12433	796.700
12504	796.700
12619	796.700
12667	796.700
13188	796.700
13415	796.700
13447	796.700
11318	796.800
11664	796.800
11732	796.800
12582	796.800
12583	796.800
12617	796.800
12735	796.800
12751	796.800
12774	796.800
12902	796.800
12937	796.800
12945	796.800
11340	796.900
11357	796.900
11407	796.900
11441	796.900
11476	796.900
11492	796.900
11823	796.900
11839	796.900
11933	796.900
12054	796.900
12176	796.900
12222	796.900
12293	796.900
12338	796.900
12445	796.900
12507	796.900
12561	796.900
12568	796.900
12785	796.900
13176	796.900
13203	796.900
13341	796.900
13481	796.900
11480	797.000
11997	797.000
12043	797.000
12240	797.000
12274	797.000
12426	797.000
12517	797.000
12628	797.000
12739	797.000
13048	797.000
13087	797.000
13190	797.000
13201	797.000
13337	797.000
11365	797.100
11415	797.100
11470	797.100
11601	797.100
11627	797.100
11669	797.100
11706	797.100
11748	797.100
11887	797.100
11918	797.100
11923	797.100
12331	797.100
12411	797.100
12603	797.100
12757	797.100
12765	797.100
13044	797.100
13046	797.100
13179	797.100
13265	797.100
13319	797.100
13467	797.100
11344	797.200
11396	797.200
11678	797.200
11691	797.200
12071	797.200
12511	797.200
12528	797.200
12676	797.200
12712	797.200
12810	797.200
12978	797.200
13397	797.200
11309	797.300
11376	797.300
11504	797.300
11608	797.300
11644	797.300
11649	797.300
11672	797.300
11721	797.300
11810	797.300
11941	797.300
11981	797.300
12072	797.300
12211	797.300
12489	797.300
12638	797.300
12677	797.300
12680	797.300
12698	797.300
12782	797.300
12921	797.300
12939	797.300
13228	797.300
13445	797.300
13466	797.300
11656	797.400
12085	797.400
12263	797.400
12382	797.400
12496	797.400
12506	797.400
12703	797.400
13019	797.400
13086	797.400
13095	797.400
13247	797.400
13259	797.400
13277	797.400
13360	797.400
11301	797.500
11319	797.500
11447	797.500
11708	797.500
11729	797.500
11867	797.500
11890	797.500
11921	797.500
12013	797.500
12111	797.500
12278	797.500
12326	797.500
12481	797.500
12744	797.500
12829	797.500
13013	797.500
13121	797.500
13230	797.500
13302	797.500
13361	797.500
13407	797.500
11310	797.600
11426	797.600
11467	797.600
11632	797.600
11641	797.600
11670	797.600
11734	797.600
11763	797.600
11787	797.600
11969	797.600
11999	797.600
12046	797.600
12154	797.600
12187	797.600
12566	797.600
12851	797.600
12872	797.600
12967	797.600
13003	797.600
13012	797.600
13148	797.600
13163	797.600
13186	797.600
13293	797.600
13456	797.600
11540	797.700
11590	797.700
11696	797.700
11733	797.700
12018	797.700
12027	797.700
12061	797.700
12077	797.700
12107	797.700
12118	797.700
12148	797.700
12153	797.700
12172	797.700
12179	797.700
12190	797.700
12217	797.700
12231	797.700
12239	797.700
12334	797.700
12413	797.700
12662	797.700
12726	797.700
12775	797.700
12997	797.700
13103	797.700
13153	797.700
13180	797.700
13286	797.700
13287	797.700
13347	797.700
13363	797.700
13377	797.700
11385	797.800
11498	797.800
11597	797.800
11605	797.800
11647	797.800
11806	797.800
11838	797.800
11864	797.800
11868	797.800
11986	797.800
12009	797.800
12342	797.800
12349	797.800
12375	797.800
12390	797.800
12580	797.800
12704	797.800
12754	797.800
12809	797.800
12914	797.800
13082	797.800
13243	797.800
13280	797.800
13420	797.800
11394	797.900
11594	797.900
11651	797.900
11713	797.900
11874	797.900
11926	797.900
12062	797.900
12104	797.900
12525	797.900
12607	797.900
12684	797.900
12778	797.900
12893	797.900
12965	797.900
13097	797.900
13195	797.900
13299	797.900
11380	798.000
11390	798.000
11445	798.000
11495	798.000
11743	798.000
11755	798.000
11776	798.000
11942	798.000
12000	798.000
12117	798.000
12119	798.000
12351	798.000
12386	798.000
12404	798.000
12570	798.000
12651	798.000
12683	798.000
12773	798.000
12859	798.000
12944	798.000
13017	798.000
13174	798.000
13215	798.000
13457	798.000
11331	798.100
11367	798.100
11427	798.100
11552	798.100
11570	798.100
11658	798.100
11660	798.100
11819	798.100
12005	798.100
12144	798.100
12438	798.100
12529	798.100
12672	798.100
12725	798.100
12879	798.100
12912	798.100
13078	798.100
13127	798.100
13273	798.100
11408	798.200
11414	798.200
11560	798.200
11812	798.200
11832	798.200
11901	798.200
12045	798.200
12166	798.200
12236	798.200
12247	798.200
12569	798.200
12705	798.200
12749	798.200
12831	798.200
12850	798.200
13051	798.200
13151	798.200
13241	798.200
11451	798.300
11468	798.300
11559	798.300
11786	798.300
11835	798.300
11975	798.300
12019	798.300
12029	798.300
12551	798.300
12675	798.300
12708	798.300
12747	798.300
12932	798.300
13137	798.300
13161	798.300
13267	798.300
13278	798.300
13322	798.300
13331	798.300
13354	798.300
13396	798.300
13458	798.300
11455	798.400
11576	798.400
11652	798.400
11653	798.400
11746	798.400
11863	798.400
11891	798.400
11896	798.400
12012	798.400
12159	798.400
12279	798.400
12373	798.400
12407	798.400
12414	798.400
12512	798.400
12688	798.400
12723	798.400
12924	798.400
12971	798.400
13122	798.400
13225	798.400
11332	798.500
11624	798.500
11626	798.500
11677	798.500
12021	798.500
12048	798.500
12074	798.500
12219	798.500
12244	798.500
12442	798.500
12462	798.500
12501	798.500
12545	798.500
12835	798.500
12865	798.500
13125	798.500
13181	798.500
11317	798.600
11538	798.600
11950	798.600
12123	798.600
12304	798.600
12359	798.600
12467	798.600
12518	798.600
12523	798.600
12618	798.600
12654	798.600
12905	798.600
13023	798.600
13237	798.600
11782	798.700
11930	798.700
12644	798.700
13072	798.700
13350	798.700
11613	798.800
12189	798.800
12630	798.800
12866	798.800
11680	798.900
12235	798.900
12720	798.900
12873	798.900
13093	798.900
13154	798.900
13336	798.900
13381	798.900
11876	799.000
12102	799.000
12415	799.000
12640	799.000
13113	799.000
13404	799.000
11330	799.100
11430	799.100
12194	799.100
12391	799.100
13006	799.100
13108	799.100
13155	799.100
12830	799.200
11469	799.300
11768	799.300
11907	799.300
12335	799.300
12401	799.300
12485	799.300
12584	799.300
13152	799.300
13427	799.300
11546	799.400
11569	799.400
11628	799.400
11875	799.400
12126	799.400
12262	799.400
12389	799.400
12587	799.400
12740	799.400
12982	799.400
13345	799.400
13479	799.400
11346	799.500
12023	799.500
12228	799.500
12294	799.500
12535	799.500
12589	799.500
12823	799.500
12876	799.500
13021	799.500
13226	799.500
11405	799.600
11429	799.600
11517	799.600
11522	799.600
11764	799.600
11784	799.600
12374	799.600
12503	799.600
12645	799.600
12706	799.600
12822	799.600
12843	799.600
12972	799.600
13027	799.600
13166	799.600
13185	799.600
13388	799.600
11307	799.700
11976	799.700
12031	799.700
12101	799.700
12406	799.700
12594	799.700
12600	799.700
12730	799.700
12836	799.700
12956	799.700
13106	799.700
13164	799.700
13193	799.700
13304	799.700
11355	799.800
11610	799.800
11836	799.800
11841	799.800
11914	799.800
12087	799.800
12243	799.800
12319	799.800
12474	799.800
12522	799.800
12532	799.800
12563	799.800
12586	799.800
13069	799.800
13088	799.800
13214	799.800
13268	799.800
13448	799.800
11526	799.900
11541	799.900
11636	799.900
11775	799.900
11888	799.900
11938	799.900
11946	799.900
12192	799.900
12292	799.900
12417	799.900
12451	799.900
12482	799.900
12890	799.900
13038	799.900
13292	799.900
13370	799.900
13441	799.900
11348	800.000
11674	800.000
11777	800.000
11785	800.000
11816	800.000
11860	800.000
12171	800.000
12372	800.000
12471	800.000
12513	800.000
12577	800.000
12671	800.000
12806	800.000
12834	800.000
12946	800.000
12950	800.000
13075	800.000
13076	800.000
13094	800.000
13216	800.000
13298	800.000
13335	800.000
13338	800.000
13421	800.000
11316	800.100
11350	800.100
11435	800.100
11567	800.100
11588	800.100
11736	800.100
11772	800.100
11801	800.100
11883	800.100
11963	800.100
11987	800.100
12083	800.100
12300	800.100
12301	800.100
12435	800.100
12470	800.100
12554	800.100
12558	800.100
12869	800.100
13064	800.100
13077	800.100
13160	800.100
13198	800.100
13272	800.100
13334	800.100
11305	800.200
11399	800.200
11406	800.200
11412	800.200
11563	800.200
11700	800.200
11720	800.200
11913	800.200
11961	800.200
11996	800.200
12036	800.200
12097	800.200
12135	800.200
12230	800.200
12295	800.200
12302	800.200
12323	800.200
12476	800.200
12534	800.200
12556	800.200
12660	800.200
12665	800.200
12679	800.200
13070	800.200
13118	800.200
13168	800.200
13389	800.200
11345	800.300
11545	800.300
11753	800.300
11765	800.300
11927	800.300
12003	800.300
12015	800.300
12024	800.300
12025	800.300
12124	800.300
12157	800.300
12165	800.300
12256	800.300
12380	800.300
12491	800.300
12515	800.300
12521	800.300
12538	800.300
12631	800.300
12685	800.300
12746	800.300
13061	800.300
13067	800.300
13134	800.300
13266	800.300
13296	800.300
13356	800.300
13394	800.300
13411	800.300
13487	800.300
11308	800.400
11387	800.400
11511	800.400
11585	800.400
11833	800.400
11892	800.400
11904	800.400
11940	800.400
11960	800.400
11964	800.400
12089	800.400
12106	800.400
12145	800.400
12167	800.400
12226	800.400
12277	800.400
12290	800.400
12320	800.400
12361	800.400
12393	800.400
12424	800.400
12729	800.400
12753	800.400
12789	800.400
12841	800.400
12858	800.400
12909	800.400
12930	800.400
13052	800.400
13071	800.400
13217	800.400
13231	800.400
13233	800.400
13318	800.400
13353	800.400
13368	800.400
13410	800.400
13480	800.400
11311	800.500
11452	800.500
11456	800.500
11478	800.500
11483	800.500
11591	800.500
11593	800.500
11617	800.500
11646	800.500
11682	800.500
11783	800.500
11790	800.500
11803	800.500
11849	800.500
11889	800.500
12066	800.500
12069	800.500
12081	800.500
12114	800.500
12185	800.500
12200	800.500
12264	800.500
12313	800.500
12318	800.500
12410	800.500
12634	800.500
12759	800.500
12815	800.500
12941	800.500
12980	800.500
12984	800.500
13054	800.500
13158	800.500
13176	800.500
13212	800.500
13227	800.500
13262	800.500
13399	800.500
13474	800.500
13476	800.500
13484	800.500
11392	800.600
11425	800.600
11582	800.600
11631	800.600
11665	800.600
11679	800.600
11691	800.600
11745	800.600
11809	800.600
12051	800.600
12197	800.600
12275	800.600
12284	800.600
12453	800.600
12542	800.600
12624	800.600
12629	800.600
12643	800.600
12647	800.600
12722	800.600
12814	800.600
12854	800.600
12878	800.600
12883	800.600
12947	800.600
12961	800.600
12992	800.600
13020	800.600
13028	800.600
13059	800.600
13245	800.600
13281	800.600
13285	800.600
13455	800.600
13465	800.600
11338	800.700
11402	800.700
11423	800.700
11437	800.700
11712	800.700
11731	800.700
11903	800.700
11929	800.700
11970	800.700
11984	800.700
12055	800.700
12058	800.700
12282	800.700
12291	800.700
12350	800.700
12369	800.700
12420	800.700
12603	800.700
12622	800.700
12667	800.700
12728	800.700
12777	800.700
12794	800.700
12875	800.700
12925	800.700
13050	800.700
13115	800.700
13142	800.700
13147	800.700
13156	800.700
13157	800.700
13171	800.700
13222	800.700
13246	800.700
13264	800.700
13312	800.700
13314	800.700
13329	800.700
13351	800.700
13398	800.700
13405	800.700
13416	800.700
13438	800.700
11314	800.800
11379	800.800
11553	800.800
11598	800.800
11639	800.800
11654	800.800
11690	800.800
11730	800.800
11740	800.800
11778	800.800
11808	800.800
11850	800.800
11871	800.800
11881	800.800
12002	800.800
12007	800.800
12030	800.800
12032	800.800
12139	800.800
12364	800.800
12419	800.800
12504	800.800
12656	800.800
12664	800.800
12786	800.800
12848	800.800
12849	800.800
12877	800.800
12900	800.800
12951	800.800
13207	800.800
13252	800.800
13258	800.800
13294	800.800
13357	800.800
13364	800.800
13473	800.800
11347	800.900
11368	800.900
11411	800.900
11458	800.900
11472	800.900
11506	800.900
11536	800.900
11565	800.900
11603	800.900
11725	800.900
11767	800.900
11870	800.900
11917	800.900
11933	800.900
11947	800.900
12065	800.900
12181	800.900
12199	800.900
12215	800.900
12360	800.900
12762	800.900
12845	800.900
12935	800.900
12939	800.900
13083	800.900
13201	800.900
13290	800.900
13417	800.900
13485	800.900
11401	801.000
11521	801.000
11548	801.000
11615	801.000
11686	801.000
11747	801.000
11781	801.000
11787	801.000
12060	801.000
12191	801.000
12198	801.000
12240	801.000
12257	801.000
12280	801.000
12309	801.000
12384	801.000
12434	801.000
12448	801.000
12537	801.000
12576	801.000
12610	801.000
12642	801.000
12748	801.000
12751	801.000
12793	801.000
12796	801.000
12861	801.000
12937	801.000
13003	801.000
13032	801.000
13046	801.000
13135	801.000
13140	801.000
13167	801.000
13172	801.000
13209	801.000
13274	801.000
13301	801.000
13308	801.000
13319	801.000
13325	801.000
13372	801.000
13422	801.000
11315	801.100
11369	801.100
11396	801.100
11457	801.100
11484	801.100
11648	801.100
11664	801.100
11667	801.100
11687	801.100
11834	801.100
11852	801.100
11951	801.100
11968	801.100
12067	801.100
12158	801.100
12160	801.100
12168	801.100
12174	801.100
12207	801.100
12311	801.100
12367	801.100
12387	801.100
12533	801.100
12562	801.100
12565	801.100
12591	801.100
12598	801.100
12620	801.100
12641	801.100
12684	801.100
12709	801.100
12811	801.100
12826	801.100
12974	801.100
13009	801.100
13213	801.100
13309	801.100
13327	801.100
13371	801.100
13401	801.100
13424	801.100
13449	801.100
13453	801.100
13463	801.100
13481	801.100
11382	801.200
11393	801.200
11420	801.200
11434	801.200
11470	801.200
11482	801.200
11539	801.200
11549	801.200
11609	801.200
11729	801.200
11742	801.200
11856	801.200
11906	801.200
11954	801.200
12086	801.200
12118	801.200
12147	801.200
12211	801.200
12231	801.200
12286	801.200
12441	801.200
12450	801.200
12494	801.200
12592	801.200
12635	801.200
12735	801.200
12808	801.200
12931	801.200
12985	801.200
13047	801.200
13116	801.200
13344	801.200
13361	801.200
13367	801.200
13369	801.200
13426	801.200
13483	801.200
11424	801.300
11481	801.300
11543	801.300
11642	801.300
11670	801.300
11807	801.300
11813	801.300
11980	801.300
12006	801.300
12008	801.300
12108	801.300
12116	801.300
12206	801.300
12260	801.300
12336	801.300
12353	801.300
12376	801.300
12555	801.300
12639	801.300
12689	801.300
12775	801.300
12807	801.300
12851	801.300
12859	801.300
12898	801.300
12959	801.300
12967	801.300
12994	801.300
13012	801.300
13098	801.300
13141	801.300
13165	801.300
13173	801.300
13183	801.300
13200	801.300
13223	801.300
13236	801.300
13259	801.300
13343	801.300
13348	801.300
13375	801.300
13397	801.300
13477	801.300
11333	801.400
11343	801.400
11374	801.400
11421	801.400
11459	801.400
11508	801.400
11579	801.400
11650	801.400
11683	801.400
11703	801.400
11759	801.400
11804	801.400
11840	801.400
11853	801.400
11855	801.400
11905	801.400
11919	801.400
11949	801.400
11978	801.400
12027	801.400
12076	801.400
12100	801.400
12110	801.400
12136	801.400
12146	801.400
12212	801.400
12216	801.400
12225	801.400
12298	801.400
12306	801.400
12340	801.400
12351	801.400
12354	801.400
12382	801.400
12465	801.400
12484	801.400
12615	801.400
12649	801.400
12757	801.400
12871	801.400
12874	801.400
12895	801.400
12918	801.400
13008	801.400
13022	801.400
13049	801.400
13058	801.400
13080	801.400
13103	801.400
13131	801.400
13159	801.400
13170	801.400
13184	801.400
13190	801.400
13300	801.400
13360	801.400
13425	801.400
11365	801.500
11413	801.500
11422	801.500
11441	801.500
11446	801.500
11485	801.500
11498	801.500
11581	801.500
11607	801.500
11658	801.500
11662	801.500
11713	801.500
11722	801.500
11726	801.500
11727	801.500
11737	801.500
11763	801.500
11838	801.500
11886	801.500
11912	801.500
11945	801.500
11981	801.500
12057	801.500
12092	801.500
12129	801.500
12172	801.500
12224	801.500
12429	801.500
12496	801.500
12514	801.500
12527	801.500
12544	801.500
12698	801.500
12733	801.500
12742	801.500
12752	801.500
12846	801.500
12856	801.500
12868	801.500
12872	801.500
12929	801.500
12944	801.500
12978	801.500
13206	801.500
13320	801.500
13377	801.500
13408	801.500
13462	801.500
11319	801.600
11349	801.600
11359	801.600
11384	801.600
11431	801.600
11454	801.600
11474	801.600
11480	801.600
11487	801.600
11500	801.600
11532	801.600
11597	801.600
11637	801.600
11705	801.600
11756	801.600
11830	801.600
11884	801.600
11885	801.600
11890	801.600
11922	801.600
11941	801.600
12068	801.600
12072	801.600
12085	801.600
12105	801.600
12149	801.600
12178	801.600
12254	801.600
12288	801.600
12334	801.600
12430	801.600
12455	801.600
12493	801.600
12611	801.600
12626	801.600
12655	801.600
12688	801.600
12710	801.600
12781	801.600
12798	801.600
12804	801.600
12885	801.600
12997	801.600
13014	801.600
13035	801.600
13120	801.600
13208	801.600
13287	801.600
13305	801.600
13317	801.600
13347	801.600
13403	801.600
13445	801.600
13468	801.600
11378	801.700
11385	801.700
11527	801.700
11564	801.700
11655	801.700
11708	801.700
11774	801.700
11802	801.700
11810	801.700
11882	801.700
12045	801.700
12050	801.700
12070	801.700
12170	801.700
12205	801.700
12293	801.700
12345	801.700
12347	801.700
12349	801.700
12386	801.700
12446	801.700
12463	801.700
12507	801.700
12595	801.700
12606	801.700
12638	801.700
12705	801.700
12712	801.700
12716	801.700
12763	801.700
12797	801.700
12809	801.700
12891	801.700
12896	801.700
12904	801.700
13082	801.700
13129	801.700
13130	801.700
13220	801.700
13257	801.700
13276	801.700
13310	801.700
13409	801.700
13433	801.700
13464	801.700
11301	801.800
11344	801.800
11397	801.800
11398	801.800
11428	801.800
11444	801.800
11447	801.800
11451	801.800
11464	801.800
11510	801.800
11566	801.800
11573	801.800
11589	801.800
11599	801.800
11611	801.800
11623	801.800
11629	801.800
11671	801.800
11692	801.800
11717	801.800
11718	801.800
11734	801.800
11806	801.800
11843	801.800
11921	801.800
11942	801.800
11958	801.800
11999	801.800
12017	801.800
12042	801.800
12091	801.800
12095	801.800
12130	801.800
12133	801.800
12148	801.800
12163	801.800
12204	801.800
12218	801.800
12317	801.800
12324	801.800
12331	801.800
12341	801.800
12378	801.800
12395	801.800
12422	801.800
12437	801.800
12462	801.800
12530	801.800
12536	801.800
12553	801.800
12627	801.800
12637	801.800
12703	801.800
12727	801.800
12750	801.800
12774	801.800
12778	801.800
12783	801.800
12787	801.800
12810	801.800
12812	801.800
12881	801.800
12882	801.800
12907	801.800
12922	801.800
12923	801.800
13042	801.800
13060	801.800
13097	801.800
13182	801.800
13251	801.800
13261	801.800
13270	801.800
13321	801.800
13324	801.800
13331	801.800
13340	801.800
13407	801.800
13412	801.800
13430	801.800
13458	801.800
11323	801.900
11332	801.900
11354	801.900
11367	801.900
11419	801.900
11479	801.900
11489	801.900
11493	801.900
11515	801.900
11524	801.900
11538	801.900
11540	801.900
11544	801.900
11580	801.900
11605	801.900
11608	801.900
11620	801.900
11626	801.900
11644	801.900
11652	801.900
11669	801.900
11678	801.900
11684	801.900
11696	801.900
11707	801.900
11760	801.900
11761	801.900
11805	801.900
11859	801.900
11868	801.900
11880	801.900
11932	801.900
11967	801.900
11997	801.900
12077	801.900
12155	801.900
12156	801.900
12176	801.900
12252	801.900
12359	801.900
12432	801.900
12472	801.900
12488	801.900
12505	801.900
12520	801.900
12539	801.900
12545	801.900
12573	801.900
12644	801.900
12658	801.900
12663	801.900
12683	801.900
12717	801.900
12738	801.900
12739	801.900
12855	801.900
12863	801.900
12889	801.900
12913	801.900
12957	801.900
12977	801.900
13001	801.900
13013	801.900
13019	801.900
13079	801.900
13081	801.900
13095	801.900
13100	801.900
13112	801.900
13180	801.900
13181	801.900
13232	801.900
13243	801.900
13267	801.900
13333	801.900
13337	801.900
13349	801.900
13380	801.900
13391	801.900
13469	801.900
11299	802.000
11339	802.000
11360	802.000
11407	802.000
11408	802.000
11495	802.000
11504	802.000
11507	802.000
11558	802.000
11627	802.000
11653	802.000
11677	802.000
11694	802.000
11698	802.000
11769	802.000
11814	802.000
11820	802.000
11823	802.000
11839	802.000
11857	802.000
11891	802.000
12010	802.000
12046	802.000
12056	802.000
12121	802.000
12123	802.000
12202	802.000
12220	802.000
12222	802.000
12237	802.000
12322	802.000
12337	802.000
12373	802.000
12405	802.000
12413	802.000
12416	802.000
12418	802.000
12445	802.000
12489	802.000
12499	802.000
12500	802.000
12523	802.000
12525	802.000
12529	802.000
12541	802.000
12547	802.000
12605	802.000
12670	802.000
12680	802.000
12681	802.000
12725	802.000
12782	802.000
12832	802.000
12847	802.000
12936	802.000
12955	802.000
12960	802.000
13000	802.000
13002	802.000
13023	802.000
13036	802.000
13044	802.000
13132	802.000
13150	802.000
13161	802.000
13202	802.000
13204	802.000
13221	802.000
13326	802.000
13328	802.000
13363	802.000
13420	802.000
13472	802.000
11302	802.100
11324	802.100
11331	802.100
11341	802.100
11381	802.100
11438	802.100
11449	802.100
11477	802.100
11512	802.100
11570	802.100
11577	802.100
11601	802.100
11621	802.100
11625	802.100
11643	802.100
11651	802.100
11673	802.100
11748	802.100
11752	802.100
11762	802.100
11792	802.100
11824	802.100
11869	802.100
11926	802.100
11935	802.100
11977	802.100
11990	802.100
12001	802.100
12034	802.100
12062	802.100
12064	802.100
12098	802.100
12103	802.100
12107	802.100
12109	802.100
12119	802.100
12144	802.100
12161	802.100
12183	802.100
12186	802.100
12189	802.100
12248	802.100
12338	802.100
12342	802.100
12362	802.100
12388	802.100
12407	802.100
12408	802.100
12411	802.100
12439	802.100
12460	802.100
12461	802.100
12467	802.100
12479	802.100
12506	802.100
12511	802.100
12568	802.100
12569	802.100
12582	802.100
12597	802.100
12607	802.100
12609	802.100
12614	802.100
12632	802.100
12648	802.100
12702	802.100
12704	802.100
12723	802.100
12743	802.100
12749	802.100
12765	802.100
12772	802.100
12805	802.100
12813	802.100
12817	802.100
12824	802.100
12829	802.100
12892	802.100
12912	802.100
12914	802.100
12945	802.100
13017	802.100
13041	802.100
13091	802.100
13122	802.100
13148	802.100
13195	802.100
13197	802.100
13203	802.100
13211	802.100
13273	802.100
13286	802.100
13303	802.100
13323	802.100
13336	802.100
13358	802.100
13387	802.100
13423	802.100
11306	802.200
11364	802.200
11416	802.200
11445	802.200
11463	802.200
11465	802.200
11476	802.200
11509	802.200
11537	802.200
11574	802.200
11586	802.200
11595	802.200
11693	802.200
11702	802.200
11716	802.200
11721	802.200
11741	802.200
11770	802.200
11818	802.200
11867	802.200
11899	802.200
11902	802.200
11955	802.200
11989	802.200
12004	802.200
12039	802.200
12071	802.200
12112	802.200
12122	802.200
12134	802.200
12151	802.200
12154	802.200
12159	802.200
12177	802.200
12182	802.200
12187	802.200
12195	802.200
12201	802.200
12203	802.200
12209	802.200
12213	802.200
12233	802.200
12239	802.200
12328	802.200
12346	802.200
12396	802.200
12475	802.200
12480	802.200
12481	802.200
12580	802.200
12602	802.200
12616	802.200
12617	802.200
12625	802.200
12630	802.200
12653	802.200
12672	802.200
12675	802.200
12708	802.200
12761	802.200
12802	802.200
12831	802.200
12865	802.200
12888	802.200
12933	802.200
12989	802.200
13048	802.200
13063	802.200
13117	802.200
13127	802.200
13133	802.200
13146	802.200
13151	802.200
13162	802.200
13177	802.200
13179	802.200
13228	802.200
13271	802.200
13277	802.200
13295	802.200
13302	802.200
13306	802.200
13346	802.200
13396	802.200
13466	802.200
11296	802.300
11300	802.300
11337	802.300
11372	802.300
11394	802.300
11395	802.300
11409	802.300
11468	802.300
11475	802.300
11492	802.300
11494	802.300
11497	802.300
11501	802.300
11516	802.300
11562	802.300
11583	802.300
11606	802.300
11672	802.300
11680	802.300
11685	802.300
11695	802.300
11701	802.300
11750	802.300
11754	802.300
11766	802.300
11776	802.300
11788	802.300
11817	802.300
11835	802.300
11846	802.300
11877	802.300
11969	802.300
11986	802.300
11998	802.300
12029	802.300
12061	802.300
12104	802.300
12125	802.300
12131	802.300
12166	802.300
12214	802.300
12249	802.300
12270	802.300
12385	802.300
12438	802.300
12442	802.300
12457	802.300
12473	802.300
12570	802.300
12572	802.300
12588	802.300
12612	802.300
12662	802.300
12669	802.300
12747	802.300
12756	802.300
12837	802.300
12842	802.300
12866	802.300
12897	802.300
12902	802.300
12921	802.300
12943	802.300
13040	802.300
13074	802.300
13101	802.300
13121	802.300
13128	802.300
13169	802.300
13186	802.300
13196	802.300
13256	802.300
13269	802.300
13373	802.300
13415	802.300
13459	802.300
13482	802.300
11297	802.400
11318	802.400
11325	802.400
11330	802.400
11335	802.400
11375	802.400
11400	802.400
11404	802.400
11443	802.400
11518	802.400
11550	802.400
11559	802.400
11619	802.400
11622	802.400
11624	802.400
11706	802.400
11719	802.400
11739	802.400
11743	802.400
11746	802.400
11812	802.400
11825	802.400
11826	802.400
11829	802.400
11862	802.400
11863	802.400
11873	802.400
11887	802.400
11897	802.400
11909	802.400
11924	802.400
11948	802.400
11950	802.400
11956	802.400
11957	802.400
11962	802.400
11966	802.400
11983	802.400
12009	802.400
12012	802.400
12013	802.400
12016	802.400
12021	802.400
12037	802.400
12044	802.400
12053	802.400
12099	802.400
12111	802.400
12164	802.400
12169	802.400
12180	802.400
12184	802.400
12190	802.400
12234	802.400
12261	802.400
12263	802.400
12265	802.400
12278	802.400
12281	802.400
12285	802.400
12289	802.400
12325	802.400
12339	802.400
12352	802.400
12368	802.400
12377	802.400
12392	802.400
12399	802.400
12412	802.400
12415	802.400
12436	802.400
12501	802.400
12512	802.400
12528	802.400
12548	802.400
12583	802.400
12596	802.400
12628	802.400
12700	802.400
12744	802.400
12788	802.400
12790	802.400
12835	802.400
12838	802.400
12934	802.400
12971	802.400
12973	802.400
12979	802.400
12981	802.400
13055	802.400
13109	802.400
13124	802.400
13153	802.400
13278	802.400
13282	802.400
13311	802.400
13350	802.400
13359	802.400
13376	802.400
13379	802.400
13385	802.400
13392	802.400
13404	802.400
13428	802.400
13432	802.400
13440	802.400
13461	802.400
13479	802.400
11303	802.500
11342	802.500
11358	802.500
11361	802.500
11390	802.500
11417	802.500
11433	802.500
11499	802.500
11520	802.500
11531	802.500
11613	802.500
11628	802.500
11633	802.500
11649	802.500
11724	802.500
11755	802.500
11795	802.500
11811	802.500
11844	802.500
11847	802.500
11896	802.500
11923	802.500
11939	802.500
11944	802.500
11952	802.500
11975	802.500
11979	802.500
11992	802.500
11993	802.500
12000	802.500
12026	802.500
12075	802.500
12078	802.500
12082	802.500
12096	802.500
12102	802.500
12152	802.500
12208	802.500
12219	802.500
12238	802.500
12251	802.500
12253	802.500
12271	802.500
12314	802.500
12329	802.500
12335	802.500
12343	802.500
12357	802.500
12358	802.500
12375	802.500
12379	802.500
12409	802.500
12414	802.500
12431	802.500
12444	802.500
12447	802.500
12469	802.500
12510	802.500
12552	802.500
12651	802.500
12676	802.500
12678	802.500
12732	802.500
12766	802.500
12823	802.500
12830	802.500
12857	802.500
12870	802.500
12899	802.500
12926	802.500
12964	802.500
12983	802.500
12995	802.500
13006	802.500
13024	802.500
13025	802.500
13037	802.500
13039	802.500
13065	802.500
13086	802.500
13087	802.500
13089	802.500
13090	802.500
13111	802.500
13125	802.500
13163	802.500
13174	802.500
13193	802.500
13210	802.500
13238	802.500
13249	802.500
13289	802.500
13332	802.500
13341	802.500
13429	802.500
13442	802.500
13454	802.500
11317	802.600
11380	802.600
11415	802.600
11427	802.600
11429	802.600
11467	802.600
11522	802.600
11551	802.600
11576	802.600
11594	802.600
11596	802.600
11645	802.600
11733	802.600
11780	802.600
11784	802.600
11822	802.600
11845	802.600
11876	802.600
11879	802.600
11898	802.600
11925	802.600
12014	802.600
12022	802.600
12023	802.600
12031	802.600
12043	802.600
12115	802.600
12126	802.600
12162	802.600
12235	802.600
12241	802.600
12267	802.600
12268	802.600
12273	802.600
12279	802.600
12315	802.600
12321	802.600
12326	802.600
12383	802.600
12454	802.600
12578	802.600
12687	802.600
12693	802.600
12718	802.600
12720	802.600
12737	802.600
12741	802.600
12754	802.600
12785	802.600
12822	802.600
12884	802.600
12886	802.600
12905	802.600
12915	802.600
12924	802.600
12938	802.600
12956	802.600
12982	802.600
13004	802.600
13029	802.600
13031	802.600
13072	802.600
13078	802.600
13137	802.600
13138	802.600
13154	802.600
13185	802.600
13234	802.600
13242	802.600
13253	802.600
13265	802.600
13307	802.600
13395	802.600
13406	802.600
13413	802.600
13434	802.600
13456	802.600
11310	802.700
11321	802.700
11383	802.700
11426	802.700
11455	802.700
11519	802.700
11525	802.700
11552	802.700
11556	802.700
11557	802.700
11575	802.700
11610	802.700
11641	802.700
11659	802.700
11697	802.700
11704	802.700
11757	802.700
11764	802.700
11773	802.700
11797	802.700
11799	802.700
11841	802.700
11854	802.700
11874	802.700
11916	802.700
11988	802.700
12018	802.700
12047	802.700
12094	802.700
12113	802.700
12132	802.700
12138	802.700
12217	802.700
12250	802.700
12255	802.700
12266	802.700
12272	802.700
12330	802.700
12332	802.700
12403	802.700
12425	802.700
12452	802.700
12486	802.700
12497	802.700
12508	802.700
12557	802.700
12563	802.700
12571	802.700
12581	802.700
12599	802.700
12640	802.700
12764	802.700
12843	802.700
12844	802.700
12867	802.700
12893	802.700
12894	802.700
13015	802.700
13016	802.700
13026	802.700
13056	802.700
13084	802.700
13088	802.700
13108	802.700
13188	802.700
13205	802.700
13219	802.700
13247	802.700
13250	802.700
13255	802.700
13299	802.700
13338	802.700
13345	802.700
13381	802.700
13388	802.700
13450	802.700
13467	802.700
13486	802.700
11328	802.800
11329	802.800
11357	802.800
11371	802.800
11490	802.800
11496	802.800
11517	802.800
11555	802.800
11635	802.800
11666	802.800
11744	802.800
11749	802.800
11751	802.800
11785	802.800
11819	802.800
11836	802.800
11837	802.800
11865	802.800
11866	802.800
11930	802.800
11971	802.800
12005	802.800
12040	802.800
12054	802.800
12153	802.800
12188	802.800
12193	802.800
12221	802.800
12223	802.800
12228	802.800
12243	802.800
12246	802.800
12276	802.800
12307	802.800
12355	802.800
12374	802.800
12390	802.800
12404	802.800
12477	802.800
12495	802.800
12516	802.800
12519	802.800
12535	802.800
12561	802.800
12584	802.800
12586	802.800
12618	802.800
12619	802.800
12646	802.800
12674	802.800
12691	802.800
12699	802.800
12755	802.800
12806	802.800
12828	802.800
12834	802.800
12850	802.800
12860	802.800
12928	802.800
12932	802.800
12966	802.800
12975	802.800
13093	802.800
13102	802.800
13106	802.800
13113	802.800
13126	802.800
13152	802.800
13189	802.800
13272	802.800
13322	802.800
13370	802.800
13374	802.800
13418	802.800
11312	802.900
11355	802.900
11414	802.900
11450	802.900
11505	802.900
11529	802.900
11567	802.900
11571	802.900
11590	802.900
11618	802.900
11674	802.900
11732	802.900
11738	802.900
11772	802.900
11777	802.900
11779	802.900
11875	802.900
11914	802.900
11920	802.900
11937	802.900
11938	802.900
11963	802.900
11974	802.900
11976	802.900
11982	802.900
11987	802.900
12020	802.900
12028	802.900
12074	802.900
12140	802.900
12179	802.900
12229	802.900
12247	802.900
12269	802.900
12287	802.900
12294	802.900
12391	802.900
12470	802.900
12482	802.900
12532	802.900
12558	802.900
12560	802.900
12589	802.900
12593	802.900
12659	802.900
12666	802.900
12671	802.900
12713	802.900
12721	802.900
12724	802.900
12731	802.900
12740	802.900
12758	802.900
12770	802.900
12919	802.900
12948	802.900
12954	802.900
12965	802.900
12972	802.900
12976	802.900
12987	802.900
12999	802.900
13030	802.900
13107	802.900
13144	802.900
13198	802.900
13224	802.900
13226	802.900
13254	802.900
13280	802.900
13288	802.900
13293	802.900
13354	802.900
13355	802.900
13393	802.900
13419	802.900
13475	802.900
11320	803.000
11346	803.000
11386	803.000
11410	803.000
11471	803.000
11491	803.000
11636	803.000
11656	803.000
11699	803.000
11736	803.000
11775	803.000
11789	803.000
11832	803.000
11861	803.000
11946	803.000
11996	803.000
12059	803.000
12194	803.000
12196	803.000
12256	803.000
12292	803.000
12296	803.000
12300	803.000
12312	803.000
12316	803.000
12319	803.000
12433	803.000
12458	803.000
12485	803.000
12498	803.000
12513	803.000
12517	803.000
12526	803.000
12534	803.000
12550	803.000
12601	803.000
12604	803.000
12613	803.000
12652	803.000
12665	803.000
12696	803.000
12707	803.000
12711	803.000
12719	803.000
12771	803.000
12773	803.000
12803	803.000
12852	803.000
12853	803.000
12887	803.000
12940	803.000
12942	803.000
12958	803.000
12988	803.000
12991	803.000
13051	803.000
13118	803.000
13143	803.000
13168	803.000
13194	803.000
13214	803.000
13292	803.000
13297	803.000
13298	803.000
13366	803.000
13389	803.000
13437	803.000
11334	803.100
11340	803.100
11348	803.100
11405	803.100
11435	803.100
11569	803.100
11585	803.100
11604	803.100
11614	803.100
11660	803.100
11723	803.100
11728	803.100
11771	803.100
11783	803.100
11786	803.100
11800	803.100
11872	803.100
11900	803.100
11995	803.100
12024	803.100
12087	803.100
12124	803.100
12258	803.100
12295	803.100
12299	803.100
12323	803.100
12389	803.100
12394	803.100
12401	803.100
12423	803.100
12483	803.100
12522	803.100
12524	803.100
12531	803.100
12551	803.100
12654	803.100
12695	803.100
12706	803.100
12714	803.100
12745	803.100
12789	803.100
12839	803.100
12869	803.100
12873	803.100
12879	803.100
12906	803.100
13018	803.100
13068	803.100
13134	803.100
13160	803.100
13164	803.100
13175	803.100
13192	803.100
13215	803.100
13218	803.100
13241	803.100
13260	803.100
13304	803.100
13313	803.100
13362	803.100
13365	803.100
13400	803.100
13421	803.100
13444	803.100
13447	803.100
13452	803.100
13478	803.100
13487	803.100
11304	803.200
11352	803.200
11366	803.200
11388	803.200
11442	803.200
11473	803.200
11526	803.200
11546	803.200
11563	803.200
11634	803.200
11663	803.200
11758	803.200
11765	803.200
11768	803.200
11782	803.200
11791	803.200
11794	803.200
11796	803.200
11801	803.200
11827	803.200
11888	803.200
11907	803.200
11913	803.200
12019	803.200
12025	803.200
12041	803.200
12048	803.200
12083	803.200
12120	803.200
12128	803.200
12135	803.200
12142	803.200
12143	803.200
12167	803.200
12173	803.200
12227	803.200
12277	803.200
12305	803.200
12318	803.200
12380	803.200
12398	803.200
12400	803.200
12443	803.200
12456	803.200
12466	803.200
12474	803.200
12540	803.200
12556	803.200
12567	803.200
12594	803.200
12600	803.200
12645	803.200
12657	803.200
12668	803.200
12690	803.200
12726	803.200
12767	803.200
12780	803.200
12819	803.200
12876	803.200
12990	803.200
13010	803.200
13067	803.200
13069	803.200
13076	803.200
13094	803.200
13105	803.200
13139	803.200
13155	803.200
13199	803.200
13245	803.200
13383	803.200
13427	803.200
13435	803.200
13480	803.200
11399	803.300
11406	803.300
11541	803.300
11560	803.300
11578	803.300
11588	803.300
11668	803.300
11816	803.300
11895	803.300
11934	803.300
12015	803.300
12035	803.300
12036	803.300
12081	803.300
12097	803.300
12114	803.300
12141	803.300
12157	803.300
12200	803.300
12236	803.300
12242	803.300
12301	803.300
12361	803.300
12371	803.300
12372	803.300
12381	803.300
12417	803.300
12464	803.300
12476	803.300
12515	803.300
12543	803.300
12554	803.300
12564	803.300
12590	803.300
12621	803.300
12634	803.300
12760	803.300
12776	803.300
12777	803.300
12840	803.300
12911	803.300
12927	803.300
12941	803.300
12949	803.300
12950	803.300
12984	803.300
13021	803.300
13064	803.300
13077	803.300
13119	803.300
13147	803.300
13166	803.300
13335	803.300
13356	803.300
13441	803.300
13448	803.300
13476	803.300
11350	803.400
11362	803.400
11363	803.400
11387	803.400
11391	803.400
11425	803.400
11483	803.400
11488	803.400
11513	803.400
11561	803.400
11572	803.400
11646	803.400
11715	803.400
11720	803.400
11730	803.400
11828	803.400
11842	803.400
11892	803.400
11928	803.400
11973	803.400
11985	803.400
12066	803.400
12101	803.400
12210	803.400
12230	803.400
12363	803.400
12369	803.400
12370	803.400
12491	803.400
12579	803.400
12629	803.400
12667	803.400
12679	803.400
12685	803.400
12722	803.400
12730	803.400
12769	803.400
12815	803.400
12849	803.400
12864	803.400
12890	803.400
12910	803.400
12946	803.400
12952	803.400
13007	803.400
13028	803.400
13073	803.400
13225	803.400
13248	803.400
13268	803.400
13318	803.400
13330	803.400
13353	803.400
13368	803.400
13410	803.400
13431	803.400
11309	803.500
11322	803.500
11535	803.500
11565	803.500
11632	803.500
11700	803.500
11731	803.500
11850	803.500
11864	803.500
11893	803.500
11959	803.500
11984	803.500
12089	803.500
12090	803.500
12175	803.500
12275	803.500
12304	803.500
12308	803.500
12344	803.500
12435	803.500
12471	803.500
12521	803.500
12566	803.500
12623	803.500
12686	803.500
12858	803.500
12908	803.500
13011	803.500
13045	803.500
13104	803.500
13171	803.500
13176	803.500
13217	803.500
13227	803.500
13237	803.500
13252	803.500
13394	803.500
13405	803.500
13465	803.500
13474	803.500
11308	803.600
11314	803.600
11316	803.600
11368	803.600
11370	803.600
11376	803.600
11396	803.600
11430	803.600
11440	803.600
11521	803.600
11523	803.600
11530	803.600
11536	803.600
11547	803.600
11553	803.600
11591	803.600
11710	803.600
11821	803.600
11904	803.600
11908	803.600
11943	803.600
12030	803.600
12051	803.600
12165	803.600
12171	803.600
12197	803.600
12284	803.600
12313	803.600
12320	803.600
12426	803.600
12504	803.600
12542	803.600
12643	803.600
12729	803.600
12762	803.600
12768	803.600
12793	803.600
12836	803.600
12848	803.600
12875	803.600
12925	803.600
12947	803.600
12962	803.600
12968	803.600
13066	803.600
13290	803.600
13296	803.600
13357	803.600
13411	803.600
13470	803.600
13484	803.600
11379	803.700
11452	803.700
11460	803.700
11503	803.700
11554	803.700
11582	803.700
11647	803.700
11665	803.700
11682	803.700
11833	803.700
11870	803.700
11878	803.700
11961	803.700
11991	803.700
12079	803.700
12080	803.700
12084	803.700
12291	803.700
12311	803.700
12350	803.700
12366	803.700
12393	803.700
12419	803.700
12424	803.700
12509	803.700
12575	803.700
12587	803.700
12951	803.700
12996	803.700
13027	803.700
13099	803.700
13123	803.700
13216	803.700
13258	803.700
13416	803.700
13451	803.700
11336	803.800
11373	803.800
11389	803.800
11511	803.800
11615	803.800
11661	803.800
11686	803.800
11690	803.800
11691	803.800
11745	803.800
11781	803.800
11787	803.800
11790	803.800
11809	803.800
11901	803.800
11947	803.800
11970	803.800
12003	803.800
12007	803.800
12055	803.800
12106	803.800
12145	803.800
12406	803.800
12518	803.800
12537	803.800
12598	803.800
12631	803.800
12636	803.800
12647	803.800
12796	803.800
13071	803.800
13156	803.800
13201	803.800
13231	803.800
13239	803.800
13262	803.800
13266	803.800
13294	803.800
13308	803.800
13378	803.800
13471	803.800
11311	803.900
11356	803.900
11439	803.900
11456	803.900
11469	803.900
11528	803.900
11539	803.900
11542	803.900
11648	803.900
11778	803.900
11834	803.900
11915	803.900
11918	803.900
11929	803.900
11936	803.900
11951	803.900
11968	803.900
12002	803.900
12118	803.900
12191	803.900
12198	803.900
12262	803.900
12302	803.900
12309	803.900
12327	803.900
12468	803.900
12502	803.900
12610	803.900
12664	803.900
12736	803.900
12795	803.900
12931	803.900
12935	803.900
12961	803.900
12963	803.900
12992	803.900
13043	803.900
13047	803.900
13070	803.900
13110	803.900
13135	803.900
13136	803.900
13145	803.900
13158	803.900
13364	803.900
13455	803.900
11382	804.000
11424	804.000
11506	804.000
11598	804.000
11657	804.000
11687	804.000
11815	804.000
11871	804.000
11911	804.000
11933	804.000
11980	804.000
12060	804.000
12108	804.000
12185	804.000
12192	804.000
12240	804.000
12351	804.000
12384	804.000
12591	804.000
12624	804.000
12641	804.000
12642	804.000
12753	804.000
12786	804.000
12801	804.000
12816	804.000
12851	804.000
12859	804.000
12877	804.000
12939	804.000
13003	804.000
13050	804.000
13052	804.000
13053	804.000
13096	804.000
13157	804.000
13233	804.000
13279	804.000
13315	804.000
13399	804.000
13414	804.000
11298	804.100
11307	804.100
11412	804.100
11470	804.100
11480	804.100
11548	804.100
11617	804.100
11630	804.100
11688	804.100
11852	804.100
11883	804.100
11964	804.100
12147	804.100
12174	804.100
12215	804.100
12244	804.100
12280	804.100
12340	804.100
12365	804.100
12533	804.100
12538	804.100
12576	804.100
12633	804.100
12635	804.100
12677	804.100
12728	804.100
12909	804.100
12920	804.100
13038	804.100
13046	804.100
13141	804.100
13159	804.100
13190	804.100
13222	804.100
13264	804.100
13285	804.100
13325	804.100
13369	804.100
13386	804.100
13426	804.100
11313	804.200
11343	804.200
11347	804.200
11462	804.200
11545	804.200
11581	804.200
11612	804.200
11639	804.200
11689	804.200
11703	804.200
11729	804.200
11808	804.200
11917	804.200
11940	804.200
11965	804.200
12139	804.200
12282	804.200
12298	804.200
12306	804.200
12353	804.200
12354	804.200
12492	804.200
12503	804.200
12562	804.200
12626	804.200
12688	804.200
12820	804.200
12883	804.200
12978	804.200
12993	804.200
13009	804.200
13020	804.200
13140	804.200
13230	804.200
13334	804.200
13343	804.200
13351	804.200
13372	804.200
13417	804.200
13449	804.200
11305	804.300
11385	804.300
11434	804.300
11457	804.300
11484	804.300
11681	804.300
11756	804.300
11798	804.300
11849	804.300
11860	804.300
12008	804.300
12069	804.300
12116	804.300
12129	804.300
12158	804.300
12207	804.300
12254	804.300
12334	804.300
12450	804.300
12487	804.300
12615	804.300
12620	804.300
12656	804.300
12660	804.300
12698	804.300
12759	804.300
12804	804.300
12845	804.300
12872	804.300
12969	804.300
12974	804.300
12985	804.300
12994	804.300
13165	804.300
13167	804.300
13170	804.300
13182	804.300
13209	804.300
13236	804.300
13309	804.300
13317	804.300
13319	804.300
13360	804.300
13382	804.300
13422	804.300
13439	804.300
11369	804.400
11478	804.400
11600	804.400
11670	804.400
11763	804.400
11884	804.400
12011	804.400
12045	804.400
12226	804.400
12549	804.400
12655	804.400
12709	804.400
12814	804.400
12891	804.400
12895	804.400
13061	804.400
13312	804.400
13327	804.400
13398	804.400
13463	804.400
11397	804.500
11472	804.500
11607	804.500
11655	804.500
11725	804.500
11767	804.500
11858	804.500
12065	804.500
12133	804.500
12160	804.500
12211	804.500
12274	804.500
12386	804.500
12453	804.500
12689	804.500
12841	804.500
13116	804.500
13130	804.500
13344	804.500
11332	804.600
11360	804.600
11481	804.600
11508	804.600
11566	804.600
11713	804.600
11722	804.600
11742	804.600
11830	804.600
11838	804.600
11859	804.600
11958	804.600
12017	804.600
12072	804.600
12420	804.600
12854	804.600
13100	804.600
13223	804.600
13331	804.600
13361	804.600
13468	804.600
11338	804.700
11365	804.700
11377	804.700
11422	804.700
11558	804.700
11642	804.700
11658	804.700
11678	804.700
11942	804.700
12042	804.700
12086	804.700
12224	804.700
12434	804.700
12448	804.700
12493	804.700
12527	804.700
12565	804.700
12603	804.700
12649	804.700
12684	804.700
12716	804.700
12944	804.700
12959	804.700
13012	804.700
13058	804.700
13083	804.700
13103	804.700
13184	804.700
13336	804.700
13433	804.700
13481	804.700
11315	804.800
11381	804.800
11446	804.800
11458	804.800
11512	804.800
11999	804.800
12100	804.800
12260	804.800
12349	804.800
12462	804.800
12499	804.800
12544	804.800
12734	804.800
12797	804.800
12868	804.800
12957	804.800
13034	804.800
13203	804.800
13347	804.800
13403	804.800
13409	804.800
11489	804.900
11532	804.900
11653	804.900
11747	804.900
11806	804.900
12148	804.900
12168	804.900
12703	804.900
12967	804.900
13183	804.900
13305	804.900
11605	805.000
11967	805.000
12331	805.000
12738	805.000
12855	805.000
13097	805.000
13301	805.000
13445	805.000
11451	805.100
11540	805.100
12149	805.100
12866	805.100
13005	805.100
13221	805.100
13232	805.100
13243	805.100
11855	805.300
