# NEST version: 3.5
# RecordingBackendASCII version: 2
sender	time_ms
7771	701.200
7857	701.200
7876	701.200
7957	701.200
7971	701.200
7987	701.200
8021	701.200
8049	701.200
8133	701.200
8262	701.200
8294	701.200
8303	701.200
8530	701.200
8575	701.200
8593	701.200
7744	701.300
7780	701.300
7783	701.300
7786	701.300
7893	701.300
7974	701.300
7975	701.300
8023	701.300
8046	701.300
8064	701.300
8247	701.300
8523	701.300
8615	701.300
7745	701.400
7787	701.400
7985	701.400
8036	701.400
8087	701.400
8169	701.400
8182	701.400
8197	701.400
8361	701.400
8437	701.400
8642	701.400
7790	701.500
7790	701.500
7837	701.500
7880	701.500
7891	701.500
7962	701.500
8043	701.500
8066	701.500
8123	701.500
8481	701.500
8515	701.500
8581	701.500
8590	701.500
7766	701.600
7778	701.600
7934	701.600
7949	701.600
8004	701.600
8009	701.600
8068	701.600
8076	701.600
8108	701.600
8174	701.600
8251	701.600
8291	701.600
8420	701.600
8464	701.600
8500	701.600
8562	701.600
8591	701.600
8606	701.600
7788	701.700
8073	701.700
8297	701.700
8364	701.700
8372	701.700
8403	701.700
8405	701.700
8527	701.700
7783	701.800
7808	701.800
7815	701.800
7902	701.800
8305	701.800
8305	701.800
8531	701.800
8579	701.800
7809	701.900
7916	701.900
8017	701.900
8081	701.900
8238	701.900
8323	701.900
8361	701.900
8389	701.900
8434	701.900
8514	701.900
8518	701.900
8549	701.900
8594	701.900
7774	702.000
7856	702.000
7892	702.000
7948	702.000
7978	702.000
7981	702.000
8025	702.000
8275	702.000
8316	702.000
8334	702.000
8396	702.000
8488	702.000
8523	702.000
8555	702.000
7952	702.100
8022	702.100
8074	702.100
8406	702.100
8446	702.100
8483	702.100
8558	702.100
7797	702.200
7962	702.200
8070	702.200
8175	702.200
8190	702.200
8238	702.200
8245	702.200
8474	702.200
8491	702.200
8519	702.200
8554	702.200
8556	702.200
8584	702.200
7787	702.300
7857	702.300
7949	702.300
7984	702.300
8129	702.300
8160	702.300
8189	702.300
8265	702.300
8400	702.300
8470	702.300
7761	702.400
7865	702.400
7945	702.400
7953	702.400
7965	702.400
8232	702.400
8271	702.400
8303	702.400
8380	702.400
8385	702.400
8424	702.400
8439	702.400
8472	702.400
7829	702.500
7994	702.500
8035	702.500
8038	702.500
8216	702.500
8336	702.500
8350	702.500
8430	702.500
8547	702.500
8596	702.500
7749	702.600
7901	702.600
7902	702.600
8087	702.600
8120	702.600
8164	702.600
8267	702.600
8271	702.600
8408	702.600
8447	702.600
8449	702.600
8482	702.600
8493	702.600
8499	702.600
8505	702.600
8610	702.600
7847	702.700
7935	702.700
8273	702.700
8451	702.700
8469	702.700
8631	702.700
8633	702.700
8004	702.800
8067	702.800
8111	702.800
8167	702.800
8185	702.800
8225	702.800
8246	702.800
8292	702.800
8331	702.800
8392	702.800
8521	702.800
8625	702.800
7761	702.900
7947	702.900
8041	702.900
8162	702.900
8214	702.900
8245	702.900
8286	702.900
8348	702.900
8369	702.900
8391	702.900
8399	702.900
8462	702.900
7750	703.000
7761	703.000
7811	703.000
7913	703.000
8012	703.000
8028	703.000
8062	703.000
8067	703.000
8070	703.000
8160	703.000
8204	703.000
8273	703.000
8284	703.000
8391	703.000
8514	703.000
8617	703.000
8631	703.000
7881	703.100
7932	703.100
8053	703.100
8253	703.100
8273	703.100
8371	703.100
8604	703.100
8610	703.100
8626	703.100
7841	703.200
7856	703.200
7950	703.200
8139	703.200
8428	703.200
8456	703.200
8608	703.200
7951	703.300
7992	703.300
8018	703.300
8066	703.300
8084	703.300
8139	703.300
8229	703.300
8279	703.300
8418	703.300
8422	703.300
8495	703.300
8592	703.300
8625	703.300
7809	703.400
7866	703.400
7880	703.400
8032	703.400
8042	703.400
8043	703.400
8128	703.400
8238	703.400
8398	703.400
8504	703.400
8548	703.400
7744	703.500
7804	703.500
7858	703.500
7935	703.500
7949	703.500
8065	703.500
8075	703.500
8090	703.500
8201	703.500
8349	703.500
8417	703.500
8448	703.500
8499	703.500
7765	703.600
7768	703.600
7900	703.600
7950	703.600
8266	703.600
8316	703.600
8317	703.600
8358	703.600
8401	703.600
8523	703.600
8530	703.600
8531	703.600
8604	703.600
7759	703.700
7823	703.700
7920	703.700
8062	703.700
8167	703.700
8204	703.700
8252	703.700
8308	703.700
8317	703.700
8380	703.700
8598	703.700
8627	703.700
7932	703.800
8073	703.800
8420	703.800
8431	703.800
8523	703.800
8541	703.800
7806	703.900
8074	703.900
8096	703.900
8151	703.900
8183	703.900
8238	703.900
8300	703.900
8313	703.900
8331	703.900
8437	703.900
8480	703.900
7753	704.000
7757	704.000
7762	704.000
7764	704.000
7799	704.000
7828	704.000
7842	704.000
7914	704.000
8029	704.000
8105	704.000
8437	704.000
8489	704.000
8526	704.000
8533	704.000
8617	704.000
7743	704.100
7802	704.100
7828	704.100
7994	704.100
8030	704.100
8094	704.100
8251	704.100
8280	704.100
8307	704.100
8592	704.100
7755	704.200
7793	704.200
7800	704.200
7813	704.200
7845	704.200
7882	704.200
7906	704.200
8249	704.200
8477	704.200
7758	704.300
7803	704.300
7885	704.300
7897	704.300
7912	704.300
8003	704.300
8162	704.300
8254	704.300
8263	704.300
8310	704.300
8438	704.300
8449	704.300
8494	704.300
8533	704.300
7840	704.400
7861	704.400
7865	704.400
7874	704.400
7946	704.400
7980	704.400
7993	704.400
7997	704.400
8176	704.400
8198	704.400
8200	704.400
8267	704.400
8541	704.400
8551	704.400
8606	704.400
7959	704.500
8237	704.500
8274	704.500
8394	704.500
8410	704.500
8613	704.500
8627	704.500
7815	704.600
7879	704.600
7980	704.600
8033	704.600
8067	704.600
8089	704.600
8107	704.600
8183	704.600
8243	704.600
8261	704.600
8325	704.600
8558	704.600
8577	704.600
7810	704.700
8015	704.700
8090	704.700
8143	704.700
8168	704.700
8242	704.700
8260	704.700
8300	704.700
8426	704.700
8431	704.700
8476	704.700
8594	704.700
7861	704.800
7875	704.800
8099	704.800
8195	704.800
8226	704.800
8275	704.800
8523	704.800
8553	704.800
8559	704.800
7869	704.900
7914	704.900
8013	704.900
8020	704.900
8079	704.900
8110	704.900
8143	704.900
8270	704.900
8478	704.900
8532	704.900
8595	704.900
8606	704.900
8609	704.900
7754	705.000
7789	705.000
7826	705.000
7859	705.000
8082	705.000
8180	705.000
8193	705.000
8203	705.000
8362	705.000
8376	705.000
8483	705.000
7860	705.100
7868	705.100
7894	705.100
7916	705.100
7950	705.100
8045	705.100
8055	705.100
8096	705.100
8144	705.100
8158	705.100
8377	705.100
8422	705.100
8437	705.100
8636	705.100
7773	705.200
8063	705.200
8239	705.200
8269	705.200
8271	705.200
8318	705.200
8321	705.200
8325	705.200
8420	705.200
8469	705.200
8619	705.200
7969	705.300
8029	705.300
8045	705.300
8066	705.300
8086	705.300
8105	705.300
8123	705.300
8272	705.300
8371	705.300
8424	705.300
8451	705.300
8504	705.300
8524	705.300
7815	705.400
7952	705.400
7965	705.400
7974	705.400
8021	705.400
8100	705.400
8339	705.400
8419	705.400
8609	705.400
7758	705.500
7794	705.500
7975	705.500
8029	705.500
8084	705.500
8109	705.500
8242	705.500
8446	705.500
8615	705.500
7750	705.600
7763	705.600
8084	705.600
8087	705.600
8128	705.600
8167	705.600
8167	705.600
8189	705.600
8229	705.600
8537	705.600
7831	705.700
7873	705.700
7904	705.700
7956	705.700
8025	705.700
8250	705.700
8272	705.700
8374	705.700
8390	705.700
8454	705.700
8472	705.700
8559	705.700
7889	705.800
7924	705.800
7997	705.800
8008	705.800
8368	705.800
8575	705.800
7821	705.900
7859	705.900
7865	705.900
7892	705.900
7923	705.900
8034	705.900
8051	705.900
8060	705.900
8610	705.900
7905	706.000
7967	706.000
7981	706.000
8026	706.000
8029	706.000
8144	706.000
8217	706.000
8295	706.000
8344	706.000
8526	706.000
7849	706.100
7952	706.100
7973	706.100
8076	706.100
8128	706.100
8182	706.100
8237	706.100
8258	706.100
8274	706.100
8321	706.100
8387	706.100
8470	706.100
8473	706.100
7832	706.200
7858	706.200
7881	706.200
7993	706.200
8090	706.200
8226	706.200
8269	706.200
8334	706.200
8364	706.200
8413	706.200
8420	706.200
8487	706.200
8491	706.200
8508	706.200
8510	706.200
7760	706.300
7768	706.300
7809	706.300
7813	706.300
7970	706.300
8155	706.300
8155	706.300
8171	706.300
8221	706.300
8304	706.300
8316	706.300
8442	706.300
7744	706.400
7898	706.400
7922	706.400
7933	706.400
8103	706.400
8135	706.400
8155	706.400
8160	706.400
8195	706.400
8211	706.400
8295	706.400
8345	706.400
8352	706.400
8367	706.400
8428	706.400
8439	706.400
8538	706.400
8553	706.400
7869	706.500
7881	706.500
7895	706.500
8000	706.500
8117	706.500
8296	706.500
8366	706.500
8479	706.500
8548	706.500
8559	706.500
7807	706.600
7810	706.600
7921	706.600
7982	706.600
8057	706.600
8159	706.600
8163	706.600
8174	706.600
8256	706.600
8262	706.600
8498	706.600
8615	706.600
7830	706.700
7845	706.700
7905	706.700
8098	706.700
8144	706.700
8227	706.700
8325	706.700
8367	706.700
8596	706.700
7808	706.800
7981	706.800
8147	706.800
8173	706.800
8209	706.800
8295	706.800
8400	706.800
8426	706.800
8453	706.800
8552	706.800
7772	706.900
7850	706.900
7881	706.900
7896	706.900
8027	706.900
8055	706.900
8068	706.900
8157	706.900
8181	706.900
8264	706.900
8494	706.900
8500	706.900
7773	707.000
7779	707.000
7876	707.000
7892	707.000
7944	707.000
8026	707.000
8090	707.000
8324	707.000
8327	707.000
8394	707.000
8400	707.000
7817	707.100
7849	707.100
7915	707.100
8157	707.100
8226	707.100
8252	707.100
8258	707.100
8265	707.100
8293	707.100
8356	707.100
8530	707.100
8546	707.100
8558	707.100
7867	707.200
8041	707.200
8218	707.200
8252	707.200
8529	707.200
8544	707.200
7939	707.300
8294	707.300
8423	707.300
8468	707.300
8511	707.300
8525	707.300
8546	707.300
7871	707.400
7892	707.400
7942	707.400
8054	707.400
8061	707.400
8096	707.400
8265	707.400
8392	707.400
8464	707.400
8496	707.400
8499	707.400
8508	707.400
8522	707.400
8610	707.400
7918	707.500
7919	707.500
7941	707.500
7988	707.500
8099	707.500
8131	707.500
8187	707.500
8194	707.500
8255	707.500
8289	707.500
8341	707.500
8345	707.500
8440	707.500
8447	707.500
7762	707.600
7867	707.600
7903	707.600
7945	707.600
8029	707.600
8052	707.600
8123	707.600
8146	707.600
8263	707.600
8365	707.600
8384	707.600
8385	707.600
8485	707.600
8494	707.600
8587	707.600
8589	707.600
8626	707.600
8302	707.700
8343	707.700
8401	707.700
8425	707.700
8458	707.700
8029	707.800
8031	707.800
8047	707.800
8175	707.800
8189	707.800
8243	707.800
8255	707.800
8377	707.800
8539	707.800
8552	707.800
7748	707.900
7802	707.900
7804	707.900
7989	707.900
8074	707.900
8093	707.900
8139	707.900
8204	707.900
8344	707.900
8382	707.900
8514	707.900
8534	707.900
8579	707.900
7799	708.000
7833	708.000
7924	708.000
8076	708.000
8268	708.000
8305	708.000
8460	708.000
8531	708.000
8596	708.000
7982	708.100
8009	708.100
8027	708.100
8333	708.100
8435	708.100
8467	708.100
8547	708.100
8580	708.100
7795	708.200
7804	708.200
7835	708.200
7858	708.200
8050	708.200
8130	708.200
8159	708.200
8220	708.200
8255	708.200
8333	708.200
8382	708.200
8584	708.200
7805	708.300
7821	708.300
7887	708.300
7888	708.300
7900	708.300
7984	708.300
8021	708.300
8022	708.300
8048	708.300
8070	708.300
8191	708.300
8204	708.300
8243	708.300
8352	708.300
8601	708.300
7959	708.400
8102	708.400
8114	708.400
8298	708.400
8522	708.400
8557	708.400
8570	708.400
7764	708.500
7889	708.500
8006	708.500
8041	708.500
8115	708.500
8345	708.500
8361	708.500
8454	708.500
8459	708.500
8487	708.500
7769	708.600
7782	708.600
7861	708.600
7884	708.600
7923	708.600
7962	708.600
7978	708.600
8058	708.600
8232	708.600
8292	708.600
8315	708.600
8612	708.600
7830	708.700
8000	708.700
8093	708.700
8100	708.700
8141	708.700
8213	708.700
8231	708.700
8351	708.700
8565	708.700
8604	708.700
8615	708.700
7830	708.800
7866	708.800
7971	708.800
7976	708.800
8175	708.800
8241	708.800
8269	708.800
8322	708.800
8326	708.800
8445	708.800
8459	708.800
7864	708.900
7946	708.900
7954	708.900
8013	708.900
8164	708.900
8327	708.900
8340	708.900
8390	708.900
8490	708.900
7851	709.000
7897	709.000
7964	709.000
8120	709.000
8279	709.000
8286	709.000
8301	709.000
8332	709.000
8380	709.000
8382	709.000
8459	709.000
8469	709.000
8573	709.000
7761	709.100
7804	709.100
7925	709.100
8028	709.100
8106	709.100
8216	709.100
8278	709.100
8366	709.100
8462	709.100
7854	709.200
7916	709.200
7920	709.200
8015	709.200
8134	709.200
8142	709.200
8165	709.200
8264	709.200
8393	709.200
8481	709.200
8486	709.200
7822	709.300
7965	709.300
7985	709.300
7991	709.300
8049	709.300
8056	709.300
8130	709.300
8200	709.300
8232	709.300
8356	709.300
8358	709.300
8365	709.300
8486	709.300
8497	709.300
8592	709.300
7778	709.400
7891	709.400
7908	709.400
8038	709.400
8063	709.400
8071	709.400
8120	709.400
8287	709.400
8318	709.400
8407	709.400
8417	709.400
8474	709.400
8564	709.400
7767	709.500
7876	709.500
8020	709.500
8134	709.500
8243	709.500
8295	709.500
8300	709.500
8345	709.500
8533	709.500
8555	709.500
8558	709.500
8625	709.500
7781	709.600
8040	709.600
8073	709.600
8126	709.600
8351	709.600
8381	709.600
8388	709.600
8448	709.600
8452	709.600
8484	709.600
7754	709.700
7870	709.700
8069	709.700
8150	709.700
8300	709.700
8329	709.700
8407	709.700
8526	709.700
8544	709.700
8614	709.700
8636	709.700
7826	709.800
8076	709.800
8134	709.800
8197	709.800
8240	709.800
8279	709.800
8458	709.800
8461	709.800
8614	709.800
7786	709.900
7832	709.900
7881	709.900
7915	709.900
7939	709.900
8112	709.900
8181	709.900
8247	709.900
8263	709.900
8264	709.900
8270	709.900
8323	709.900
8331	709.900
8339	709.900
8366	709.900
8412	709.900
8523	709.900
7755	710.000
7832	710.000
7858	710.000
7858	710.000
7904	710.000
7978	710.000
8076	710.000
8194	710.000
8198	710.000
8312	710.000
8427	710.000
8588	710.000
7745	710.100
7950	710.100
7964	710.100
8014	710.100
8088	710.100
8225	710.100
8243	710.100
8357	710.100
8424	710.100
8508	710.100
8518	710.100
8555	710.100
8576	710.100
8589	710.100
7784	710.200
7792	710.200
7983	710.200
8021	710.200
8079	710.200
8262	710.200
8302	710.200
8384	710.200
8391	710.200
8535	710.200
8618	710.200
7844	710.300
7861	710.300
8032	710.300
8073	710.300
8123	710.300
8144	710.300
8154	710.300
8168	710.300
8217	710.300
8266	710.300
8314	710.300
8367	710.300
8378	710.300
8455	710.300
7754	710.400
7757	710.400
7794	710.400
7840	710.400
8205	710.400
8214	710.400
8271	710.400
8315	710.400
8442	710.400
8545	710.400
7743	710.500
7880	710.500
7999	710.500
8044	710.500
8142	710.500
8201	710.500
8203	710.500
8207	710.500
8317	710.500
8388	710.500
8491	710.500
8519	710.500
7887	710.600
7979	710.600
8142	710.600
8199	710.600
8259	710.600
8289	710.600
8318	710.600
8364	710.600
8411	710.600
8431	710.600
8494	710.600
8551	710.600
7760	710.700
7881	710.700
7967	710.700
8007	710.700
8020	710.700
8200	710.700
8243	710.700
8254	710.700
8456	710.700
8536	710.700
8565	710.700
7917	710.800
8065	710.800
8069	710.800
8072	710.800
8149	710.800
8210	710.800
8248	710.800
8351	710.800
8405	710.800
8423	710.800
8425	710.800
8547	710.800
8635	710.800
7878	710.900
7914	710.900
8021	710.900
8036	710.900
8100	710.900
8131	710.900
8132	710.900
8342	710.900
8346	710.900
8360	710.900
8427	710.900
7744	711.000
7844	711.000
8067	711.000
8090	711.000
8121	711.000
8217	711.000
8379	711.000
8473	711.000
8604	711.000
8635	711.000
8635	711.000
7803	711.100
7833	711.100
7860	711.100
7903	711.100
7985	711.100
7997	711.100
8022	711.100
8037	711.100
8141	711.100
8152	711.100
8253	711.100
8291	711.100
8330	711.100
8564	711.100
7770	711.200
7810	711.200
7872	711.200
7952	711.200
8133	711.200
8170	711.200
8188	711.200
8334	711.200
8554	711.200
8626	711.200
7873	711.300
7874	711.300
7943	711.300
7978	711.300
8160	711.300
8179	711.300
8418	711.300
8625	711.300
7811	711.400
7825	711.400
7852	711.400
7962	711.400
8014	711.400
8017	711.400
8102	711.400
8160	711.400
8583	711.400
7816	711.500
8203	711.500
8229	711.500
7872	711.600
7916	711.600
7968	711.600
7984	711.600
8100	711.600
8256	711.600
8294	711.600
8384	711.600
8487	711.600
8508	711.600
8539	711.600
8565	711.600
8573	711.600
8600	711.600
7831	711.700
7853	711.700
8088	711.700
8201	711.700
8270	711.700
8437	711.700
8555	711.700
8578	711.700
8620	711.700
7880	711.800
7912	711.800
7986	711.800
8042	711.800
8064	711.800
8186	711.800
8191	711.800
8501	711.800
8555	711.800
8556	711.800
7850	711.900
7857	711.900
7921	711.900
7970	711.900
8018	711.900
8139	711.900
8156	711.900
8269	711.900
8332	711.900
8452	711.900
8494	711.900
8600	711.900
7761	712.000
7822	712.000
7904	712.000
8047	712.000
8150	712.000
8257	712.000
8271	712.000
8592	712.000
7777	712.100
7943	712.100
8051	712.100
8284	712.100
8303	712.100
8362	712.100
8433	712.100
8498	712.100
8570	712.100
8611	712.100
7750	712.200
7873	712.200
7953	712.200
8026	712.200
8202	712.200
8227	712.200
8298	712.200
8312	712.200
7895	712.300
8068	712.300
8113	712.300
8193	712.300
8276	712.300
8276	712.300
8401	712.300
8520	712.300
8606	712.300
8611	712.300
7748	712.400
7854	712.400
7914	712.400
8226	712.400
8425	712.400
8606	712.400
8609	712.400
7766	712.500
7768	712.500
7925	712.500
8068	712.500
8379	712.500
8498	712.500
8529	712.500
8608	712.500
7748	712.600
7803	712.600
7931	712.600
7982	712.600
8020	712.600
8136	712.600
8221	712.600
8340	712.600
8432	712.600
8434	712.600
8496	712.600
7742	712.700
7818	712.700
7900	712.700
7906	712.700
7924	712.700
8157	712.700
8342	712.700
8423	712.700
8473	712.700
8584	712.700
8590	712.700
8639	712.700
7797	712.800
7806	712.800
7814	712.800
7856	712.800
7979	712.800
8058	712.800
8084	712.800
8089	712.800
8134	712.800
8188	712.800
8190	712.800
8199	712.800
8230	712.800
8236	712.800
8276	712.800
7831	712.900
7899	712.900
8029	712.900
8111	712.900
8332	712.900
8356	712.900
8463	712.900
8476	712.900
8607	712.900
8062	713.000
8148	713.000
8180	713.000
8235	713.000
8259	713.000
8374	713.000
8522	713.000
8568	713.000
8029	713.100
8039	713.100
8077	713.100
8251	713.100
8272	713.100
8355	713.100
8439	713.100
8501	713.100
7750	713.200
7810	713.200
7989	713.200
7991	713.200
8160	713.200
8320	713.200
8540	713.200
8610	713.200
7807	713.300
7813	713.300
7901	713.300
7936	713.300
7938	713.300
7992	713.300
7995	713.300
8044	713.300
8092	713.300
8242	713.300
8280	713.300
8372	713.300
8486	713.300
8546	713.300
7798	713.400
7836	713.400
7865	713.400
7978	713.400
7993	713.400
8019	713.400
8030	713.400
8275	713.400
8278	713.400
8309	713.400
8332	713.400
8367	713.400
8383	713.400
8488	713.400
8554	713.400
7757	713.500
7958	713.500
8040	713.500
8083	713.500
8125	713.500
8173	713.500
8191	713.500
8242	713.500
8289	713.500
8366	713.500
8448	713.500
8453	713.500
8565	713.500
8592	713.500
7886	713.600
8029	713.600
8089	713.600
8118	713.600
8150	713.600
8185	713.600
8255	713.600
8330	713.600
8498	713.600
8607	713.600
7744	713.700
7868	713.700
7868	713.700
7882	713.700
7974	713.700
8021	713.700
8256	713.700
8321	713.700
8335	713.700
8473	713.700
8561	713.700
7798	713.800
7881	713.800
7979	713.800
8054	713.800
8240	713.800
8258	713.800
8350	713.800
8442	713.800
8501	713.800
8535	713.800
8555	713.800
8561	713.800
7760	713.900
7771	713.900
7774	713.900
7804	713.900
7870	713.900
8016	713.900
8081	713.900
8209	713.900
8334	713.900
8364	713.900
8506	713.900
8628	713.900
7804	714.000
7804	714.000
7909	714.000
7995	714.000
7997	714.000
8108	714.000
8134	714.000
8325	714.000
8427	714.000
8446	714.000
8548	714.000
8623	714.000
8638	714.000
7802	714.100
7829	714.100
7892	714.100
8048	714.100
8056	714.100
8193	714.100
8269	714.100
8333	714.100
8502	714.100
8534	714.100
8581	714.100
7753	714.200
7936	714.200
8076	714.200
8128	714.200
8249	714.200
8569	714.200
8130	714.300
8198	714.300
8226	714.300
8325	714.300
8437	714.300
8481	714.300
8593	714.300
7800	714.400
7965	714.400
7972	714.400
8004	714.400
8059	714.400
8197	714.400
8447	714.400
7744	714.500
8161	714.500
8207	714.500
8337	714.500
8472	714.500
8486	714.500
8544	714.500
8560	714.500
8595	714.500
7864	714.600
7984	714.600
8142	714.600
8243	714.600
8328	714.600
8485	714.600
8500	714.600
8559	714.600
7816	714.700
7845	714.700
7892	714.700
7929	714.700
8084	714.700
8089	714.700
8292	714.700
8303	714.700
8313	714.700
8325	714.700
8359	714.700
8570	714.700
8595	714.700
7815	714.800
7857	714.800
7891	714.800
7945	714.800
8012	714.800
8112	714.800
8119	714.800
8137	714.800
8168	714.800
8189	714.800
8380	714.800
8396	714.800
8445	714.800
8575	714.800
7875	714.900
8182	714.900
8227	714.900
8308	714.900
8335	714.900
8468	714.900
8530	714.900
8555	714.900
7796	715.000
8036	715.000
8058	715.000
8171	715.000
8286	715.000
8329	715.000
8349	715.000
8352	715.000
8370	715.000
8393	715.000
8401	715.000
8477	715.000
8547	715.000
8555	715.000
7747	715.100
7795	715.100
7951	715.100
7962	715.100
8032	715.100
8124	715.100
8348	715.100
8378	715.100
8559	715.100
8634	715.100
7781	715.200
7796	715.200
7808	715.200
8026	715.200
7807	715.300
7847	715.300
7956	715.300
8086	715.300
8156	715.300
8240	715.300
8314	715.300
7801	715.400
7855	715.400
7887	715.400
7902	715.400
8039	715.400
8059	715.400
8082	715.400
8126	715.400
8166	715.400
8366	715.400
8389	715.400
8454	715.400
8493	715.400
8556	715.400
8595	715.400
8612	715.400
7745	715.500
7820	715.500
7833	715.500
7948	715.500
8039	715.500
8042	715.500
8062	715.500
8268	715.500
8323	715.500
8352	715.500
8395	715.500
8428	715.500
8538	715.500
8587	715.500
8595	715.500
7874	715.600
8014	715.600
8071	715.600
8258	715.600
8297	715.600
7756	715.700
7813	715.700
7859	715.700
8079	715.700
8080	715.700
8135	715.700
8302	715.700
8323	715.700
8469	715.700
8516	715.700
8582	715.700
7783	715.800
7827	715.800
7831	715.800
7834	715.800
7838	715.800
7859	715.800
7935	715.800
8081	715.800
8241	715.800
8393	715.800
7801	715.900
7877	715.900
8040	715.900
8178	715.900
8188	715.900
8194	715.900
8259	715.900
8276	715.900
8386	715.900
8403	715.900
8638	715.900
7761	716.000
7996	716.000
8031	716.000
8190	716.000
8205	716.000
8428	716.000
8463	716.000
8527	716.000
8633	716.000
7875	716.100
7891	716.100
7907	716.100
7954	716.100
8003	716.100
8171	716.100
8225	716.100
8253	716.100
8558	716.100
8630	716.100
7849	716.200
7890	716.200
7899	716.200
8023	716.200
8053	716.200
8156	716.200
8282	716.200
8465	716.200
7994	716.300
8087	716.300
8191	716.300
8233	716.300
8324	716.300
8366	716.300
8405	716.300
7787	716.400
7980	716.400
8052	716.400
8070	716.400
8163	716.400
8232	716.400
8364	716.400
8442	716.400
8558	716.400
7787	716.500
7879	716.500
8049	716.500
8228	716.500
8270	716.500
8293	716.500
8297	716.500
8379	716.500
8389	716.500
8507	716.500
8573	716.500
8618	716.500
7749	716.600
7759	716.600
7784	716.600
7879	716.600
7960	716.600
8051	716.600
8401	716.600
8433	716.600
8507	716.600
7816	716.700
7931	716.700
8129	716.700
8192	716.700
8306	716.700
8309	716.700
8415	716.700
8512	716.700
7766	716.800
7892	716.800
7966	716.800
8080	716.800
8222	716.800
8324	716.800
8387	716.800
8415	716.800
8440	716.800
8517	716.800
7918	716.900
7938	716.900
7946	716.900
8079	716.900
8165	716.900
8392	716.900
8484	716.900
8541	716.900
8557	716.900
8583	716.900
8612	716.900
7777	717.000
7785	717.000
7788	717.000
7808	717.000
7903	717.000
7949	717.000
8034	717.000
8047	717.000
8087	717.000
8438	717.000
8486	717.000
8544	717.000
7856	717.100
7906	717.100
7975	717.100
7977	717.100
8164	717.100
8195	717.100
8344	717.100
8395	717.100
8439	717.100
8516	717.100
7793	717.200
7976	717.200
7985	717.200
7988	717.200
8316	717.200
8424	717.200
8571	717.200
8606	717.200
8625	717.200
8638	717.200
7747	717.300
7965	717.300
8027	717.300
8062	717.300
8178	717.300
8307	717.300
8385	717.300
8515	717.300
8557	717.300
8626	717.300
7809	717.400
7821	717.400
7936	717.400
7939	717.400
8132	717.400
8158	717.400
8226	717.400
8240	717.400
8246	717.400
8593	717.400
7753	717.500
7792	717.500
7802	717.500
7858	717.500
7884	717.500
7887	717.500
7974	717.500
8085	717.500
8120	717.500
8154	717.500
8248	717.500
8306	717.500
8391	717.500
8446	717.500
8529	717.500
8537	717.500
8585	717.500
7753	717.600
7896	717.600
7903	717.600
8153	717.600
8312	717.600
8448	717.600
8522	717.600
8560	717.600
8580	717.600
8606	717.600
8626	717.600
7808	717.700
7850	717.700
7955	717.700
8013	717.700
8187	717.700
8219	717.700
8274	717.700
8278	717.700
8348	717.700
8469	717.700
8473	717.700
8613	717.700
7745	717.800
7908	717.800
7961	717.800
8080	717.800
8120	717.800
8132	717.800
8133	717.800
8427	717.800
8430	717.800
8507	717.800
8549	717.800
8558	717.800
8566	717.800
8642	717.800
7842	717.900
7872	717.900
8064	717.900
8164	717.900
8178	717.900
8244	717.900
8289	717.900
8370	717.900
8374	717.900
8444	717.900
8473	717.900
8537	717.900
8635	717.900
7771	718.000
7796	718.000
7798	718.000
7817	718.000
7901	718.000
7903	718.000
7980	718.000
8069	718.000
8327	718.000
8483	718.000
8640	718.000
7804	718.100
7822	718.100
7852	718.100
7926	718.100
8077	718.100
8145	718.100
8155	718.100
8344	718.100
8405	718.100
8407	718.100
8430	718.100
8253	718.200
8288	718.200
8349	718.200
8416	718.200
8504	718.200
8557	718.200
8594	718.200
7776	718.300
7929	718.300
8076	718.300
8165	718.300
8175	718.300
8233	718.300
8235	718.300
8264	718.300
8317	718.300
8402	718.300
8521	718.300
8638	718.300
7760	718.400
7882	718.400
8138	718.400
8202	718.400
8299	718.400
8350	718.400
8449	718.400
8493	718.400
8506	718.400
8535	718.400
7786	718.500
7843	718.500
7859	718.500
7876	718.500
7937	718.500
8043	718.500
8155	718.500
8176	718.500
8218	718.500
8243	718.500
8296	718.500
8426	718.500
8449	718.500
8470	718.500
8589	718.500
8602	718.500
7776	718.600
7825	718.600
7922	718.600
8028	718.600
8156	718.600
8201	718.600
8214	718.600
8527	718.600
8568	718.600
8588	718.600
7747	718.700
7747	718.700
7772	718.700
7797	718.700
7844	718.700
7915	718.700
7924	718.700
8031	718.700
8041	718.700
8052	718.700
8112	718.700
8248	718.700
8435	718.700
8552	718.700
8630	718.700
7770	718.800
7831	718.800
8262	718.800
8284	718.800
8336	718.800
8376	718.800
8528	718.800
8610	718.800
7761	718.900
7847	718.900
8203	718.900
8245	718.900
8565	718.900
8574	718.900
8595	718.900
8622	718.900
7847	719.000
7977	719.000
8023	719.000
8098	719.000
8124	719.000
8184	719.000
8247	719.000
8346	719.000
8372	719.000
8397	719.000
8619	719.000
8623	719.000
7771	719.100
7810	719.100
7818	719.100
7825	719.100
7945	719.100
7964	719.100
7987	719.100
8104	719.100
8121	719.100
8208	719.100
8318	719.100
8387	719.100
8468	719.100
8533	719.100
8574	719.100
8627	719.100
8637	719.100
8641	719.100
7789	719.200
8019	719.200
8045	719.200
8072	719.200
8192	719.200
8197	719.200
8204	719.200
8272	719.200
8274	719.200
8596	719.200
7821	719.300
7829	719.300
7960	719.300
7987	719.300
8004	719.300
8055	719.300
8070	719.300
8186	719.300
8214	719.300
8364	719.300
8443	719.300
8472	719.300
8490	719.300
8511	719.300
8631	719.300
7765	719.400
7806	719.400
7921	719.400
8126	719.400
8192	719.400
8306	719.400
8333	719.400
8490	719.400
7782	719.500
8033	719.500
8193	719.500
8237	719.500
8245	719.500
8532	719.500
7797	719.600
7806	719.600
7826	719.600
7889	719.600
7917	719.600
8192	719.600
8271	719.600
8354	719.600
8365	719.600
8437	719.600
7858	719.700
8055	719.700
8120	719.700
8152	719.700
8155	719.700
8332	719.700
8353	719.700
8476	719.700
8519	719.700
8560	719.700
8576	719.700
8621	719.700
7927	719.800
8004	719.800
8034	719.800
8216	719.800
8249	719.800
8433	719.800
7807	719.900
7866	719.900
7956	719.900
7958	719.900
8009	719.900
8063	719.900
8142	719.900
8261	719.900
8368	719.900
8395	719.900
8433	719.900
8547	719.900
8565	719.900
8619	719.900
7743	720.000
7759	720.000
7810	720.000
7922	720.000
8193	720.000
8268	720.000
8328	720.000
8339	720.000
8473	720.000
8475	720.000
7987	720.100
8164	720.100
8171	720.100
8258	720.100
8286	720.100
8301	720.100
8383	720.100
8613	720.100
7889	720.200
8049	720.200
8119	720.200
8123	720.200
8128	720.200
8343	720.200
8382	720.200
8443	720.200
8490	720.200
8559	720.200
7836	720.300
7882	720.300
7934	720.300
8128	720.300
8195	720.300
8248	720.300
8267	720.300
8374	720.300
8385	720.300
8548	720.300
7763	720.400
7784	720.400
7816	720.400
7997	720.400
8046	720.400
8069	720.400
8092	720.400
8096	720.400
8111	720.400
8244	720.400
8319	720.400
8332	720.400
8446	720.400
8481	720.400
8592	720.400
7784	720.500
7887	720.500
8162	720.500
8243	720.500
8427	720.500
8531	720.500
8600	720.500
7875	720.600
7949	720.600
7960	720.600
8142	720.600
8347	720.600
8593	720.600
8630	720.600
7867	720.700
7875	720.700
7961	720.700
8047	720.700
8056	720.700
8173	720.700
8323	720.700
8398	720.700
8459	720.700
7828	720.800
7883	720.800
7987	720.800
8018	720.800
8151	720.800
8378	720.800
8436	720.800
8630	720.800
7883	720.900
7936	720.900
8046	720.900
8141	720.900
8186	720.900
7759	721.000
7925	721.000
8051	721.000
8371	721.000
8511	721.000
8627	721.000
8638	721.000
7836	721.100
7861	721.100
7872	721.100
8055	721.100
8184	721.100
8361	721.100
8442	721.100
8489	721.100
8543	721.100
8582	721.100
8619	721.100
7908	721.200
8142	721.200
8230	721.200
8274	721.200
8327	721.200
8419	721.200
8523	721.200
8539	721.200
8570	721.200
8629	721.200
7780	721.300
7824	721.300
8006	721.300
8035	721.300
8068	721.300
8111	721.300
8326	721.300
7877	721.400
7962	721.400
8366	721.400
8386	721.400
8493	721.400
8499	721.400
8524	721.400
7810	721.500
7853	721.500
8004	721.500
8047	721.500
8099	721.500
8197	721.500
8205	721.500
8321	721.500
8348	721.500
8512	721.500
8621	721.500
8629	721.500
8629	721.500
7856	721.600
8127	721.600
8166	721.600
8195	721.600
8330	721.600
8332	721.600
8349	721.600
8386	721.600
7864	721.700
8029	721.700
8148	721.700
8318	721.700
8425	721.700
8522	721.700
8633	721.700
8639	721.700
7746	721.800
7814	721.800
7958	721.800
8000	721.800
8010	721.800
8314	721.800
8416	721.800
8508	721.800
8546	721.800
7767	721.900
7786	721.900
7789	721.900
7997	721.900
8001	721.900
8126	721.900
8202	721.900
8282	721.900
8311	721.900
8322	721.900
8370	721.900
8394	721.900
8451	721.900
8466	721.900
8494	721.900
8505	721.900
8510	721.900
7808	722.000
7855	722.000
7924	722.000
8004	722.000
8025	722.000
8036	722.000
8062	722.000
8076	722.000
8147	722.000
8153	722.000
8199	722.000
8264	722.000
8389	722.000
8396	722.000
8425	722.000
8492	722.000
8628	722.000
8637	722.000
7784	722.100
8017	722.100
8140	722.100
8159	722.100
8245	722.100
8278	722.100
8308	722.100
8348	722.100
8581	722.100
8611	722.100
7824	722.200
8346	722.200
8364	722.200
8440	722.200
7766	722.300
7781	722.300
7877	722.300
7878	722.300
8014	722.300
8109	722.300
8120	722.300
8191	722.300
8212	722.300
8408	722.300
8461	722.300
8469	722.300
8494	722.300
8555	722.300
8558	722.300
8565	722.300
8571	722.300
8600	722.300
8615	722.300
7766	722.400
8140	722.400
8275	722.400
8296	722.400
8307	722.400
8386	722.400
8394	722.400
8584	722.400
7780	722.500
7822	722.500
7883	722.500
8002	722.500
8022	722.500
8025	722.500
8375	722.500
8452	722.500
8464	722.500
8483	722.500
8560	722.500
8604	722.500
7775	722.600
7783	722.600
7809	722.600
7813	722.600
7880	722.600
7926	722.600
7945	722.600
8015	722.600
8070	722.600
8159	722.600
8338	722.600
8372	722.600
8422	722.600
7778	722.700
7786	722.700
7833	722.700
8035	722.700
8080	722.700
8082	722.700
8196	722.700
8335	722.700
8371	722.700
8415	722.700
8445	722.700
8621	722.700
7899	722.800
7923	722.800
8484	722.800
8530	722.800
8620	722.800
8627	722.800
7758	722.900
7760	722.900
7856	722.900
7936	722.900
8135	722.900
8377	722.900
8431	722.900
7815	723.000
8199	723.000
8234	723.000
8234	723.000
8392	723.000
8401	723.000
8452	723.000
8554	723.000
8564	723.000
8604	723.000
7782	723.100
8076	723.100
8410	723.100
8433	723.100
8448	723.100
8594	723.100
8611	723.100
8222	723.200
8285	723.200
8315	723.200
8445	723.200
8485	723.200
8517	723.200
8581	723.200
7879	723.300
8019	723.300
8020	723.300
8101	723.300
8104	723.300
8158	723.300
8304	723.300
8412	723.300
8443	723.300
8451	723.300
8642	723.300
7752	723.400
7901	723.400
7901	723.400
7947	723.400
8040	723.400
8053	723.400
8093	723.400
8108	723.400
8108	723.400
8118	723.400
8145	723.400
8188	723.400
8337	723.400
8506	723.400
8597	723.400
7766	723.500
7870	723.500
7946	723.500
7950	723.500
7982	723.500
7994	723.500
8099	723.500
8103	723.500
8127	723.500
8187	723.500
8208	723.500
8232	723.500
8304	723.500
8476	723.500
8495	723.500
8601	723.500
7876	723.600
7902	723.600
7938	723.600
8089	723.600
8213	723.600
8236	723.600
8255	723.600
8412	723.600
8417	723.600
7846	723.700
7911	723.700
7915	723.700
7987	723.700
8054	723.700
8078	723.700
8083	723.700
8089	723.700
8096	723.700
8264	723.700
8490	723.700
8546	723.700
8583	723.700
7763	723.800
7774	723.800
7847	723.800
7849	723.800
7898	723.800
8066	723.800
8173	723.800
8311	723.800
8369	723.800
8373	723.800
8387	723.800
8424	723.800
8464	723.800
8480	723.800
8483	723.800
8602	723.800
7760	723.900
7782	723.900
7798	723.900
7804	723.900
7853	723.900
7932	723.900
7939	723.900
7971	723.900
7983	723.900
7988	723.900
7991	723.900
7996	723.900
8019	723.900
8056	723.900
8141	723.900
8283	723.900
8326	723.900
8388	723.900
8535	723.900
8598	723.900
7889	724.000
7918	724.000
8035	724.000
8086	724.000
8181	724.000
8240	724.000
8394	724.000
8439	724.000
8444	724.000
8541	724.000
8560	724.000
8619	724.000
7767	724.100
7904	724.100
7919	724.100
8033	724.100
8055	724.100
8161	724.100
8179	724.100
8181	724.100
8236	724.100
8248	724.100
8286	724.100
8454	724.100
8455	724.100
7769	724.200
7812	724.200
7884	724.200
7938	724.200
7941	724.200
7954	724.200
7963	724.200
7966	724.200
8064	724.200
8183	724.200
8378	724.200
8539	724.200
8551	724.200
7837	724.300
7960	724.300
7988	724.300
8015	724.300
8016	724.300
8154	724.300
8330	724.300
8354	724.300
8379	724.300
8409	724.300
8414	724.300
8436	724.300
8490	724.300
8535	724.300
8606	724.300
7878	724.400
7947	724.400
7963	724.400
7984	724.400
8024	724.400
8032	724.400
8133	724.400
8168	724.400
8173	724.400
8284	724.400
8366	724.400
8460	724.400
8462	724.400
8467	724.400
8525	724.400
8595	724.400
7924	724.500
7976	724.500
8071	724.500
8165	724.500
8189	724.500
8327	724.500
8487	724.500
8533	724.500
7871	724.600
7934	724.600
8057	724.600
8230	724.600
8242	724.600
8330	724.600
8547	724.600
8563	724.600
7847	724.700
8335	724.700
8382	724.700
7761	724.800
7792	724.800
7847	724.800
8013	724.800
8018	724.800
8089	724.800
8117	724.800
8146	724.800
8278	724.800
8288	724.800
8316	724.800
8427	724.800
8520	724.800
8560	724.800
8626	724.800
7746	724.900
7791	724.900
7871	724.900
7881	724.900
7952	724.900
8052	724.900
8311	724.900
8379	724.900
8403	724.900
8430	724.900
8441	724.900
8504	724.900
8536	724.900
8588	724.900
8632	724.900
7794	725.000
8099	725.000
8119	725.000
8202	725.000
8428	725.000
8449	725.000
8579	725.000
8603	725.000
8625	725.000
8637	725.000
7949	725.100
8014	725.100
8019	725.100
8037	725.100
8280	725.100
8299	725.100
8370	725.100
8406	725.100
8474	725.100
7905	725.200
7910	725.200
8185	725.200
8418	725.200
8553	725.200
8566	725.200
8588	725.200
8633	725.200
7902	725.300
7911	725.300
8001	725.300
8047	725.300
8367	725.300
8470	725.300
7755	725.400
7790	725.400
7797	725.400
7820	725.400
7823	725.400
7855	725.400
8009	725.400
8508	725.400
8611	725.400
8621	725.400
7826	725.500
7830	725.500
7889	725.500
8037	725.500
8073	725.500
8093	725.500
8104	725.500
8198	725.500
8256	725.500
8263	725.500
8490	725.500
8521	725.500
8530	725.500
8554	725.500
8559	725.500
8633	725.500
7810	725.600
7818	725.600
7899	725.600
7900	725.600
7944	725.600
8108	725.600
8281	725.600
8325	725.600
8466	725.600
8507	725.600
8569	725.600
8584	725.600
8639	725.600
7771	725.700
8025	725.700
8033	725.700
8083	725.700
8290	725.700
8429	725.700
8461	725.700
8536	725.700
8537	725.700
7773	725.800
7782	725.800
7811	725.800
7826	725.800
7935	725.800
8296	725.800
8296	725.800
8452	725.800
8570	725.800
8638	725.800
7998	725.900
8046	725.900
8162	725.900
8195	725.900
8395	725.900
8443	725.900
8462	725.900
8488	725.900
8521	725.900
8560	725.900
8572	725.900
8589	725.900
7922	726.000
7971	726.000
8060	726.000
8177	726.000
8415	726.000
8438	726.000
8614	726.000
7899	726.100
7907	726.100
8050	726.100
8120	726.100
8141	726.100
8243	726.100
7804	726.200
7837	726.200
7906	726.200
7998	726.200
8003	726.200
8021	726.200
8062	726.200
8106	726.200
8187	726.200
8218	726.200
8229	726.200
8444	726.200
8464	726.200
8485	726.200
8514	726.200
8623	726.200
7910	726.300
8236	726.300
8375	726.300
8491	726.300
8498	726.300
7742	726.400
7755	726.400
7893	726.400
8011	726.400
8135	726.400
8319	726.400
8538	726.400
8638	726.400
7748	726.500
7818	726.500
7930	726.500
8176	726.500
8200	726.500
8225	726.500
8352	726.500
8402	726.500
8473	726.500
8516	726.500
7983	726.600
8073	726.600
8199	726.600
8306	726.600
8355	726.600
8357	726.600
8517	726.600
8572	726.600
8577	726.600
8629	726.600
7768	726.700
7790	726.700
7818	726.700
7934	726.700
8117	726.700
8154	726.700
8170	726.700
8206	726.700
8212	726.700
8292	726.700
8300	726.700
8381	726.700
8384	726.700
8549	726.700
8572	726.700
8624	726.700
7754	726.800
7795	726.800
7902	726.800
7931	726.800
8132	726.800
8283	726.800
8374	726.800
8384	726.800
8421	726.800
8516	726.800
8546	726.800
8580	726.800
8591	726.800
7753	726.900
7930	726.900
7969	726.900
8079	726.900
8130	726.900
8155	726.900
8319	726.900
8339	726.900
7772	727.000
7789	727.000
7820	727.000
7903	727.000
8157	727.000
8183	727.000
8237	727.000
8344	727.000
8413	727.000
8521	727.000
8568	727.000
8595	727.000
7777	727.100
7828	727.100
7965	727.100
8014	727.100
8041	727.100
8175	727.100
8223	727.100
8316	727.100
8331	727.100
8423	727.100
8611	727.100
8637	727.100
7956	727.200
8160	727.200
8243	727.200
8341	727.200
8454	727.200
8553	727.200
8583	727.200
7762	727.300
7885	727.300
7934	727.300
7986	727.300
8001	727.300
8036	727.300
8106	727.300
8122	727.300
8290	727.300
8360	727.300
8438	727.300
8457	727.300
8502	727.300
8594	727.300
8612	727.300
8621	727.300
7881	727.400
7900	727.400
7983	727.400
8075	727.400
8330	727.400
8373	727.400
8409	727.400
8601	727.400
8640	727.400
8001	727.500
8086	727.500
8188	727.500
8242	727.500
8263	727.500
8389	727.500
8454	727.500
8529	727.500
8568	727.500
8597	727.500
8608	727.500
8629	727.500
7835	727.600
7887	727.600
7898	727.600
7975	727.600
7991	727.600
8179	727.600
8189	727.600
8343	727.600
8362	727.600
8398	727.600
8501	727.600
8505	727.600
7793	727.700
7801	727.700
7811	727.700
7850	727.700
7855	727.700
7893	727.700
8149	727.700
8157	727.700
8221	727.700
8557	727.700
7744	727.800
7920	727.800
8042	727.800
8057	727.800
8177	727.800
8233	727.800
8379	727.800
8381	727.800
8481	727.800
8561	727.800
8616	727.800
7743	727.900
7751	727.900
7827	727.900
7866	727.900
8031	727.900
8096	727.900
8185	727.900
8246	727.900
8300	727.900
8376	727.900
8400	727.900
8568	727.900
8608	727.900
7831	728.000
7842	728.000
7915	728.000
7917	728.000
8046	728.000
8047	728.000
8160	728.000
8161	728.000
8180	728.000
8226	728.000
8276	728.000
8313	728.000
8325	728.000
8328	728.000
8472	728.000
8582	728.000
8617	728.000
7771	728.100
7792	728.100
8076	728.100
8281	728.100
8492	728.100
7799	728.200
7972	728.200
8296	728.200
8318	728.200
7986	728.300
8479	728.300
8528	728.300
8586	728.300
7883	728.400
7943	728.400
7951	728.400
7973	728.400
8056	728.400
8100	728.400
8355	728.400
8412	728.400
8511	728.400
8518	728.400
8533	728.400
8534	728.400
7759	728.500
7826	728.500
7989	728.500
8137	728.500
8202	728.500
8235	728.500
8266	728.500
8307	728.500
8447	728.500
8561	728.500
8592	728.500
7799	728.600
7913	728.600
7939	728.600
7948	728.600
8166	728.600
8222	728.600
8477	728.600
8480	728.600
8521	728.600
8538	728.600
8544	728.600
8555	728.600
8566	728.600
8594	728.600
8606	728.600
8643	728.600
7829	728.700
7840	728.700
7854	728.700
7882	728.700
7896	728.700
8170	728.700
8180	728.700
8218	728.700
8218	728.700
8261	728.700
8276	728.700
8351	728.700
8395	728.700
8639	728.700
7905	728.800
7968	728.800
7992	728.800
8006	728.800
8077	728.800
8233	728.800
8275	728.800
8386	728.800
8394	728.800
8519	728.800
7754	728.900
7902	728.900
7907	728.900
8008	728.900
7775	729.000
7878	729.000
8002	729.000
8022	729.000
8169	729.000
8198	729.000
8460	729.000
8483	729.000
8553	729.000
8560	729.000
8563	729.000
8563	729.000
8611	729.000
8619	729.000
7780	729.100
7849	729.100
7890	729.100
7955	729.100
8017	729.100
8065	729.100
8208	729.100
8258	729.100
8303	729.100
8452	729.100
8483	729.100
8597	729.100
8608	729.100
7822	729.200
7898	729.200
7933	729.200
8052	729.200
8112	729.200
8139	729.200
8169	729.200
8231	729.200
8299	729.200
8301	729.200
8365	729.200
8572	729.200
7813	729.300
7839	729.300
7897	729.300
7947	729.300
7969	729.300
8039	729.300
8062	729.300
8089	729.300
8091	729.300
8344	729.300
8363	729.300
8421	729.300
8485	729.300
7885	729.400
8132	729.400
8195	729.400
8337	729.400
8456	729.400
7801	729.500
7803	729.500
7812	729.500
7845	729.500
7875	729.500
7968	729.500
8009	729.500
8034	729.500
8128	729.500
8244	729.500
8261	729.500
8317	729.500
8322	729.500
8514	729.500
8554	729.500
7857	729.600
7881	729.600
8007	729.600
8136	729.600
8189	729.600
8324	729.600
8381	729.600
8525	729.600
8542	729.600
8613	729.600
8630	729.600
8635	729.600
7756	729.700
7771	729.700
7845	729.700
7908	729.700
7954	729.700
7969	729.700
8013	729.700
8114	729.700
8227	729.700
8292	729.700
8388	729.700
7883	729.800
7987	729.800
8092	729.800
8223	729.800
8266	729.800
8316	729.800
8336	729.800
8427	729.800
8526	729.800
8532	729.800
7862	729.900
7868	729.900
7891	729.900
8248	729.900
8394	729.900
8429	729.900
8458	729.900
8552	729.900
7810	730.000
8147	730.000
8173	730.000
8179	730.000
8196	730.000
8357	730.000
8458	730.000
8525	730.000
8537	730.000
8634	730.000
7744	730.100
7795	730.100
8062	730.100
8073	730.100
8233	730.100
8278	730.100
8332	730.100
8605	730.100
7762	730.200
8161	730.200
8203	730.200
8272	730.200
8340	730.200
8359	730.200
8383	730.200
8549	730.200
8561	730.200
8611	730.200
7750	730.300
7805	730.300
7827	730.300
7830	730.300
8024	730.300
8139	730.300
8162	730.300
8187	730.300
8407	730.300
8422	730.300
8565	730.300
7746	730.400
7776	730.400
7783	730.400
7841	730.400
7916	730.400
8023	730.400
8092	730.400
8095	730.400
8249	730.400
8317	730.400
8412	730.400
8525	730.400
8544	730.400
8579	730.400
7779	730.500
7791	730.500
7945	730.500
8038	730.500
8104	730.500
8136	730.500
8155	730.500
8271	730.500
8273	730.500
8317	730.500
8359	730.500
8550	730.500
8583	730.500
7853	730.600
7858	730.600
7861	730.600
7973	730.600
8149	730.600
8200	730.600
8287	730.600
8431	730.600
8600	730.600
8637	730.600
7792	730.700
7841	730.700
7897	730.700
7903	730.700
7920	730.700
7993	730.700
8147	730.700
8158	730.700
8216	730.700
8242	730.700
8413	730.700
8432	730.700
7779	730.800
7938	730.800
7967	730.800
8043	730.800
8399	730.800
8430	730.800
8520	730.800
8540	730.800
8546	730.800
8558	730.800
8642	730.800
7870	730.900
7889	730.900
7968	730.900
7977	730.900
8007	730.900
8010	730.900
8157	730.900
8172	730.900
8195	730.900
8203	730.900
8273	730.900
8528	730.900
8535	730.900
7821	731.000
7998	731.000
8090	731.000
8270	731.000
8305	731.000
8454	731.000
7944	731.100
8122	731.100
8212	731.100
8221	731.100
7788	731.200
7803	731.200
7860	731.200
7944	731.200
8152	731.200
8167	731.200
8174	731.200
8225	731.200
8325	731.200
8329	731.200
8506	731.200
8510	731.200
8612	731.200
8618	731.200
7769	731.300
7805	731.300
7858	731.300
7878	731.300
7993	731.300
8184	731.300
8190	731.300
8209	731.300
8296	731.300
8310	731.300
8474	731.300
8476	731.300
8637	731.300
7805	731.400
7852	731.400
7856	731.400
8268	731.400
8402	731.400
8468	731.400
8535	731.400
8595	731.400
7901	731.500
7912	731.500
7916	731.500
7927	731.500
8001	731.500
8050	731.500
8068	731.500
8420	731.500
8441	731.500
8481	731.500
8495	731.500
7818	731.600
7880	731.600
7948	731.600
7982	731.600
7990	731.600
8190	731.600
8218	731.600
8544	731.600
8574	731.600
7788	731.700
7821	731.700
7883	731.700
7952	731.700
8012	731.700
8087	731.700
8165	731.700
8177	731.700
8197	731.700
8235	731.700
8264	731.700
8328	731.700
8332	731.700
8404	731.700
8438	731.700
8469	731.700
8489	731.700
8532	731.700
8546	731.700
8595	731.700
7904	731.800
7915	731.800
7945	731.800
8001	731.800
8064	731.800
8199	731.800
8434	731.800
8519	731.800
8547	731.800
8592	731.800
7885	731.900
7904	731.900
7918	731.900
7955	731.900
7956	731.900
7968	731.900
8198	731.900
8354	731.900
8360	731.900
8448	731.900
8551	731.900
8563	731.900
8631	731.900
7776	732.000
7876	732.000
7910	732.000
8047	732.000
8079	732.000
8088	732.000
8137	732.000
8149	732.000
8225	732.000
8325	732.000
8364	732.000
8391	732.000
8440	732.000
8545	732.000
8555	732.000
8582	732.000
8625	732.000
7862	732.100
7923	732.100
7944	732.100
7981	732.100
8142	732.100
8152	732.100
8220	732.100
8246	732.100
8284	732.100
8286	732.100
8306	732.100
8335	732.100
8368	732.100
8439	732.100
8473	732.100
8494	732.100
8540	732.100
8556	732.100
8583	732.100
7787	732.200
7788	732.200
7893	732.200
8048	732.200
8060	732.200
8400	732.200
8420	732.200
8588	732.200
8626	732.200
7750	732.300
7954	732.300
8174	732.300
8480	732.300
8496	732.300
8517	732.300
7751	732.400
7769	732.400
7796	732.400
8351	732.400
8486	732.400
7919	732.500
8119	732.500
8148	732.500
8245	732.500
8321	732.500
8323	732.500
8410	732.500
8467	732.500
8636	732.500
7795	732.600
7977	732.600
8154	732.600
8240	732.600
8266	732.600
8291	732.600
8418	732.600
8481	732.600
8486	732.600
8506	732.600
8511	732.600
8569	732.600
7838	732.700
7972	732.700
8049	732.700
8271	732.700
8386	732.700
8495	732.700
7970	732.800
8090	732.800
8110	732.800
8179	732.800
8203	732.800
8332	732.800
8347	732.800
8360	732.800
8435	732.800
8437	732.800
8466	732.800
8547	732.800
8607	732.800
7849	732.900
7858	732.900
7971	732.900
7982	732.900
8054	732.900
8095	732.900
8218	732.900
8224	732.900
8284	732.900
8321	732.900
8346	732.900
8595	732.900
8637	732.900
7782	733.000
7827	733.000
8021	733.000
8024	733.000
8037	733.000
8229	733.000
8239	733.000
8311	733.000
8642	733.000
7768	733.100
7877	733.100
7950	733.100
8401	733.100
8493	733.100
7864	733.200
7941	733.200
8061	733.200
8220	733.200
8240	733.200
8264	733.200
8313	733.200
8381	733.200
8428	733.200
8466	733.200
8565	733.200
8587	733.200
8602	733.200
7778	733.300
7807	733.300
7829	733.300
7858	733.300
8078	733.300
8212	733.300
8216	733.300
8275	733.300
8327	733.300
8419	733.300
8438	733.300
8442	733.300
8460	733.300
8492	733.300
7745	733.400
7804	733.400
7868	733.400
8130	733.400
8131	733.400
8338	733.400
8343	733.400
8406	733.400
8423	733.400
8557	733.400
8611	733.400
8632	733.400
7833	733.500
7911	733.500
8070	733.500
8145	733.500
8199	733.500
8214	733.500
8241	733.500
8286	733.500
8288	733.500
8316	733.500
8316	733.500
8470	733.500
8509	733.500
8511	733.500
8621	733.500
8628	733.500
7809	733.600
7902	733.600
7910	733.600
7911	733.600
7937	733.600
8041	733.600
8053	733.600
8054	733.600
8112	733.600
8158	733.600
8457	733.600
8496	733.600
7859	733.700
7882	733.700
7915	733.700
7952	733.700
8003	733.700
8206	733.700
8257	733.700
8297	733.700
8416	733.700
8528	733.700
8576	733.700
7820	733.800
7847	733.800
7869	733.800
7893	733.800
7957	733.800
7993	733.800
8010	733.800
8116	733.800
8372	733.800
8387	733.800
8392	733.800
8462	733.800
8501	733.800
8502	733.800
7889	733.900
7898	733.900
8111	733.900
8121	733.900
8161	733.900
8164	733.900
8231	733.900
8237	733.900
8255	733.900
8338	733.900
8475	733.900
8604	733.900
8626	733.900
7837	734.000
7855	734.000
8187	734.000
8244	734.000
8247	734.000
8293	734.000
8336	734.000
8352	734.000
8591	734.000
7746	734.100
7751	734.100
7777	734.100
7796	734.100
7917	734.100
7929	734.100
7935	734.100
8030	734.100
8052	734.100
8163	734.100
8198	734.100
8304	734.100
8353	734.100
8403	734.100
8514	734.100
8547	734.100
7743	734.200
7762	734.200
7907	734.200
8063	734.200
8148	734.200
8243	734.200
8284	734.200
8397	734.200
8594	734.200
7772	734.300
7780	734.300
7994	734.300
8044	734.300
8062	734.300
8071	734.300
8085	734.300
8235	734.300
8375	734.300
8511	734.300
8529	734.300
8533	734.300
7952	734.400
8268	734.400
8304	734.400
8554	734.400
8622	734.400
7771	734.500
7830	734.500
8108	734.500
8114	734.500
8137	734.500
8305	734.500
8329	734.500
8373	734.500
8416	734.500
8419	734.500
8429	734.500
8430	734.500
8453	734.500
8470	734.500
8550	734.500
7779	734.600
7812	734.600
7902	734.600
7971	734.600
8108	734.600
8149	734.600
8256	734.600
8301	734.600
8320	734.600
8330	734.600
8353	734.600
8365	734.600
8398	734.600
8490	734.600
8559	734.600
8571	734.600
8573	734.600
8610	734.600
7881	734.700
7911	734.700
7933	734.700
8066	734.700
8162	734.700
8234	734.700
8324	734.700
8379	734.700
8404	734.700
8470	734.700
8477	734.700
8499	734.700
8518	734.700
8543	734.700
7876	734.800
7910	734.800
8009	734.800
8084	734.800
8108	734.800
8240	734.800
8272	734.800
8346	734.800
8367	734.800
8442	734.800
7827	734.900
7837	734.900
7851	734.900
8104	734.900
8221	734.900
8271	734.900
8347	734.900
8459	734.900
8468	734.900
8524	734.900
8537	734.900
8626	734.900
8642	734.900
7755	735.000
7815	735.000
7891	735.000
7919	735.000
7970	735.000
8115	735.000
8159	735.000
8280	735.000
8425	735.000
8430	735.000
8437	735.000
7820	735.100
7868	735.100
8200	735.100
8331	735.100
8529	735.100
8571	735.100
8609	735.100
7762	735.200
7885	735.200
7889	735.200
7977	735.200
7988	735.200
8023	735.200
8177	735.200
8198	735.200
8447	735.200
8554	735.200
7756	735.300
7815	735.300
7969	735.300
8067	735.300
8259	735.300
8302	735.300
8314	735.300
8332	735.300
8426	735.300
8569	735.300
8643	735.300
8038	735.400
8063	735.400
8176	735.400
8220	735.400
8431	735.400
8511	735.400
8580	735.400
8585	735.400
7910	735.500
8027	735.500
8075	735.500
8327	735.500
8391	735.500
8476	735.500
7769	735.600
7823	735.600
8017	735.600
8065	735.600
8089	735.600
8142	735.600
8184	735.600
8309	735.600
8335	735.600
8351	735.600
8405	735.600
8423	735.600
8486	735.600
8494	735.600
8496	735.600
7974	735.700
8017	735.700
8034	735.700
8060	735.700
8306	735.700
8488	735.700
8498	735.700
8546	735.700
8609	735.700
8624	735.700
7747	735.800
7839	735.800
7914	735.800
7952	735.800
8128	735.800
8364	735.800
8395	735.800
8426	735.800
8469	735.800
8520	735.800
8604	735.800
8641	735.800
7749	735.900
7763	735.900
7795	735.900
7805	735.900
7817	735.900
7955	735.900
8064	735.900
8141	735.900
8285	735.900
8411	735.900
8499	735.900
8527	735.900
7820	736.000
7844	736.000
7931	736.000
7943	736.000
7972	736.000
7978	736.000
8109	736.000
8200	736.000
8238	736.000
8336	736.000
8344	736.000
8449	736.000
8481	736.000
8513	736.000
8571	736.000
7867	736.100
7931	736.100
8004	736.100
8080	736.100
7862	736.200
7869	736.200
7966	736.200
8255	736.200
8260	736.200
8331	736.200
8379	736.200
8542	736.200
7791	736.300
7794	736.300
7906	736.300
7986	736.300
8102	736.300
8147	736.300
8160	736.300
8235	736.300
8291	736.300
8358	736.300
8394	736.300
8424	736.300
8452	736.300
8483	736.300
7755	736.400
7805	736.400
7822	736.400
8100	736.400
8138	736.400
8163	736.400
8205	736.400
8235	736.400
8249	736.400
8424	736.400
8447	736.400
7846	736.500
7912	736.500
8009	736.500
8092	736.500
8171	736.500
8314	736.500
8339	736.500
8351	736.500
8389	736.500
8423	736.500
8428	736.500
8435	736.500
8471	736.500
8524	736.500
8039	736.600
8193	736.600
8201	736.600
8210	736.600
8216	736.600
8325	736.600
8378	736.600
8421	736.600
8451	736.600
8461	736.600
8573	736.600
8616	736.600
7800	736.700
7905	736.700
7935	736.700
7982	736.700
8228	736.700
8314	736.700
8330	736.700
8446	736.700
8483	736.700
7742	736.800
7746	736.800
7755	736.800
7787	736.800
7827	736.800
7927	736.800
8006	736.800
8130	736.800
8226	736.800
8486	736.800
7744	736.900
7746	736.900
7903	736.900
8060	736.900
8071	736.900
8083	736.900
8161	736.900
8231	736.900
8265	736.900
8365	736.900
8382	736.900
8442	736.900
8534	736.900
7760	737.000
7854	737.000
7892	737.000
7906	737.000
8141	737.000
8244	737.000
8525	737.000
8544	737.000
8587	737.000
8615	737.000
7797	737.100
7805	737.100
7822	737.100
7848	737.100
7853	737.100
7914	737.100
7987	737.100
8010	737.100
8017	737.100
8045	737.100
8058	737.100
8080	737.100
8082	737.100
8169	737.100
8185	737.100
8318	737.100
8452	737.100
8454	737.100
8523	737.100
8542	737.100
8566	737.100
8627	737.100
8632	737.100
7957	737.200
7985	737.200
8044	737.200
8061	737.200
8160	737.200
8277	737.200
8308	737.200
8309	737.200
8411	737.200
8416	737.200
8555	737.200
7827	737.300
7848	737.300
7937	737.300
8129	737.300
8181	737.300
8340	737.300
8538	737.300
8563	737.300
7901	737.400
7901	737.400
8287	737.400
8411	737.400
8449	737.400
8566	737.400
8624	737.400
7801	737.500
7843	737.500
7994	737.500
8057	737.500
8090	737.500
8424	737.500
8584	737.500
7841	737.600
7879	737.600
7894	737.600
8000	737.600
8048	737.600
8053	737.600
8082	737.600
8137	737.600
8159	737.600
8168	737.600
8213	737.600
8261	737.600
8330	737.600
8352	737.600
8356	737.600
8483	737.600
8490	737.600
8592	737.600
7778	737.700
7922	737.700
7935	737.700
7941	737.700
8034	737.700
8137	737.700
8177	737.700
8342	737.700
8384	737.700
8422	737.700
8591	737.700
7756	737.800
7770	737.800
7796	737.800
7857	737.800
7857	737.800
7914	737.800
7920	737.800
7939	737.800
7956	737.800
8025	737.800
8069	737.800
8148	737.800
8152	737.800
8156	737.800
8233	737.800
8301	737.800
8548	737.800
8602	737.800
7887	737.900
7904	737.900
7994	737.900
7996	737.900
8014	737.900
8175	737.900
8176	737.900
8220	737.900
8276	737.900
8316	737.900
8333	737.900
8608	737.900
8631	737.900
7845	738.000
7851	738.000
7890	738.000
7927	738.000
8093	738.000
8113	738.000
8178	738.000
8241	738.000
8254	738.000
8333	738.000
8494	738.000
8494	738.000
7829	738.100
7885	738.100
8157	738.100
8244	738.100
8345	738.100
8358	738.100
8420	738.100
8444	738.100
8509	738.100
8574	738.100
8585	738.100
8633	738.100
7793	738.200
7826	738.200
7830	738.200
7830	738.200
7856	738.200
8116	738.200
8156	738.200
8213	738.200
8224	738.200
8246	738.200
8332	738.200
8335	738.200
8463	738.200
8548	738.200
8596	738.200
8061	738.300
8192	738.300
8234	738.300
8240	738.300
8259	738.300
8342	738.300
8415	738.300
8618	738.300
8642	738.300
7806	738.400
8047	738.400
8144	738.400
8160	738.400
8166	738.400
8242	738.400
8301	738.400
8391	738.400
8416	738.400
8486	738.400
8493	738.400
8610	738.400
8634	738.400
8643	738.400
7783	738.500
8307	738.500
8323	738.500
8334	738.500
8418	738.500
8536	738.500
7866	738.600
8033	738.600
8100	738.600
8113	738.600
8265	738.600
8441	738.600
8485	738.600
7806	738.700
7842	738.700
7959	738.700
8181	738.700
8291	738.700
8381	738.700
8546	738.700
7823	738.800
7876	738.800
7933	738.800
7973	738.800
8067	738.800
8088	738.800
8139	738.800
8142	738.800
8217	738.800
8380	738.800
7760	738.900
8247	738.900
8297	738.900
8374	738.900
8382	738.900
8468	738.900
7747	739.000
7754	739.000
7798	739.000
7858	739.000
7890	739.000
7940	739.000
7982	739.000
8144	739.000
8175	739.000
8195	739.000
8227	739.000
8345	739.000
8367	739.000
8376	739.000
8408	739.000
8518	739.000
7750	739.100
8021	739.100
8116	739.100
8312	739.100
8336	739.100
8420	739.100
8477	739.100
8630	739.100
7773	739.200
8121	739.200
8127	739.200
8165	739.200
8491	739.200
8496	739.200
8497	739.200
8573	739.200
8590	739.200
8591	739.200
8618	739.200
7806	739.300
7891	739.300
7961	739.300
8029	739.300
8041	739.300
8063	739.300
8317	739.300
8420	739.300
8538	739.300
8595	739.300
7950	739.400
7968	739.400
7983	739.400
8165	739.400
8176	739.400
8196	739.400
8331	739.400
8415	739.400
8461	739.400
8519	739.400
8527	739.400
8597	739.400
8632	739.400
7758	739.500
7861	739.500
7877	739.500
7968	739.500
8095	739.500
8096	739.500
8150	739.500
8186	739.500
8195	739.500
8206	739.500
8228	739.500
8311	739.500
8318	739.500
7844	739.600
7907	739.600
7978	739.600
8222	739.600
8290	739.600
8502	739.600
8536	739.600
8579	739.600
7846	739.700
7885	739.700
7975	739.700
7986	739.700
8154	739.700
8224	739.700
8232	739.700
8242	739.700
8298	739.700
8495	739.700
8559	739.700
7813	739.800
7829	739.800
7888	739.800
7893	739.800
7988	739.800
8628	739.800
7940	739.900
7947	739.900
7996	739.900
8266	739.900
8350	739.900
8406	739.900
8549	739.900
8641	739.900
7745	740.000
7747	740.000
7759	740.000
7807	740.000
7915	740.000
8284	740.000
8408	740.000
8411	740.000
8446	740.000
8519	740.000
8594	740.000
7934	740.100
8046	740.100
8069	740.100
8339	740.100
8369	740.100
7784	740.200
7901	740.200
7987	740.200
8365	740.200
8500	740.200
8594	740.200
8638	740.200
8641	740.200
7757	740.300
7855	740.300
7900	740.300
8029	740.300
8051	740.300
8246	740.300
8266	740.300
8480	740.300
8556	740.300
7761	740.400
7766	740.400
7870	740.400
7952	740.400
8006	740.400
8023	740.400
8071	740.400
8122	740.400
8276	740.400
8318	740.400
8451	740.400
8509	740.400
8513	740.400
8592	740.400
8637	740.400
7825	740.500
7844	740.500
7881	740.500
7884	740.500
7991	740.500
8051	740.500
8110	740.500
8372	740.500
8398	740.500
8479	740.500
8492	740.500
8552	740.500
8630	740.500
7844	740.600
7866	740.600
8092	740.600
8443	740.600
8584	740.600
7834	740.700
8369	740.700
8385	740.700
8411	740.700
8460	740.700
8533	740.700
8571	740.700
8615	740.700
8635	740.700
8031	740.800
8086	740.800
8378	740.800
8444	740.800
8459	740.800
8585	740.800
7813	740.900
8013	740.900
8097	740.900
8107	740.900
8279	740.900
8357	740.900
8375	740.900
8403	740.900
8448	740.900
8451	740.900
8572	740.900
7815	741.000
7834	741.000
7870	741.000
7902	741.000
7929	741.000
8097	741.000
8220	741.000
8226	741.000
8310	741.000
8392	741.000
8398	741.000
8492	741.000
8549	741.000
7746	741.100
7772	741.100
7817	741.100
8053	741.100
8072	741.100
8083	741.100
8260	741.100
8349	741.100
8420	741.100
8614	741.100
7750	741.200
7767	741.200
7783	741.200
7807	741.200
7827	741.200
7905	741.200
7939	741.200
7993	741.200
8108	741.200
8216	741.200
8224	741.200
8258	741.200
8270	741.200
8337	741.200
8591	741.200
7985	741.300
8016	741.300
8029	741.300
8032	741.300
8208	741.300
8349	741.300
8427	741.300
8435	741.300
8548	741.300
7776	741.400
7831	741.400
7961	741.400
7962	741.400
8001	741.400
8175	741.400
8181	741.400
8220	741.400
8244	741.400
8252	741.400
8290	741.400
8317	741.400
8423	741.400
8459	741.400
8635	741.400
7868	741.500
7901	741.500
7956	741.500
7979	741.500
8069	741.500
8095	741.500
8158	741.500
8280	741.500
8524	741.500
8595	741.500
8624	741.500
7750	741.600
7825	741.600
7839	741.600
7937	741.600
8129	741.600
8403	741.600
8490	741.600
8498	741.600
8499	741.600
8506	741.600
8564	741.600
8640	741.600
7786	741.700
7851	741.700
7869	741.700
7911	741.700
7964	741.700
8106	741.700
8141	741.700
8235	741.700
8241	741.700
8345	741.700
8397	741.700
8472	741.700
8532	741.700
8565	741.700
8633	741.700
8639	741.700
7866	741.800
7917	741.800
7930	741.800
7939	741.800
7992	741.800
8156	741.800
8225	741.800
8265	741.800
8267	741.800
8268	741.800
8336	741.800
8404	741.800
8450	741.800
8539	741.800
7742	741.900
8057	741.900
8093	741.900
8152	741.900
8239	741.900
8353	741.900
8458	741.900
8475	741.900
8600	741.900
7762	742.000
7804	742.000
7856	742.000
7918	742.000
7960	742.000
8079	742.000
8089	742.000
8208	742.000
8256	742.000
8336	742.000
8543	742.000
8597	742.000
7773	742.100
7905	742.100
7989	742.100
8045	742.100
8071	742.100
8269	742.100
8276	742.100
8289	742.100
8397	742.100
8416	742.100
8430	742.100
8439	742.100
8572	742.100
8594	742.100
8596	742.100
8617	742.100
7767	742.200
7969	742.200
8067	742.200
8100	742.200
8394	742.200
8412	742.200
8467	742.200
8588	742.200
7770	742.300
7948	742.300
8007	742.300
8016	742.300
8087	742.300
8119	742.300
8252	742.300
8333	742.300
8342	742.300
8351	742.300
8457	742.300
8503	742.300
7840	742.400
7969	742.400
8004	742.400
8037	742.400
8122	742.400
8335	742.400
8345	742.400
8565	742.400
7954	742.500
8050	742.500
8090	742.500
8135	742.500
8244	742.500
8439	742.500
8475	742.500
8527	742.500
8621	742.500
7742	742.600
7785	742.600
7817	742.600
7819	742.600
7846	742.600
8009	742.600
8056	742.600
8279	742.600
8335	742.600
8411	742.600
8422	742.600
7766	742.700
7844	742.700
7899	742.700
7913	742.700
7952	742.700
8011	742.700
8098	742.700
8149	742.700
8269	742.700
8394	742.700
8567	742.700
8629	742.700
7815	742.800
7817	742.800
7834	742.800
7905	742.800
7929	742.800
8032	742.800
8067	742.800
8092	742.800
8140	742.800
8152	742.800
8158	742.800
8164	742.800
8208	742.800
8349	742.800
8389	742.800
7749	742.900
7900	742.900
7965	742.900
7989	742.900
8009	742.900
8061	742.900
8279	742.900
8351	742.900
8355	742.900
8465	742.900
8516	742.900
8536	742.900
8557	742.900
8223	743.000
8252	743.000
8352	743.000
8355	743.000
8515	743.000
8068	743.100
8142	743.100
8222	743.100
8348	743.100
8402	743.100
8421	743.100
8509	743.100
8567	743.100
8579	743.100
8614	743.100
7743	743.200
7826	743.200
7918	743.200
7919	743.200
7974	743.200
8277	743.200
8343	743.200
8349	743.200
8512	743.200
7749	743.300
7767	743.300
7886	743.300
7976	743.300
7986	743.300
8034	743.300
8146	743.300
8279	743.300
8387	743.300
7824	743.400
8346	743.400
8478	743.400
8505	743.400
7793	743.500
7846	743.500
7948	743.500
7979	743.500
8010	743.500
8095	743.500
8180	743.500
8309	743.500
8583	743.500
8631	743.500
7774	743.600
7846	743.600
7904	743.600
7911	743.600
8015	743.600
8107	743.600
8140	743.600
8149	743.600
8153	743.600
8200	743.600
8255	743.600
8312	743.600
8479	743.600
8493	743.600
8532	743.600
8551	743.600
7810	743.700
7857	743.700
7926	743.700
8038	743.700
8054	743.700
8120	743.700
8146	743.700
8159	743.700
8171	743.700
8301	743.700
8308	743.700
8369	743.700
8533	743.700
8614	743.700
7765	743.800
7816	743.800
7816	743.800
8165	743.800
8202	743.800
8380	743.800
8402	743.800
8484	743.800
8552	743.800
8581	743.800
7839	743.900
7872	743.900
8287	743.900
8287	743.900
8585	743.900
8610	743.900
8622	743.900
7765	744.000
7859	744.000
7950	744.000
7955	744.000
8160	744.000
8194	744.000
8245	744.000
8298	744.000
8324	744.000
8465	744.000
7859	744.100
7898	744.100
7911	744.100
8033	744.100
8090	744.100
8174	744.100
8330	744.100
8371	744.100
8471	744.100
7862	744.200
7930	744.200
7979	744.200
8216	744.200
8413	744.200
8459	744.200
8550	744.200
8580	744.200
8633	744.200
7788	744.300
7964	744.300
7966	744.300
7969	744.300
8070	744.300
8084	744.300
8183	744.300
8216	744.300
8325	744.300
8382	744.300
8385	744.300
8469	744.300
8478	744.300
8496	744.300
8501	744.300
8569	744.300
7822	744.400
7877	744.400
7965	744.400
7983	744.400
8146	744.400
8247	744.400
8250	744.400
8304	744.400
8336	744.400
8356	744.400
8465	744.400
8511	744.400
8632	744.400
7782	744.500
7829	744.500
7845	744.500
7986	744.500
8265	744.500
8322	744.500
8549	744.500
8630	744.500
8131	744.600
8137	744.600
8233	744.600
8252	744.600
8318	744.600
8379	744.600
8463	744.600
8521	744.600
8547	744.600
8634	744.600
7819	744.700
7862	744.700
7945	744.700
8057	744.700
8101	744.700
8541	744.700
8545	744.700
7750	744.800
7903	744.800
8017	744.800
8073	744.800
8212	744.800
8236	744.800
8251	744.800
8288	744.800
8462	744.800
8498	744.800
8583	744.800
8630	744.800
8640	744.800
7753	744.900
7871	744.900
7929	744.900
7983	744.900
8031	744.900
8105	744.900
8239	744.900
8286	744.900
8330	744.900
8347	744.900
8401	744.900
8445	744.900
8461	744.900
8596	744.900
8640	744.900
7774	745.000
7816	745.000
7952	745.000
7967	745.000
8087	745.000
8089	745.000
8134	745.000
8193	745.000
8343	745.000
8589	745.000
8635	745.000
7894	745.100
7934	745.100
8019	745.100
8047	745.100
8125	745.100
8135	745.100
8143	745.100
8169	745.100
8375	745.100
8453	745.100
8520	745.100
8596	745.100
8634	745.100
7784	745.200
8042	745.200
8044	745.200
8138	745.200
8141	745.200
8255	745.200
8314	745.200
8359	745.200
8384	745.200
8435	745.200
8569	745.200
7835	745.300
8025	745.300
8147	745.300
8240	745.300
8292	745.300
8529	745.300
8554	745.300
8577	745.300
8589	745.300
7765	745.400
7819	745.400
7855	745.400
7861	745.400
8010	745.400
8060	745.400
8092	745.400
8155	745.400
8231	745.400
8428	745.400
8491	745.400
8556	745.400
8590	745.400
7841	745.500
7947	745.500
8096	745.500
8328	745.500
8454	745.500
7742	745.600
7952	745.600
7980	745.600
8084	745.600
8150	745.600
8244	745.600
8325	745.600
8475	745.600
8494	745.600
8496	745.600
8497	745.600
8540	745.600
8631	745.600
7756	745.700
8096	745.700
8124	745.700
8171	745.700
8178	745.700
8196	745.700
8292	745.700
8483	745.700
8489	745.700
8525	745.700
8566	745.700
8601	745.700
7880	745.800
8148	745.800
8214	745.800
8231	745.800
8301	745.800
8374	745.800
8400	745.800
8485	745.800
8558	745.800
7759	745.900
7831	745.900
7892	745.900
8004	745.900
8077	745.900
8181	745.900
8200	745.900
8223	745.900
8266	745.900
8304	745.900
8332	745.900
8420	745.900
8459	745.900
8479	745.900
8557	745.900
7743	746.000
7935	746.000
8153	746.000
8166	746.000
8406	746.000
8503	746.000
8616	746.000
7916	746.100
8094	746.100
8193	746.100
8286	746.100
8519	746.100
8526	746.100
8643	746.100
7795	746.200
8042	746.200
8051	746.200
8139	746.200
8151	746.200
8302	746.200
8381	746.200
8461	746.200
8519	746.200
8603	746.200
8641	746.200
7742	746.300
7751	746.300
7762	746.300
7852	746.300
7854	746.300
7913	746.300
7953	746.300
8039	746.300
8080	746.300
8351	746.300
8493	746.300
8605	746.300
8613	746.300
7784	746.400
7807	746.400
7891	746.400
7892	746.400
8033	746.400
8085	746.400
8126	746.400
8164	746.400
8168	746.400
8184	746.400
8235	746.400
8439	746.400
8453	746.400
8511	746.400
8595	746.400
7848	746.500
7872	746.500
8000	746.500
8014	746.500
8052	746.500
8063	746.500
8097	746.500
8191	746.500
8212	746.500
8235	746.500
8317	746.500
8477	746.500
8481	746.500
8602	746.500
7785	746.600
7970	746.600
8099	746.600
8103	746.600
8215	746.600
8259	746.600
8305	746.600
8366	746.600
8437	746.600
8585	746.600
8600	746.600
7744	746.700
7751	746.700
7807	746.700
7815	746.700
7837	746.700
7906	746.700
7909	746.700
8226	746.700
8254	746.700
8262	746.700
8267	746.700
8269	746.700
8472	746.700
8549	746.700
8565	746.700
8615	746.700
8633	746.700
7858	746.800
8071	746.800
8077	746.800
8078	746.800
8176	746.800
8400	746.800
8476	746.800
8543	746.800
8544	746.800
7817	746.900
8037	746.900
8163	746.900
8238	746.900
8502	746.900
8571	746.900
7836	747.000
7882	747.000
7893	747.000
8028	747.000
8044	747.000
8196	747.000
8197	747.000
8243	747.000
8363	747.000
8395	747.000
8536	747.000
8551	747.000
7781	747.100
7999	747.100
8022	747.100
8054	747.100
8139	747.100
8147	747.100
8179	747.100
8290	747.100
8481	747.100
8485	747.100
8508	747.100
8628	747.100
8631	747.100
7763	747.200
7800	747.200
7862	747.200
7867	747.200
7936	747.200
8082	747.200
8150	747.200
8168	747.200
8243	747.200
8251	747.200
8260	747.200
8370	747.200
8388	747.200
8558	747.200
8562	747.200
8608	747.200
8611	747.200
8639	747.200
7776	747.300
7850	747.300
7854	747.300
7870	747.300
7897	747.300
7931	747.300
8040	747.300
8052	747.300
8157	747.300
8203	747.300
8271	747.300
8379	747.300
8392	747.300
8446	747.300
8626	747.300
7766	747.400
7809	747.400
7810	747.400
7992	747.400
7997	747.400
8000	747.400
8141	747.400
8174	747.400
8267	747.400
8326	747.400
8409	747.400
8413	747.400
8502	747.400
8638	747.400
7808	747.500
7840	747.500
7880	747.500
8159	747.500
8311	747.500
8507	747.500
8606	747.500
7742	747.600
7759	747.600
7770	747.600
7819	747.600
7871	747.600
7903	747.600
7922	747.600
8007	747.600
8011	747.600
8041	747.600
8390	747.600
8429	747.600
8489	747.600
8504	747.600
7752	747.700
7830	747.700
7861	747.700
7873	747.700
7907	747.700
7930	747.700
7978	747.700
8043	747.700
8070	747.700
8091	747.700
8293	747.700
8357	747.700
8556	747.700
8599	747.700
7788	747.800
7828	747.800
8004	747.800
8061	747.800
8243	747.800
8338	747.800
8356	747.800
8412	747.800
8525	747.800
7743	747.900
7780	747.900
7837	747.900
7869	747.900
7887	747.900
8119	747.900
8192	747.900
8327	747.900
8440	747.900
8473	747.900
7743	748.000
7788	748.000
7795	748.000
7851	748.000
8033	748.000
8188	748.000
8190	748.000
8313	748.000
8392	748.000
8455	748.000
8546	748.000
8551	748.000
7814	748.100
7879	748.100
7999	748.100
8027	748.100
8129	748.100
8217	748.100
8238	748.100
8290	748.100
8374	748.100
8538	748.100
8555	748.100
8579	748.100
7762	748.200
8236	748.200
8241	748.200
8269	748.200
8289	748.200
8318	748.200
8558	748.200
8589	748.200
8594	748.200
7820	748.300
7939	748.300
7956	748.300
8035	748.300
8051	748.300
8228	748.300
8260	748.300
8345	748.300
8355	748.300
8443	748.300
8561	748.300
8581	748.300
8587	748.300
8621	748.300
7790	748.400
7797	748.400
7908	748.400
8046	748.400
8103	748.400
8304	748.400
8312	748.400
8340	748.400
8429	748.400
8468	748.400
8479	748.400
8623	748.400
7863	748.500
8202	748.500
8289	748.500
8384	748.500
8605	748.500
8608	748.500
7800	748.600
7844	748.600
7884	748.600
8099	748.600
8100	748.600
8407	748.600
8414	748.600
8583	748.600
7764	748.700
7780	748.700
7795	748.700
7817	748.700
7863	748.700
8113	748.700
8258	748.700
8290	748.700
8329	748.700
8340	748.700
8443	748.700
8574	748.700
7753	748.800
7771	748.800
7787	748.800
7805	748.800
7970	748.800
8014	748.800
8146	748.800
8148	748.800
8250	748.800
8441	748.800
8578	748.800
8588	748.800
7846	748.900
7894	748.900
8022	748.900
8055	748.900
8132	748.900
8143	748.900
8199	748.900
8256	748.900
8301	748.900
8345	748.900
8493	748.900
8569	748.900
8586	748.900
7760	749.000
7892	749.000
7903	749.000
8035	749.000
8096	749.000
8232	749.000
8271	749.000
8352	749.000
8462	749.000
8602	749.000
8639	749.000
8641	749.000
7803	749.100
7928	749.100
7938	749.100
8195	749.100
8199	749.100
8212	749.100
8305	749.100
8312	749.100
8330	749.100
8373	749.100
8472	749.100
8596	749.100
7807	749.200
7922	749.200
7929	749.200
8263	749.200
8329	749.200
8483	749.200
8512	749.200
8569	749.200
7794	749.300
7849	749.300
8240	749.300
8429	749.300
8491	749.300
8537	749.300
7842	749.400
7897	749.400
7965	749.400
7992	749.400
8020	749.400
8052	749.400
8063	749.400
8094	749.400
8096	749.400
8167	749.400
8175	749.400
8210	749.400
8343	749.400
8552	749.400
8584	749.400
7755	749.500
7797	749.500
7828	749.500
7839	749.500
7929	749.500
7949	749.500
8021	749.500
8215	749.500
8275	749.500
8407	749.500
8432	749.500
8433	749.500
8466	749.500
8612	749.500
7760	749.600
7827	749.600
7861	749.600
8022	749.600
8030	749.600
8123	749.600
8138	749.600
8139	749.600
8217	749.600
8295	749.600
8311	749.600
8312	749.600
8329	749.600
8386	749.600
8438	749.600
8527	749.600
8533	749.600
8623	749.600
7863	749.700
7875	749.700
7953	749.700
8080	749.700
8141	749.700
8354	749.700
8436	749.700
8488	749.700
8513	749.700
7755	749.800
7786	749.800
7958	749.800
8431	749.800
8504	749.800
7751	749.900
7803	749.900
7838	749.900
7907	749.900
7937	749.900
7938	749.900
7952	749.900
7956	749.900
7980	749.900
8198	749.900
8270	749.900
8366	749.900
8489	749.900
8590	749.900
7827	750.000
7897	750.000
8077	750.000
8181	750.000
8196	750.000
8198	750.000
8283	750.000
8563	750.000
8591	750.000
7754	750.100
7757	750.100
7782	750.100
7907	750.100
7940	750.100
8104	750.100
8116	750.100
8163	750.100
8261	750.100
8301	750.100
8371	750.100
8468	750.100
8476	750.100
8481	750.100
8495	750.100
7905	750.200
8033	750.200
8131	750.200
8172	750.200
8438	750.200
8451	750.200
8471	750.200
8515	750.200
8535	750.200
8610	750.200
7824	750.300
7854	750.300
8039	750.300
8263	750.300
8267	750.300
8386	750.300
8467	750.300
8497	750.300
8563	750.300
7764	750.400
7769	750.400
8036	750.400
8084	750.400
8224	750.400
8262	750.400
8406	750.400
8417	750.400
8445	750.400
8447	750.400
8623	750.400
7802	750.500
7822	750.500
7853	750.500
7893	750.500
7910	750.500
8199	750.500
8398	750.500
8442	750.500
8544	750.500
8603	750.500
8604	750.500
8614	750.500
8625	750.500
7820	750.600
7855	750.600
7855	750.600
7878	750.600
8116	750.600
8161	750.600
8220	750.600
8363	750.600
8383	750.600
8490	750.600
7742	750.700
7775	750.700
7785	750.700
7800	750.700
7803	750.700
8271	750.700
8498	750.700
7896	750.800
7913	750.800
8014	750.800
8087	750.800
8234	750.800
8262	750.800
8298	750.800
8392	750.800
8571	750.800
7786	750.900
7842	750.900
7862	750.900
7982	750.900
8086	750.900
8106	750.900
8246	750.900
8257	750.900
8320	750.900
8368	750.900
8589	750.900
7836	751.000
7872	751.000
7905	751.000
8092	751.000
8168	751.000
8309	751.000
8446	751.000
8512	751.000
8534	751.000
8576	751.000
7783	751.100
7784	751.100
7785	751.100
7796	751.100
7943	751.100
7967	751.100
8037	751.100
8174	751.100
8181	751.100
8277	751.100
8290	751.100
8401	751.100
8454	751.100
8468	751.100
8478	751.100
8544	751.100
7808	751.200
7839	751.200
7894	751.200
8030	751.200
8118	751.200
8181	751.200
8234	751.200
8283	751.200
8467	751.200
8514	751.200
8572	751.200
7753	751.300
7815	751.300
7889	751.300
8074	751.300
8102	751.300
8182	751.300
8204	751.300
8278	751.300
8285	751.300
8385	751.300
8411	751.300
8538	751.300
8546	751.300
8563	751.300
7964	751.400
8117	751.400
8141	751.400
8169	751.400
8219	751.400
8329	751.400
8333	751.400
8459	751.400
8505	751.400
8553	751.400
8603	751.400
8625	751.400
7807	751.500
7852	751.500
7952	751.500
7984	751.500
8008	751.500
8167	751.500
8273	751.500
8280	751.500
8339	751.500
8374	751.500
8512	751.500
8555	751.500
8640	751.500
8132	751.600
8184	751.600
8359	751.600
8359	751.600
8373	751.600
8386	751.600
8435	751.600
8485	751.600
8517	751.600
8636	751.600
7794	751.700
7834	751.700
7986	751.700
8065	751.700
8084	751.700
8186	751.700
8198	751.700
8289	751.700
8346	751.700
8399	751.700
7768	751.800
7966	751.800
7982	751.800
7992	751.800
7992	751.800
8206	751.800
8301	751.800
8578	751.800
8607	751.800
8014	751.900
8063	751.900
8223	751.900
8401	751.900
8555	751.900
8580	751.900
7854	752.000
8036	752.000
8148	752.000
8152	752.000
8185	752.000
8235	752.000
8303	752.000
8392	752.000
8465	752.000
8471	752.000
8566	752.000
8611	752.000
7801	752.100
7873	752.100
8042	752.100
8151	752.100
8182	752.100
8395	752.100
8552	752.100
8576	752.100
8621	752.100
7803	752.200
7936	752.200
8067	752.200
8178	752.200
8238	752.200
7937	752.300
8136	752.300
8144	752.300
8232	752.300
8257	752.300
8307	752.300
8369	752.300
8577	752.300
8596	752.300
8632	752.300
7837	752.400
7942	752.400
7955	752.400
7956	752.400
7966	752.400
8047	752.400
8150	752.400
8235	752.400
8236	752.400
8254	752.400
8398	752.400
8604	752.400
8615	752.400
7775	752.500
7870	752.500
7984	752.500
8105	752.500
8196	752.500
8201	752.500
8283	752.500
8336	752.500
8399	752.500
8546	752.500
8634	752.500
7959	752.600
7962	752.600
8012	752.600
8047	752.600
8061	752.600
8399	752.600
8428	752.600
8510	752.600
8637	752.600
8640	752.600
7752	752.700
7930	752.700
7956	752.700
8009	752.700
8042	752.700
8270	752.700
8323	752.700
8351	752.700
8536	752.700
8638	752.700
7881	752.800
7885	752.800
7934	752.800
8095	752.800
8216	752.800
8304	752.800
8339	752.800
8344	752.800
8359	752.800
8373	752.800
8503	752.800
8519	752.800
8544	752.800
8618	752.800
7821	752.900
7827	752.900
7885	752.900
7983	752.900
8189	752.900
8224	752.900
8305	752.900
8372	752.900
8448	752.900
8458	752.900
8532	752.900
8548	752.900
8581	752.900
8581	752.900
8589	752.900
8624	752.900
7792	753.000
7822	753.000
7893	753.000
7969	753.000
8037	753.000
8113	753.000
8439	753.000
8520	753.000
8531	753.000
8579	753.000
7779	753.100
7967	753.100
8253	753.100
8298	753.100
8562	753.100
7955	753.200
7975	753.200
8008	753.200
8104	753.200
8116	753.200
8369	753.200
8453	753.200
8485	753.200
7898	753.300
7900	753.300
7929	753.300
8203	753.300
8237	753.300
8346	753.300
8458	753.300
8459	753.300
7773	753.400
7900	753.400
8140	753.400
8212	753.400
8231	753.400
8249	753.400
8396	753.400
8530	753.400
8569	753.400
8091	753.500
8099	753.500
8127	753.500
8134	753.500
8204	753.500
8270	753.500
8289	753.500
8415	753.500
8639	753.500
7746	753.600
7839	753.600
7906	753.600
8093	753.600
8280	753.600
8336	753.600
8359	753.600
8506	753.600
8513	753.600
8515	753.600
7747	753.700
7771	753.700
7835	753.700
7918	753.700
7924	753.700
7974	753.700
8119	753.700
8225	753.700
8428	753.700
8548	753.700
7944	753.800
7964	753.800
8081	753.800
8301	753.800
8305	753.800
8359	753.800
8557	753.800
8608	753.800
8620	753.800
7810	753.900
7820	753.900
7894	753.900
7938	753.900
7952	753.900
8105	753.900
8135	753.900
8184	753.900
8218	753.900
8257	753.900
8285	753.900
8338	753.900
8364	753.900
8368	753.900
8400	753.900
8422	753.900
8527	753.900
8553	753.900
8579	753.900
7826	754.000
7861	754.000
8039	754.000
8085	754.000
8085	754.000
8190	754.000
8201	754.000
8202	754.000
8317	754.000
8348	754.000
8360	754.000
7769	754.100
7798	754.100
7814	754.100
7905	754.100
8020	754.100
8159	754.100
8256	754.100
8298	754.100
8380	754.100
8406	754.100
8478	754.100
8506	754.100
8588	754.100
7859	754.200
7863	754.200
7876	754.200
7885	754.200
7993	754.200
8005	754.200
8072	754.200
8244	754.200
8256	754.200
8273	754.200
8289	754.200
8324	754.200
8640	754.200
7848	754.300
7944	754.300
7959	754.300
7961	754.300
8019	754.300
8045	754.300
8053	754.300
8122	754.300
8165	754.300
8253	754.300
8258	754.300
7783	754.400
7785	754.400
7785	754.400
7827	754.400
7949	754.400
8000	754.400
8002	754.400
8016	754.400
8210	754.400
8294	754.400
8318	754.400
8445	754.400
8639	754.400
7747	754.500
7785	754.500
7862	754.500
7897	754.500
8060	754.500
8136	754.500
8529	754.500
8560	754.500
8563	754.500
8608	754.500
7816	754.600
7824	754.600
7868	754.600
7871	754.600
7971	754.600
8019	754.600
8080	754.600
8097	754.600
8141	754.600
8185	754.600
8276	754.600
8298	754.600
8300	754.600
8438	754.600
8463	754.600
8503	754.600
8533	754.600
8535	754.600
8564	754.600
8568	754.600
7797	754.700
7798	754.700
7888	754.700
7938	754.700
7985	754.700
8126	754.700
8275	754.700
8279	754.700
8296	754.700
8392	754.700
8413	754.700
8518	754.700
8528	754.700
8533	754.700
8639	754.700
7908	754.800
7924	754.800
7941	754.800
8157	754.800
8290	754.800
8364	754.800
8614	754.800
7828	754.900
7884	754.900
8266	754.900
8458	754.900
7797	755.000
7841	755.000
7880	755.000
8034	755.000
8142	755.000
8148	755.000
8193	755.000
8217	755.000
8365	755.000
8378	755.000
8387	755.000
8553	755.000
8601	755.000
8622	755.000
7891	755.100
7901	755.100
7966	755.100
7967	755.100
8435	755.100
8463	755.100
7807	755.200
7814	755.200
7830	755.200
7895	755.200
8006	755.200
8029	755.200
8085	755.200
8218	755.200
8355	755.200
8367	755.200
8412	755.200
8429	755.200
8506	755.200
7775	755.300
7896	755.300
8058	755.300
8098	755.300
8168	755.300
8237	755.300
8283	755.300
8302	755.300
8316	755.300
8353	755.300
8599	755.300
7939	755.400
8006	755.400
8186	755.400
8254	755.400
8299	755.400
8388	755.400
8505	755.400
8550	755.400
7887	755.500
7927	755.500
7935	755.500
8095	755.500
8149	755.500
8260	755.500
8296	755.500
8326	755.500
8586	755.500
7848	755.600
8082	755.600
8284	755.600
8517	755.600
8601	755.600
7748	755.700
7918	755.700
8049	755.700
8079	755.700
8161	755.700
8166	755.700
8217	755.700
8265	755.700
8271	755.700
8417	755.700
8438	755.700
8468	755.700
8512	755.700
8627	755.700
7771	755.800
7774	755.800
7819	755.800
7837	755.800
8177	755.800
8323	755.800
8405	755.800
8554	755.800
8594	755.800
7964	755.900
8008	755.900
8072	755.900
8115	755.900
8245	755.900
8467	755.900
8476	755.900
8497	755.900
8545	755.900
7850	756.000
7850	756.000
8018	756.000
8090	756.000
8101	756.000
8150	756.000
8419	756.000
7834	756.100
7854	756.100
7982	756.100
8014	756.100
8181	756.100
8351	756.100
8434	756.100
8482	756.100
8505	756.100
8531	756.100
8584	756.100
8612	756.100
7789	756.200
7841	756.200
7844	756.200
7987	756.200
8008	756.200
8051	756.200
8055	756.200
8065	756.200
8315	756.200
8395	756.200
8568	756.200
8585	756.200
7818	756.300
7842	756.300
7944	756.300
8100	756.300
8122	756.300
8142	756.300
8187	756.300
8265	756.300
8442	756.300
8478	756.300
8494	756.300
8496	756.300
7774	756.400
7839	756.400
7936	756.400
7969	756.400
8103	756.400
8134	756.400
8165	756.400
8335	756.400
8408	756.400
8501	756.400
8546	756.400
8574	756.400
7772	756.500
7969	756.500
7985	756.500
7987	756.500
8171	756.500
8412	756.500
8599	756.500
8642	756.500
7819	756.600
7821	756.600
7839	756.600
7907	756.600
7925	756.600
8149	756.600
8190	756.600
8218	756.600
8497	756.600
8514	756.600
8598	756.600
8642	756.600
7766	756.700
7792	756.700
8177	756.700
8262	756.700
8352	756.700
8390	756.700
7831	756.800
7964	756.800
8007	756.800
8176	756.800
8218	756.800
8262	756.800
8319	756.800
8352	756.800
8401	756.800
8425	756.800
8459	756.800
7828	756.900
7853	756.900
7872	756.900
7976	756.900
8023	756.900
8078	756.900
8149	756.900
8219	756.900
8377	756.900
7768	757.000
7783	757.000
7790	757.000
7859	757.000
7953	757.000
8020	757.000
8131	757.000
8158	757.000
8169	757.000
8226	757.000
8266	757.000
8273	757.000
8331	757.000
8353	757.000
8372	757.000
8420	757.000
8556	757.000
8578	757.000
8587	757.000
7789	757.100
7790	757.100
7995	757.100
8080	757.100
8205	757.100
8241	757.100
8244	757.100
8312	757.100
8466	757.100
8595	757.100
7912	757.200
8048	757.200
8179	757.200
8275	757.200
8358	757.200
8407	757.200
8500	757.200
8535	757.200
8601	757.200
7773	757.300
7832	757.300
7949	757.300
7989	757.300
8103	757.300
8300	757.300
8496	757.300
8603	757.300
7770	757.400
7789	757.400
7796	757.400
7813	757.400
7858	757.400
7899	757.400
7911	757.400
7981	757.400
8036	757.400
8109	757.400
8110	757.400
8172	757.400
8215	757.400
8238	757.400
8377	757.400
8498	757.400
8505	757.400
7793	757.500
7957	757.500
7989	757.500
8041	757.500
8055	757.500
8108	757.500
8275	757.500
8392	757.500
7776	757.600
7999	757.600
8069	757.600
8188	757.600
8229	757.600
8338	757.600
8362	757.600
8383	757.600
8449	757.600
7743	757.700
7821	757.700
7828	757.700
7911	757.700
7916	757.700
7959	757.700
7990	757.700
8149	757.700
8203	757.700
8319	757.700
7811	757.800
7921	757.800
7922	757.800
7981	757.800
8136	757.800
8337	757.800
8483	757.800
8553	757.800
8562	757.800
7938	757.900
8383	757.900
8392	757.900
8547	757.900
8573	757.900
8626	757.900
7813	758.000
7910	758.000
8018	758.000
8045	758.000
8061	758.000
8187	758.000
8277	758.000
8393	758.000
8463	758.000
7792	758.100
7828	758.100
7877	758.100
7970	758.100
8021	758.100
8040	758.100
8080	758.100
8128	758.100
8221	758.100
8267	758.100
8303	758.100
8444	758.100
8531	758.100
8616	758.100
7831	758.200
7904	758.200
7948	758.200
8027	758.200
8057	758.200
8153	758.200
8223	758.200
8378	758.200
8605	758.200
7773	758.300
7914	758.300
8222	758.300
8409	758.300
8510	758.300
8556	758.300
8562	758.300
7851	758.400
7864	758.400
7930	758.400
8034	758.400
8050	758.400
8055	758.400
8176	758.400
8179	758.400
8229	758.400
8259	758.400
8264	758.400
8340	758.400
8503	758.400
8540	758.400
8554	758.400
8629	758.400
7865	758.500
7919	758.500
8140	758.500
8278	758.500
8302	758.500
8342	758.500
8359	758.500
8510	758.500
8531	758.500
8603	758.500
7744	758.600
7754	758.600
7780	758.600
7816	758.600
7849	758.600
7877	758.600
7906	758.600
8047	758.600
8324	758.600
8433	758.600
8516	758.600
8602	758.600
8606	758.600
7760	758.700
7951	758.700
8032	758.700
8101	758.700
8253	758.700
8257	758.700
7786	758.800
7847	758.800
7858	758.800
7865	758.800
7959	758.800
8060	758.800
8369	758.800
8386	758.800
8476	758.800
8496	758.800
7784	758.900
7824	758.900
7885	758.900
7988	758.900
8081	758.900
8181	758.900
8207	758.900
8236	758.900
8289	758.900
8311	758.900
8328	758.900
8368	758.900
8384	758.900
8526	758.900
8536	758.900
8600	758.900
8610	758.900
7770	759.000
7774	759.000
7817	759.000
7888	759.000
7931	759.000
8079	759.000
8280	759.000
8364	759.000
8403	759.000
8403	759.000
7780	759.100
7805	759.100
7863	759.100
7954	759.100
7977	759.100
7978	759.100
8181	759.100
8272	759.100
8297	759.100
8349	759.100
8435	759.100
8448	759.100
8549	759.100
8589	759.100
8592	759.100
8602	759.100
8610	759.100
7781	759.200
7889	759.200
7964	759.200
8058	759.200
8133	759.200
8209	759.200
8275	759.200
8375	759.200
8384	759.200
8389	759.200
8428	759.200
7830	759.300
7856	759.300
7983	759.300
8064	759.300
8086	759.300
8141	759.300
8150	759.300
8234	759.300
8489	759.300
8626	759.300
7798	759.400
7935	759.400
7971	759.400
8007	759.400
8055	759.400
8144	759.400
8202	759.400
8224	759.400
8280	759.400
8285	759.400
8287	759.400
8330	759.400
8457	759.400
8600	759.400
8607	759.400
7826	759.500
8034	759.500
8093	759.500
8119	759.500
8229	759.500
8314	759.500
7785	759.600
7925	759.600
8088	759.600
8256	759.600
8299	759.600
8367	759.600
8391	759.600
8391	759.600
8397	759.600
8496	759.600
8529	759.600
8549	759.600
8574	759.600
8625	759.600
7826	759.700
7921	759.700
7943	759.700
7962	759.700
8108	759.700
8326	759.700
8536	759.700
8559	759.700
7838	759.800
7881	759.800
7884	759.800
7951	759.800
7987	759.800
8008	759.800
8185	759.800
8214	759.800
8322	759.800
8504	759.800
8587	759.800
8599	759.800
8622	759.800
7759	759.900
7786	759.900
7856	759.900
7890	759.900
7933	759.900
8029	759.900
8087	759.900
8137	759.900
8146	759.900
8219	759.900
8236	759.900
8375	759.900
8431	759.900
7874	760.000
7885	760.000
7975	760.000
8047	760.000
8091	760.000
8164	760.000
8198	760.000
8420	760.000
8508	760.000
8511	760.000
8526	760.000
8564	760.000
8639	760.000
7877	760.100
7881	760.100
7948	760.100
7954	760.100
7980	760.100
7994	760.100
8203	760.100
8290	760.100
8294	760.100
8345	760.100
8481	760.100
8508	760.100
8533	760.100
8555	760.100
7962	760.200
7978	760.200
7997	760.200
8193	760.200
8214	760.200
8224	760.200
8362	760.200
8414	760.200
8427	760.200
8450	760.200
8450	760.200
8452	760.200
8479	760.200
8533	760.200
8538	760.200
7791	760.300
7967	760.300
7971	760.300
8209	760.300
8626	760.300
8634	760.300
7954	760.400
7983	760.400
8009	760.400
8255	760.400
8405	760.400
8429	760.400
8467	760.400
8498	760.400
7757	760.500
8133	760.500
8144	760.500
8171	760.500
8319	760.500
8352	760.500
8486	760.500
8572	760.500
8597	760.500
8628	760.500
7832	760.600
7965	760.600
8136	760.600
8275	760.600
8349	760.600
8489	760.600
8513	760.600
7772	760.700
7789	760.700
7800	760.700
7871	760.700
7945	760.700
8064	760.700
8121	760.700
8124	760.700
8146	760.700
8394	760.700
8395	760.700
8450	760.700
8540	760.700
8607	760.700
8627	760.700
7972	760.800
8166	760.800
8211	760.800
8259	760.800
8415	760.800
8500	760.800
8514	760.800
7927	760.900
7940	760.900
7956	760.900
7976	760.900
7996	760.900
8028	760.900
8062	760.900
8090	760.900
8097	760.900
8123	760.900
8133	760.900
8173	760.900
8444	760.900
8620	760.900
7772	761.000
7907	761.000
7980	761.000
7999	761.000
8022	761.000
8274	761.000
8377	761.000
8460	761.000
8514	761.000
8561	761.000
8627	761.000
7932	761.100
7935	761.100
7949	761.100
8007	761.100
8049	761.100
8234	761.100
8286	761.100
8367	761.100
8414	761.100
8604	761.100
8633	761.100
7962	761.200
7997	761.200
8173	761.200
8179	761.200
8252	761.200
8332	761.200
8387	761.200
8505	761.200
8558	761.200
8607	761.200
7772	761.300
7797	761.300
7958	761.300
8103	761.300
8192	761.300
8294	761.300
8369	761.300
8560	761.300
7805	761.400
8007	761.400
8099	761.400
8174	761.400
8339	761.400
8358	761.400
8396	761.400
8414	761.400
8415	761.400
8523	761.400
8525	761.400
7742	761.500
7747	761.500
7828	761.500
7891	761.500
8005	761.500
8166	761.500
8210	761.500
8214	761.500
8279	761.500
8290	761.500
8307	761.500
8339	761.500
8393	761.500
8542	761.500
7803	761.600
7845	761.600
7916	761.600
8223	761.600
8456	761.600
8510	761.600
8567	761.600
8572	761.600
7826	761.700
7850	761.700
7939	761.700
7965	761.700
8037	761.700
8172	761.700
8208	761.700
8212	761.700
8276	761.700
8309	761.700
8460	761.700
8469	761.700
8533	761.700
8544	761.700
7795	761.800
7812	761.800
7821	761.800
8037	761.800
8121	761.800
8287	761.800
8356	761.800
8385	761.800
8583	761.800
7750	761.900
7857	761.900
7963	761.900
8137	761.900
8200	761.900
8216	761.900
8355	761.900
8403	761.900
8461	761.900
7816	762.000
7868	762.000
8184	762.000
8339	762.000
8437	762.000
8449	762.000
8464	762.000
8536	762.000
7861	762.100
7872	762.100
7964	762.100
8095	762.100
8127	762.100
8131	762.100
8221	762.100
8262	762.100
8351	762.100
8405	762.100
8416	762.100
8451	762.100
8632	762.100
7777	762.200
7836	762.200
7985	762.200
7995	762.200
8005	762.200
8038	762.200
8133	762.200
8173	762.200
8173	762.200
8352	762.200
8384	762.200
8413	762.200
8590	762.200
7867	762.300
8101	762.300
8317	762.300
8538	762.300
8582	762.300
7744	762.400
7804	762.400
7891	762.400
7989	762.400
8018	762.400
8372	762.400
8394	762.400
8481	762.400
8531	762.400
8557	762.400
8616	762.400
7815	762.500
7976	762.500
8015	762.500
8041	762.500
8090	762.500
8124	762.500
8252	762.500
8420	762.500
8460	762.500
7745	762.600
7910	762.600
7960	762.600
8077	762.600
8264	762.600
8298	762.600
8469	762.600
8495	762.600
8534	762.600
8574	762.600
7745	762.700
7788	762.700
7824	762.700
8203	762.700
8280	762.700
8443	762.700
8531	762.700
7778	762.800
7847	762.800
7889	762.800
7904	762.800
7920	762.800
7927	762.800
8254	762.800
8265	762.800
8629	762.800
7827	762.900
7853	762.900
7882	762.900
7890	762.900
8071	762.900
8141	762.900
8243	762.900
8413	762.900
8455	762.900
8486	762.900
8508	762.900
8546	762.900
8602	762.900
7847	763.000
7882	763.000
7991	763.000
8000	763.000
8014	763.000
8244	763.000
8290	763.000
8306	763.000
8350	763.000
8410	763.000
8605	763.000
8621	763.000
8638	763.000
7847	763.100
8075	763.100
8223	763.100
8318	763.100
8423	763.100
8445	763.100
7811	763.200
8008	763.200
8010	763.200
8023	763.200
8071	763.200
8098	763.200
8296	763.200
8335	763.200
8495	763.200
8548	763.200
8590	763.200
8602	763.200
7833	763.300
7835	763.300
7858	763.300
7883	763.300
7914	763.300
7998	763.300
8014	763.300
8025	763.300
8077	763.300
8390	763.300
8404	763.300
8462	763.300
8464	763.300
8594	763.300
7772	763.400
7941	763.400
8076	763.400
8077	763.400
8101	763.400
8144	763.400
8188	763.400
8240	763.400
8259	763.400
8331	763.400
8493	763.400
8498	763.400
7915	763.500
7999	763.500
8048	763.500
8057	763.500
8194	763.500
8194	763.500
8243	763.500
8259	763.500
8301	763.500
8312	763.500
8324	763.500
8335	763.500
8555	763.500
8625	763.500
7787	763.600
7867	763.600
8025	763.600
8177	763.600
8497	763.600
8114	763.700
8320	763.700
8338	763.700
8543	763.700
8615	763.700
7747	763.800
7812	763.800
7849	763.800
7865	763.800
7924	763.800
8130	763.800
8370	763.800
8387	763.800
8392	763.800
8475	763.800
8558	763.800
8561	763.800
7959	763.900
8008	763.900
8037	763.900
8048	763.900
8083	763.900
8093	763.900
8231	763.900
8247	763.900
8315	763.900
8529	763.900
8595	763.900
7782	764.000
7808	764.000
7836	764.000
7957	764.000
7958	764.000
8143	764.000
8266	764.000
8414	764.000
8505	764.000
8535	764.000
7755	764.100
7796	764.100
7812	764.100
7862	764.100
7941	764.100
7985	764.100
7992	764.100
8103	764.100
8108	764.100
8228	764.100
8329	764.100
8357	764.100
8369	764.100
8415	764.100
8443	764.100
8520	764.100
8521	764.100
7848	764.200
8003	764.200
8092	764.200
8264	764.200
8285	764.200
8324	764.200
8392	764.200
8606	764.200
7746	764.300
7749	764.300
7856	764.300
7954	764.300
8023	764.300
8078	764.300
8092	764.300
8107	764.300
8129	764.300
8213	764.300
8353	764.300
8398	764.300
8416	764.300
8437	764.300
8477	764.300
7981	764.400
8031	764.400
8095	764.400
8122	764.400
8217	764.400
8425	764.400
8503	764.400
8607	764.400
8636	764.400
7774	764.500
7843	764.500
7913	764.500
7936	764.500
7980	764.500
8177	764.500
8186	764.500
8199	764.500
8277	764.500
8403	764.500
8488	764.500
8510	764.500
8626	764.500
8011	764.600
8129	764.600
8211	764.600
8405	764.600
8407	764.600
8540	764.600
8607	764.600
8614	764.600
7747	764.700
7762	764.700
7767	764.700
7814	764.700
7932	764.700
8001	764.700
8093	764.700
8147	764.700
8256	764.700
8311	764.700
8320	764.700
8367	764.700
8370	764.700
8445	764.700
8503	764.700
8513	764.700
8606	764.700
7778	764.800
7812	764.800
8026	764.800
8187	764.800
8190	764.800
8356	764.800
8507	764.800
7800	764.900
7851	764.900
7876	764.900
7916	764.900
7953	764.900
8199	764.900
8254	764.900
8261	764.900
8289	764.900
8294	764.900
8495	764.900
8620	764.900
8633	764.900
7827	765.000
7831	765.000
7860	765.000
7912	765.000
8041	765.000
8068	765.000
8145	765.000
8284	765.000
8360	765.000
7822	765.100
7850	765.100
7883	765.100
8024	765.100
8050	765.100
8068	765.100
8137	765.100
8161	765.100
8275	765.100
8315	765.100
8598	765.100
7895	765.200
7955	765.200
8016	765.200
8066	765.200
8205	765.200
8230	765.200
8270	765.200
8419	765.200
8463	765.200
8463	765.200
8517	765.200
8594	765.200
7745	765.300
7745	765.300
7812	765.300
7854	765.300
8064	765.300
8071	765.300
8239	765.300
8463	765.300
8642	765.300
7757	765.400
7757	765.400
7858	765.400
7860	765.400
8051	765.400
8316	765.400
8333	765.400
8346	765.400
8527	765.400
8590	765.400
8591	765.400
8607	765.400
7785	765.500
7897	765.500
7927	765.500
8000	765.500
8034	765.500
8064	765.500
8103	765.500
8127	765.500
8138	765.500
8175	765.500
8310	765.500
8414	765.500
8422	765.500
8430	765.500
8441	765.500
7777	765.600
7839	765.600
7908	765.600
7912	765.600
8001	765.600
8216	765.600
8268	765.600
8465	765.600
8511	765.600
7759	765.700
7831	765.700
7838	765.700
7921	765.700
7968	765.700
8043	765.700
8076	765.700
8154	765.700
8381	765.700
8388	765.700
8543	765.700
8550	765.700
8591	765.700
7764	765.800
7804	765.800
8152	765.800
8239	765.800
8282	765.800
8368	765.800
8558	765.800
7771	765.900
7810	765.900
7911	765.900
7982	765.900
8296	765.900
8331	765.900
8362	765.900
8428	765.900
8455	765.900
8515	765.900
8547	765.900
7888	766.000
7893	766.000
7999	766.000
8041	766.000
8086	766.000
8299	766.000
8512	766.000
7807	766.100
7981	766.100
8134	766.100
8232	766.100
8454	766.100
7786	766.200
7878	766.200
7939	766.200
8006	766.200
8049	766.200
8092	766.200
8105	766.200
8287	766.200
8310	766.200
8356	766.200
8389	766.200
8559	766.200
8637	766.200
8643	766.200
7840	766.300
7845	766.300
7885	766.300
7953	766.300
8091	766.300
8164	766.300
8272	766.300
8296	766.300
8296	766.300
8452	766.300
8549	766.300
8557	766.300
7776	766.400
7875	766.400
7946	766.400
7964	766.400
8019	766.400
8281	766.400
8371	766.400
8455	766.400
7837	766.500
8081	766.500
8103	766.500
8140	766.500
8235	766.500
8314	766.500
8319	766.500
8500	766.500
8544	766.500
8628	766.500
7821	766.600
7838	766.600
8023	766.600
8034	766.600
8155	766.600
8498	766.600
8567	766.600
7748	766.700
7774	766.700
7788	766.700
7827	766.700
7842	766.700
7899	766.700
8043	766.700
8085	766.700
8145	766.700
8238	766.700
8468	766.700
8487	766.700
8511	766.700
8512	766.700
7796	766.800
7812	766.800
7995	766.800
8114	766.800
8141	766.800
8152	766.800
8199	766.800
8339	766.800
8439	766.800
8536	766.800
8572	766.800
8594	766.800
7998	766.900
8461	766.900
8549	766.900
8601	766.900
7825	767.000
7840	767.000
7847	767.000
7874	767.000
7888	767.000
8060	767.000
8092	767.000
8150	767.000
8357	767.000
8490	767.000
7764	767.100
7845	767.100
7981	767.100
8123	767.100
8151	767.100
8223	767.100
8387	767.100
8406	767.100
7800	767.200
7825	767.200
8008	767.200
8009	767.200
8050	767.200
8154	767.200
8198	767.200
8263	767.200
8301	767.200
8395	767.200
8477	767.200
8481	767.200
8489	767.200
7742	767.300
7759	767.300
7786	767.300
7802	767.300
7843	767.300
8148	767.300
8306	767.300
8329	767.300
8363	767.300
8502	767.300
8520	767.300
7757	767.400
7803	767.400
7899	767.400
7904	767.400
8116	767.400
8127	767.400
8189	767.400
8309	767.400
8354	767.400
8390	767.400
8439	767.400
8519	767.400
8583	767.400
7745	767.500
7926	767.500
7996	767.500
8085	767.500
8218	767.500
8321	767.500
8519	767.500
8548	767.500
7921	767.600
7928	767.600
7934	767.600
7979	767.600
8229	767.600
8310	767.600
8323	767.600
8343	767.600
8508	767.600
7758	767.700
7872	767.700
7927	767.700
7932	767.700
7970	767.700
8170	767.700
8226	767.700
8307	767.700
8517	767.700
8526	767.700
8618	767.700
7778	767.800
7798	767.800
8166	767.800
8304	767.800
8467	767.800
8517	767.800
8594	767.800
8632	767.800
8003	767.900
8024	767.900
8078	767.900
8094	767.900
8158	767.900
8256	767.900
8545	767.900
8592	767.900
8631	767.900
7823	768.000
7851	768.000
7912	768.000
7973	768.000
7976	768.000
8183	768.000
8194	768.000
8195	768.000
8448	768.000
7894	768.100
8019	768.100
8277	768.100
8280	768.100
8285	768.100
8318	768.100
8388	768.100
8389	768.100
8406	768.100
8435	768.100
7813	768.200
7892	768.200
8037	768.200
8067	768.200
8482	768.200
8621	768.200
7756	768.300
7791	768.300
7976	768.300
8075	768.300
8122	768.300
8141	768.300
8152	768.300
8220	768.300
8293	768.300
8335	768.300
8449	768.300
7908	768.400
7976	768.400
8031	768.400
8142	768.400
8223	768.400
8287	768.400
8329	768.400
8369	768.400
8468	768.400
7780	768.500
7855	768.500
7860	768.500
7872	768.500
7939	768.500
7977	768.500
8127	768.500
8145	768.500
8162	768.500
8326	768.500
8563	768.500
8592	768.500
7909	768.600
7920	768.600
7924	768.600
8008	768.600
8047	768.600
8230	768.600
8264	768.600
8299	768.600
8337	768.600
8383	768.600
8635	768.600
7759	768.700
7908	768.700
7978	768.700
8039	768.700
8040	768.700
8083	768.700
8263	768.700
8286	768.700
8313	768.700
8435	768.700
7871	768.800
7923	768.800
7934	768.800
8036	768.800
8111	768.800
8172	768.800
8238	768.800
8274	768.800
8318	768.800
8417	768.800
8419	768.800
8479	768.800
8639	768.800
7772	768.900
7815	768.900
8089	768.900
8193	768.900
8241	768.900
8573	768.900
7869	769.000
7979	769.000
7988	769.000
8037	769.000
8056	769.000
8344	769.000
8397	769.000
8451	769.000
8475	769.000
8531	769.000
8551	769.000
8592	769.000
8606	769.000
8638	769.000
8643	769.000
7743	769.100
7820	769.100
7835	769.100
7862	769.100
7968	769.100
8130	769.100
8310	769.100
8334	769.100
8405	769.100
8569	769.100
8626	769.100
7823	769.200
7920	769.200
7922	769.200
8037	769.200
8056	769.200
8057	769.200
8148	769.200
8215	769.200
8267	769.200
8368	769.200
8388	769.200
8501	769.200
8502	769.200
8636	769.200
7791	769.300
7905	769.300
7971	769.300
8025	769.300
8185	769.300
8333	769.300
8391	769.300
8442	769.300
8454	769.300
8479	769.300
8511	769.300
8596	769.300
7798	769.400
7922	769.400
7973	769.400
8011	769.400
8073	769.400
8073	769.400
8074	769.400
8430	769.400
8486	769.400
7761	769.500
7882	769.500
8009	769.500
8235	769.500
8347	769.500
7872	769.600
8033	769.600
8059	769.600
8111	769.600
8320	769.600
8347	769.600
8392	769.600
8558	769.600
8574	769.600
8587	769.600
7746	769.700
7838	769.700
7889	769.700
7919	769.700
8014	769.700
8096	769.700
8154	769.700
8382	769.700
8451	769.700
8534	769.700
8619	769.700
7896	769.800
7907	769.800
7978	769.800
8170	769.800
8292	769.800
8466	769.800
8568	769.800
7773	769.900
7799	769.900
7870	769.900
7961	769.900
7967	769.900
7973	769.900
8075	769.900
8199	769.900
8226	769.900
8255	769.900
7757	770.000
7889	770.000
8037	770.000
8115	770.000
8128	770.000
8191	770.000
8224	770.000
8275	770.000
8508	770.000
8630	770.000
7870	770.100
7887	770.100
8267	770.100
8293	770.100
8363	770.100
8502	770.100
8514	770.100
8540	770.100
8557	770.100
7811	770.200
7848	770.200
7917	770.200
7960	770.200
8428	770.200
8484	770.200
8528	770.200
7786	770.300
7830	770.300
7866	770.300
7896	770.300
7910	770.300
8169	770.300
8192	770.300
8215	770.300
8383	770.300
8486	770.300
8557	770.300
8608	770.300
8619	770.300
8624	770.300
7769	770.400
7803	770.400
7959	770.400
8069	770.400
8084	770.400
8108	770.400
8202	770.400
8205	770.400
8349	770.400
8373	770.400
8382	770.400
8408	770.400
8521	770.400
8554	770.400
8556	770.400
8089	770.500
8121	770.500
8134	770.500
8323	770.500
8342	770.500
8359	770.500
8364	770.500
8405	770.500
7811	770.600
8115	770.600
8230	770.600
8267	770.600
8409	770.600
8510	770.600
7787	770.700
7816	770.700
7827	770.700
7884	770.700
7972	770.700
8021	770.700
8029	770.700
8096	770.700
8169	770.700
8333	770.700
8462	770.700
7836	770.800
7868	770.800
7913	770.800
7949	770.800
8008	770.800
8031	770.800
8118	770.800
8507	770.800
8621	770.800
7805	770.900
7857	770.900
8022	770.900
8265	770.900
8269	770.900
7829	771.000
8099	771.000
8381	771.000
8399	771.000
8539	771.000
8584	771.000
8590	771.000
7892	771.100
7985	771.100
8021	771.100
8077	771.100
8107	771.100
8123	771.100
8199	771.100
8316	771.100
8406	771.100
8505	771.100
8548	771.100
8586	771.100
8592	771.100
8614	771.100
7803	771.200
7818	771.200
7848	771.200
7854	771.200
8081	771.200
8195	771.200
8255	771.200
8320	771.200
8383	771.200
8617	771.200
7887	771.300
7917	771.300
8088	771.300
8088	771.300
8093	771.300
8160	771.300
8245	771.300
8337	771.300
8420	771.300
8482	771.300
8548	771.300
8566	771.300
7860	771.400
7943	771.400
7988	771.400
8066	771.400
8083	771.400
8224	771.400
8235	771.400
8297	771.400
8317	771.400
8330	771.400
8466	771.400
8473	771.400
8493	771.400
8601	771.400
7747	771.500
7773	771.500
7896	771.500
7952	771.500
8149	771.500
8280	771.500
8296	771.500
8355	771.500
8427	771.500
7931	771.600
7941	771.600
8049	771.600
8077	771.600
8093	771.600
8105	771.600
8151	771.600
8159	771.600
8185	771.600
8192	771.600
8376	771.600
8456	771.600
8544	771.600
7855	771.700
7957	771.700
8106	771.700
8169	771.700
8176	771.700
8371	771.700
8452	771.700
8582	771.700
7837	771.800
7871	771.800
8183	771.800
8225	771.800
8350	771.800
8571	771.800
8634	771.800
7809	771.900
7949	771.900
8052	771.900
8071	771.900
8166	771.900
8197	771.900
8340	771.900
8346	771.900
8380	771.900
8420	771.900
8426	771.900
8440	771.900
8553	771.900
8580	771.900
8618	771.900
7778	772.000
8134	772.000
8147	772.000
8248	772.000
8366	772.000
8533	772.000
7840	772.100
7876	772.100
7888	772.100
8032	772.100
8140	772.100
8161	772.100
8220	772.100
8263	772.100
8369	772.100
8420	772.100
8590	772.100
8636	772.100
7830	772.200
7938	772.200
8002	772.200
8004	772.200
8383	772.200
8400	772.200
8423	772.200
8554	772.200
7754	772.300
7854	772.300
7910	772.300
7914	772.300
8133	772.300
8152	772.300
8240	772.300
8242	772.300
8307	772.300
8448	772.300
8463	772.300
8464	772.300
8531	772.300
7804	772.400
7812	772.400
7916	772.400
7927	772.400
7962	772.400
8159	772.400
8159	772.400
8326	772.400
8402	772.400
8568	772.400
7748	772.500
7770	772.500
7802	772.500
7908	772.500
7967	772.500
8038	772.500
8143	772.500
8370	772.500
8564	772.500
7789	772.600
7900	772.600
7943	772.600
7991	772.600
8025	772.600
8049	772.600
8077	772.600
8102	772.600
8130	772.600
8309	772.600
8379	772.600
8430	772.600
8503	772.600
8547	772.600
8564	772.600
8611	772.600
8615	772.600
7760	772.700
7763	772.700
7777	772.700
7849	772.700
7858	772.700
7921	772.700
7982	772.700
8062	772.700
8117	772.700
8279	772.700
8335	772.700
8389	772.700
8394	772.700
8459	772.700
8564	772.700
7749	772.800
7866	772.800
7880	772.800
7891	772.800
7892	772.800
8260	772.800
8386	772.800
8402	772.800
8442	772.800
8456	772.800
8478	772.800
8565	772.800
8594	772.800
8602	772.800
7751	772.900
7753	772.900
7854	772.900
7982	772.900
8027	772.900
8251	772.900
8264	772.900
8368	772.900
8369	772.900
8482	772.900
8583	772.900
8617	772.900
8623	772.900
7827	773.000
7949	773.000
7965	773.000
8011	773.000
8079	773.000
8105	773.000
8236	773.000
8270	773.000
8371	773.000
8378	773.000
8406	773.000
8439	773.000
8476	773.000
8606	773.000
8636	773.000
7761	773.100
7824	773.100
7844	773.100
7896	773.100
8109	773.100
8168	773.100
8202	773.100
8207	773.100
8219	773.100
8296	773.100
8411	773.100
8467	773.100
8514	773.100
8608	773.100
7781	773.200
7862	773.200
7889	773.200
8038	773.200
8053	773.200
8178	773.200
8194	773.200
8202	773.200
8338	773.200
8348	773.200
8569	773.200
8611	773.200
7854	773.300
7882	773.300
7902	773.300
7919	773.300
7930	773.300
8081	773.300
8203	773.300
8220	773.300
8235	773.300
8265	773.300
8375	773.300
8414	773.300
8481	773.300
8505	773.300
8023	773.400
8266	773.400
8331	773.400
8352	773.400
8378	773.400
8636	773.400
7781	773.500
7788	773.500
7792	773.500
7799	773.500
7911	773.500
8036	773.500
8056	773.500
8146	773.500
8201	773.500
8254	773.500
8281	773.500
8360	773.500
8406	773.500
8408	773.500
8521	773.500
7798	773.600
7864	773.600
7946	773.600
8023	773.600
8048	773.600
8057	773.600
8198	773.600
8282	773.600
8294	773.600
8332	773.600
8476	773.600
8631	773.600
8060	773.700
8089	773.700
8177	773.700
8177	773.700
8222	773.700
8248	773.700
8399	773.700
8417	773.700
8571	773.700
7809	773.800
7856	773.800
7863	773.800
7864	773.800
7995	773.800
8071	773.800
8135	773.800
8182	773.800
8286	773.800
8325	773.800
8330	773.800
8386	773.800
8422	773.800
8423	773.800
8445	773.800
8619	773.800
7812	773.900
7828	773.900
7998	773.900
8317	773.900
8534	773.900
8561	773.900
7824	774.000
7897	774.000
7995	774.000
8058	774.000
8094	774.000
8104	774.000
8408	774.000
8445	774.000
8561	774.000
8637	774.000
7780	774.100
7866	774.100
7885	774.100
7974	774.100
8036	774.100
8159	774.100
8193	774.100
8226	774.100
8413	774.100
8515	774.100
7754	774.200
7767	774.200
7957	774.200
7965	774.200
8043	774.200
8133	774.200
8162	774.200
8194	774.200
8388	774.200
8394	774.200
8532	774.200
8548	774.200
8579	774.200
8606	774.200
7752	774.300
7820	774.300
7844	774.300
7970	774.300
7970	774.300
7981	774.300
8030	774.300
8108	774.300
8232	774.300
8304	774.300
8431	774.300
8513	774.300
8547	774.300
7758	774.400
7765	774.400
7845	774.400
8243	774.400
8459	774.400
8617	774.400
7742	774.500
7846	774.500
7916	774.500
7971	774.500
8235	774.500
8342	774.500
8366	774.500
8450	774.500
7773	774.600
7811	774.600
8077	774.600
8079	774.600
8130	774.600
8162	774.600
8175	774.600
8186	774.600
8195	774.600
8205	774.600
8401	774.600
8454	774.600
8543	774.600
8580	774.600
8593	774.600
7753	774.700
7803	774.700
7849	774.700
7912	774.700
7913	774.700
7922	774.700
8189	774.700
8228	774.700
8239	774.700
8272	774.700
8300	774.700
8367	774.700
8430	774.700
8555	774.700
7790	774.800
7827	774.800
7880	774.800
7941	774.800
7979	774.800
8400	774.800
8538	774.800
7756	774.900
7789	774.900
7793	774.900
7827	774.900
7847	774.900
7891	774.900
7952	774.900
8014	774.900
8029	774.900
8038	774.900
8116	774.900
8137	774.900
8140	774.900
8176	774.900
8388	774.900
8448	774.900
8474	774.900
8516	774.900
8540	774.900
8636	774.900
7827	775.000
7872	775.000
8006	775.000
8043	775.000
8152	775.000
8165	775.000
8197	775.000
8211	775.000
8288	775.000
8432	775.000
8450	775.000
7839	775.100
7848	775.100
8019	775.100
8079	775.100
8089	775.100
8157	775.100
8195	775.100
8218	775.100
8225	775.100
8265	775.100
8279	775.100
8415	775.100
8469	775.100
8489	775.100
8503	775.100
7804	775.200
7979	775.200
8038	775.200
8309	775.200
8470	775.200
8483	775.200
8485	775.200
8526	775.200
8542	775.200
8564	775.200
8589	775.200
7769	775.300
8140	775.300
8304	775.300
8374	775.300
8400	775.300
8540	775.300
8594	775.300
7789	775.400
7848	775.400
7997	775.400
8011	775.400
8035	775.400
8041	775.400
8064	775.400
8114	775.400
8295	775.400
8322	775.400
8351	775.400
8379	775.400
8482	775.400
8571	775.400
8572	775.400
7830	775.500
8024	775.500
8228	775.500
8252	775.500
8376	775.500
8493	775.500
8517	775.500
8528	775.500
8567	775.500
7968	775.600
8019	775.600
8297	775.600
8327	775.600
8479	775.600
8498	775.600
8538	775.600
8541	775.600
8627	775.600
7862	775.700
7985	775.700
7986	775.700
8132	775.700
8284	775.700
8322	775.700
8343	775.700
8464	775.700
8606	775.700
7805	775.800
7994	775.800
8110	775.800
8211	775.800
8332	775.800
8419	775.800
8511	775.800
8622	775.800
8628	775.800
7858	775.900
7902	775.900
8033	775.900
8067	775.900
8082	775.900
8144	775.900
8259	775.900
8358	775.900
8507	775.900
8546	775.900
8593	775.900
7859	776.000
7959	776.000
7973	776.000
7981	776.000
7990	776.000
7990	776.000
8042	776.000
8065	776.000
8115	776.000
8185	776.000
8238	776.000
8261	776.000
8327	776.000
8329	776.000
8343	776.000
8410	776.000
8416	776.000
8558	776.000
8610	776.000
7823	776.100
7847	776.100
7919	776.100
7968	776.100
8219	776.100
8268	776.100
8302	776.100
8373	776.100
8385	776.100
8509	776.100
8515	776.100
8521	776.100
8559	776.100
8605	776.100
7841	776.200
7906	776.200
7954	776.200
8045	776.200
8119	776.200
8439	776.200
8500	776.200
7796	776.300
8102	776.300
8139	776.300
8195	776.300
8356	776.300
8463	776.300
8478	776.300
8541	776.300
7742	776.400
7768	776.400
7773	776.400
7901	776.400
8012	776.400
8161	776.400
8276	776.400
8287	776.400
8352	776.400
8381	776.400
8394	776.400
8450	776.400
8473	776.400
8480	776.400
8508	776.400
8583	776.400
8595	776.400
7760	776.500
7839	776.500
7933	776.500
8139	776.500
8184	776.500
8303	776.500
8368	776.500
8626	776.500
7751	776.600
7822	776.600
7939	776.600
8105	776.600
8117	776.600
8177	776.600
8181	776.600
8234	776.600
8463	776.600
8596	776.600
7769	776.700
7796	776.700
7802	776.700
7810	776.700
7947	776.700
8048	776.700
8146	776.700
8214	776.700
8309	776.700
8315	776.700
8500	776.700
8618	776.700
8064	776.800
8130	776.800
8346	776.800
8356	776.800
8511	776.800
8518	776.800
8625	776.800
7795	776.900
7866	776.900
7889	776.900
8013	776.900
8221	776.900
8291	776.900
8300	776.900
8363	776.900
8368	776.900
8512	776.900
8521	776.900
7822	777.000
7904	777.000
8042	777.000
8059	777.000
8126	777.000
8127	777.000
8285	777.000
8299	777.000
8301	777.000
8375	777.000
8396	777.000
8446	777.000
8548	777.000
8551	777.000
8553	777.000
8586	777.000
8631	777.000
7751	777.100
7954	777.100
8002	777.100
8004	777.100
8015	777.100
8084	777.100
8164	777.100
8199	777.100
8300	777.100
8375	777.100
8547	777.100
8595	777.100
7853	777.200
7895	777.200
7942	777.200
7973	777.200
8058	777.200
8105	777.200
8145	777.200
7901	777.300
7940	777.300
7942	777.300
7977	777.300
8091	777.300
8132	777.300
8180	777.300
8433	777.300
8451	777.300
8528	777.300
7780	777.400
7932	777.400
8004	777.400
8302	777.400
8416	777.400
8485	777.400
8523	777.400
8555	777.400
8565	777.400
8627	777.400
7972	777.500
8177	777.500
8364	777.500
8417	777.500
8468	777.500
8473	777.500
8582	777.500
8591	777.500
7903	777.600
7944	777.600
8150	777.600
8283	777.600
8305	777.600
8402	777.600
8512	777.600
8627	777.600
7827	777.700
8042	777.700
8164	777.700
8166	777.700
8260	777.700
8260	777.700
8293	777.700
8324	777.700
8440	777.700
8489	777.700
7783	777.800
7888	777.800
7990	777.800
8025	777.800
8047	777.800
8066	777.800
8356	777.800
8425	777.800
8523	777.800
7836	777.900
7960	777.900
7997	777.900
8049	777.900
8055	777.900
8114	777.900
8116	777.900
8193	777.900
8346	777.900
8450	777.900
8464	777.900
8466	777.900
7804	778.000
7841	778.000
7920	778.000
8019	778.000
8053	778.000
8181	778.000
8196	778.000
8229	778.000
8266	778.000
8270	778.000
8309	778.000
8516	778.000
7767	778.100
7842	778.100
7878	778.100
8054	778.100
8067	778.100
8108	778.100
8202	778.100
8296	778.100
8364	778.100
8453	778.100
8587	778.100
8604	778.100
7792	778.200
7849	778.200
7864	778.200
7929	778.200
7990	778.200
8299	778.200
8396	778.200
8529	778.200
8594	778.200
8031	778.300
8192	778.300
8250	778.300
8364	778.300
8442	778.300
7748	778.400
7890	778.400
7927	778.400
8250	778.400
8309	778.400
8394	778.400
8412	778.400
8434	778.400
8455	778.400
8524	778.400
8574	778.400
7784	778.500
7939	778.500
8045	778.500
8061	778.500
8085	778.500
8116	778.500
8195	778.500
8313	778.500
8360	778.500
8501	778.500
8590	778.500
8619	778.500
7755	778.600
7801	778.600
7843	778.600
7863	778.600
7958	778.600
7999	778.600
8050	778.600
8537	778.600
7781	778.700
7869	778.700
8103	778.700
8147	778.700
8246	778.700
8280	778.700
8489	778.700
8504	778.700
7747	778.800
7778	778.800
7785	778.800
7883	778.800
7953	778.800
7989	778.800
8008	778.800
8035	778.800
8075	778.800
8241	778.800
8248	778.800
8364	778.800
7778	778.900
7804	778.900
7828	778.900
7969	778.900
8031	778.900
8056	778.900
8099	778.900
8178	778.900
8301	778.900
8412	778.900
8583	778.900
7915	779.000
7928	779.000
8021	779.000
8098	779.000
8165	779.000
8271	779.000
8344	779.000
8522	779.000
8595	779.000
7791	779.100
7840	779.100
7950	779.100
8023	779.100
8202	779.100
8266	779.100
8308	779.100
8363	779.100
8439	779.100
8499	779.100
8564	779.100
8603	779.100
8127	779.200
8190	779.200
8191	779.200
8284	779.200
8321	779.200
8420	779.200
8596	779.200
8604	779.200
8635	779.200
7762	779.300
7771	779.300
7815	779.300
7825	779.300
8261	779.300
8338	779.300
8360	779.300
8399	779.300
8400	779.300
7743	779.400
7887	779.400
7943	779.400
8301	779.400
8398	779.400
8495	779.400
8642	779.400
7948	779.500
7998	779.500
8045	779.500
8134	779.500
8137	779.500
8145	779.500
8196	779.500
8344	779.500
8362	779.500
8379	779.500
8509	779.500
8519	779.500
7900	779.600
7916	779.600
8160	779.600
8325	779.600
8362	779.600
8395	779.600
8548	779.600
8568	779.600
7766	779.700
8017	779.700
8041	779.700
8126	779.700
8301	779.700
8432	779.700
8456	779.700
8478	779.700
8580	779.700
8604	779.700
7773	779.800
7934	779.800
7984	779.800
8016	779.800
8187	779.800
8286	779.800
8340	779.800
8418	779.800
8553	779.800
8556	779.800
7763	779.900
7830	779.900
8055	779.900
8060	779.900
8326	779.900
8405	779.900
8578	779.900
8613	779.900
7770	780.000
7847	780.000
8128	780.000
8291	780.000
8319	780.000
8385	780.000
8404	780.000
8469	780.000
8637	780.000
7814	780.100
7841	780.100
7851	780.100
7866	780.100
7990	780.100
7994	780.100
8004	780.100
8087	780.100
8416	780.100
7949	780.200
7954	780.200
7979	780.200
8075	780.200
8076	780.200
8096	780.200
8219	780.200
8460	780.200
8509	780.200
8523	780.200
8530	780.200
8574	780.200
8587	780.200
8611	780.200
8630	780.200
8643	780.200
7837	780.300
7983	780.300
8086	780.300
8160	780.300
8161	780.300
8174	780.300
8331	780.300
8345	780.300
8537	780.300
8539	780.300
8593	780.300
8637	780.300
7848	780.400
7856	780.400
7952	780.400
8050	780.400
8051	780.400
8055	780.400
8144	780.400
8177	780.400
8478	780.400
8549	780.400
8617	780.400
7818	780.500
7895	780.500
7900	780.500
7908	780.500
7964	780.500
8087	780.500
8115	780.500
8208	780.500
8239	780.500
8315	780.500
8378	780.500
8415	780.500
8456	780.500
8566	780.500
8619	780.500
7804	780.600
7969	780.600
7972	780.600
8151	780.600
8152	780.600
8330	780.600
8421	780.600
8548	780.600
8631	780.600
7956	780.700
8016	780.700
8048	780.700
8140	780.700
8203	780.700
8277	780.700
8292	780.700
8454	780.700
8469	780.700
7902	780.800
7944	780.800
7952	780.800
7987	780.800
8222	780.800
8303	780.800
8516	780.800
8565	780.800
8627	780.800
7749	780.900
7802	780.900
7958	780.900
8055	780.900
8268	780.900
8269	780.900
8289	780.900
8378	780.900
8495	780.900
8425	781.000
8569	781.000
8598	781.000
7791	781.100
7831	781.100
7857	781.100
7886	781.100
7890	781.100
8106	781.100
8237	781.100
8298	781.100
8384	781.100
8389	781.100
8402	781.100
8418	781.100
8422	781.100
8432	781.100
8519	781.100
8539	781.100
8542	781.100
8543	781.100
8589	781.100
8592	781.100
7756	781.200
7837	781.200
7914	781.200
8092	781.200
8099	781.200
8233	781.200
8530	781.200
8532	781.200
8532	781.200
8575	781.200
7901	781.300
8181	781.300
8228	781.300
8280	781.300
8311	781.300
8322	781.300
8606	781.300
8632	781.300
7967	781.400
8229	781.400
8260	781.400
8310	781.400
8335	781.400
8422	781.400
8429	781.400
8460	781.400
8482	781.400
8577	781.400
8630	781.400
7833	781.500
7852	781.500
8148	781.500
8269	781.500
8273	781.500
8333	781.500
8339	781.500
8510	781.500
8631	781.500
7830	781.600
7922	781.600
7933	781.600
8024	781.600
8139	781.600
8195	781.600
8202	781.600
8325	781.600
8342	781.600
8441	781.600
8470	781.600
8589	781.600
8641	781.600
7939	781.700
8195	781.700
8199	781.700
8236	781.700
8248	781.700
8336	781.700
8439	781.700
8477	781.700
8541	781.700
7823	781.800
7883	781.800
7923	781.800
8076	781.800
8177	781.800
8208	781.800
8299	781.800
8334	781.800
8341	781.800
8475	781.800
8486	781.800
8544	781.800
7769	781.900
7810	781.900
7971	781.900
7984	781.900
7997	781.900
8084	781.900
8136	781.900
8228	781.900
8333	781.900
8478	781.900
7890	782.000
7915	782.000
7948	782.000
8047	782.000
8109	782.000
8324	782.000
8582	782.000
7921	782.100
7972	782.100
8008	782.100
8051	782.100
8291	782.100
8307	782.100
8325	782.100
8381	782.100
8489	782.100
8513	782.100
8552	782.100
8611	782.100
8621	782.100
7850	782.200
7851	782.200
8071	782.200
8483	782.200
8568	782.200
7827	782.300
7867	782.300
8044	782.300
8083	782.300
8112	782.300
8195	782.300
8379	782.300
8419	782.300
8529	782.300
7970	782.400
8017	782.400
8083	782.400
8134	782.400
8140	782.400
8164	782.400
8199	782.400
8293	782.400
8355	782.400
8397	782.400
8590	782.400
7931	782.500
8045	782.500
8091	782.500
8163	782.500
8167	782.500
8202	782.500
8217	782.500
8219	782.500
8245	782.500
8271	782.500
8371	782.500
7812	782.600
7887	782.600
7959	782.600
8079	782.600
8092	782.600
8176	782.600
8229	782.600
8247	782.600
8262	782.600
8384	782.600
8495	782.600
8595	782.600
7770	782.700
7789	782.700
7791	782.700
7811	782.700
7972	782.700
7976	782.700
7985	782.700
8013	782.700
8102	782.700
8115	782.700
8137	782.700
8156	782.700
8243	782.700
8403	782.700
8404	782.700
8552	782.700
8567	782.700
8621	782.700
7811	782.800
7819	782.800
7851	782.800
7891	782.800
8083	782.800
8354	782.800
8420	782.800
8438	782.800
8447	782.800
8488	782.800
8493	782.800
8517	782.800
7768	782.900
7814	782.900
7881	782.900
7918	782.900
8010	782.900
8306	782.900
8459	782.900
8479	782.900
8528	782.900
8556	782.900
7761	783.000
7764	783.000
7982	783.000
8056	783.000
8086	783.000
8107	783.000
8191	783.000
8266	783.000
8267	783.000
8297	783.000
8372	783.000
8568	783.000
8570	783.000
8611	783.000
8622	783.000
7757	783.100
7760	783.100
7775	783.100
7887	783.100
8021	783.100
8045	783.100
8080	783.100
8119	783.100
8141	783.100
8248	783.100
8250	783.100
8293	783.100
8373	783.100
8453	783.100
8495	783.100
8613	783.100
8621	783.100
7843	783.200
7880	783.200
7930	783.200
8028	783.200
8087	783.200
8160	783.200
8260	783.200
8433	783.200
8470	783.200
8512	783.200
8527	783.200
8546	783.200
8585	783.200
7751	783.300
7753	783.300
8237	783.300
8611	783.300
7798	783.400
7835	783.400
7861	783.400
7983	783.400
8003	783.400
8076	783.400
8292	783.400
8336	783.400
8342	783.400
8368	783.400
8401	783.400
8433	783.400
8479	783.400
8513	783.400
8515	783.400
8630	783.400
7780	783.500
7793	783.500
7799	783.500
8043	783.500
8067	783.500
8316	783.500
8360	783.500
8393	783.500
8524	783.500
7797	783.600
7807	783.600
7868	783.600
7888	783.600
7989	783.600
8057	783.600
8174	783.600
8249	783.600
8429	783.600
8451	783.600
7827	783.700
7875	783.700
7893	783.700
7918	783.700
7924	783.700
8213	783.700
8263	783.700
8600	783.700
8610	783.700
7783	783.800
7956	783.800
8009	783.800
8067	783.800
8234	783.800
8293	783.800
8451	783.800
8518	783.800
7988	783.900
8028	783.900
8229	783.900
8245	783.900
8282	783.900
8294	783.900
8339	783.900
8347	783.900
8395	783.900
8569	783.900
7886	784.000
7902	784.000
8008	784.000
8225	784.000
8325	784.000
8556	784.000
8602	784.000
8604	784.000
7841	784.100
8029	784.100
8038	784.100
8071	784.100
8085	784.100
8157	784.100
8224	784.100
8246	784.100
8280	784.100
8467	784.100
8531	784.100
8546	784.100
8600	784.100
8612	784.100
7862	784.200
7869	784.200
7978	784.200
8074	784.200
8094	784.200
8136	784.200
8160	784.200
8241	784.200
8311	784.200
8490	784.200
8584	784.200
7765	784.300
7950	784.300
8028	784.300
8065	784.300
8177	784.300
8208	784.300
8311	784.300
8344	784.300
8384	784.300
8456	784.300
8485	784.300
8512	784.300
8045	784.400
8076	784.400
8086	784.400
8095	784.400
8121	784.400
8171	784.400
8542	784.400
8556	784.400
7783	784.500
7824	784.500
7892	784.500
7896	784.500
8005	784.500
8141	784.500
8179	784.500
8202	784.500
8235	784.500
8382	784.500
8410	784.500
8512	784.500
8585	784.500
8586	784.500
7757	784.600
7787	784.600
7873	784.600
7913	784.600
8070	784.600
8117	784.600
8118	784.600
8170	784.600
8344	784.600
8442	784.600
8444	784.600
8450	784.600
8556	784.600
8566	784.600
8631	784.600
7823	784.700
7871	784.700
7882	784.700
7929	784.700
7991	784.700
8004	784.700
8060	784.700
8123	784.700
8155	784.700
8232	784.700
8242	784.700
8332	784.700
8372	784.700
8426	784.700
8454	784.700
8484	784.700
8538	784.700
8621	784.700
7799	784.800
7860	784.800
7883	784.800
7940	784.800
7960	784.800
8018	784.800
8293	784.800
8317	784.800
8574	784.800
7839	784.900
7884	784.900
7887	784.900
7952	784.900
8140	784.900
8329	784.900
8354	784.900
8395	784.900
8523	784.900
8530	784.900
8544	784.900
7770	785.000
7779	785.000
7839	785.000
7906	785.000
8008	785.000
8088	785.000
8242	785.000
8309	785.000
8323	785.000
8395	785.000
8417	785.000
7891	785.100
7949	785.100
8002	785.100
8027	785.100
8079	785.100
8299	785.100
8334	785.100
8394	785.100
8469	785.100
8633	785.100
7756	785.200
7884	785.200
7956	785.200
8017	785.200
8028	785.200
8157	785.200
8206	785.200
8243	785.200
8343	785.200
8382	785.200
8449	785.200
8473	785.200
8484	785.200
8537	785.200
8641	785.200
7744	785.300
7782	785.300
7996	785.300
8042	785.300
8107	785.300
8164	785.300
8183	785.300
8220	785.300
8253	785.300
8419	785.300
8515	785.300
7854	785.400
7921	785.400
7921	785.400
8000	785.400
8016	785.400
8037	785.400
8082	785.400
8156	785.400
8230	785.400
8241	785.400
8304	785.400
8352	785.400
8377	785.400
8416	785.400
8512	785.400
8517	785.400
8565	785.400
8566	785.400
7757	785.500
7808	785.500
7832	785.500
7957	785.500
8054	785.500
8088	785.500
8096	785.500
8184	785.500
8433	785.500
8480	785.500
7784	785.600
7807	785.600
7837	785.600
8008	785.600
8072	785.600
8154	785.600
8207	785.600
8285	785.600
8301	785.600
8519	785.600
8525	785.600
8531	785.600
7814	785.700
8040	785.700
8184	785.700
8408	785.700
8631	785.700
7769	785.800
7800	785.800
7879	785.800
7917	785.800
7926	785.800
7942	785.800
8055	785.800
8119	785.800
8146	785.800
8263	785.800
8306	785.800
8405	785.800
8408	785.800
8429	785.800
8496	785.800
8516	785.800
7801	785.900
7965	785.900
7977	785.900
8091	785.900
8246	785.900
8251	785.900
8278	785.900
8301	785.900
8376	785.900
8459	785.900
8598	785.900
7790	786.000
8103	786.000
8142	786.000
8204	786.000
8270	786.000
8379	786.000
8456	786.000
8583	786.000
7910	786.100
8064	786.100
8289	786.100
8318	786.100
8393	786.100
8445	786.100
8499	786.100
8519	786.100
8522	786.100
8584	786.100
8616	786.100
7849	786.200
7923	786.200
7944	786.200
7971	786.200
8028	786.200
8091	786.200
8100	786.200
8102	786.200
8200	786.200
8297	786.200
8310	786.200
8353	786.200
8370	786.200
8393	786.200
8511	786.200
8515	786.200
8529	786.200
8542	786.200
8563	786.200
7762	786.300
7814	786.300
7828	786.300
8240	786.300
8269	786.300
8456	786.300
7813	786.400
7814	786.400
7845	786.400
7874	786.400
7906	786.400
7998	786.400
8039	786.400
8064	786.400
8138	786.400
8234	786.400
8242	786.400
8246	786.400
8506	786.400
8533	786.400
7997	786.500
8196	786.500
8226	786.500
8455	786.500
8473	786.500
7883	786.600
7959	786.600
8085	786.600
8126	786.600
8137	786.600
8228	786.600
8282	786.600
8381	786.600
8414	786.600
8500	786.600
8566	786.600
8572	786.600
7748	786.700
7814	786.700
7962	786.700
8084	786.700
8095	786.700
8219	786.700
8256	786.700
8273	786.700
8442	786.700
8501	786.700
8536	786.700
8558	786.700
8577	786.700
7836	786.800
7966	786.800
8049	786.800
8069	786.800
8181	786.800
8251	786.800
8254	786.800
8380	786.800
8384	786.800
7745	786.900
7796	786.900
7953	786.900
7954	786.900
8055	786.900
8296	786.900
8313	786.900
8328	786.900
8379	786.900
8394	786.900
8426	786.900
8451	786.900
8451	786.900
8461	786.900
8464	786.900
7874	787.000
8031	787.000
8058	787.000
8107	787.000
8163	787.000
8251	787.000
8293	787.000
8331	787.000
8603	787.000
7827	787.100
7905	787.100
8057	787.100
8061	787.100
8066	787.100
8192	787.100
8388	787.100
8516	787.100
8603	787.100
7833	787.200
7949	787.200
8062	787.200
8120	787.200
8153	787.200
8191	787.200
8305	787.200
8359	787.200
8407	787.200
8440	787.200
8495	787.200
8529	787.200
8627	787.200
7808	787.300
7908	787.300
7926	787.300
8088	787.300
8324	787.300
8487	787.300
8491	787.300
8523	787.300
8557	787.300
8627	787.300
7742	787.400
7773	787.400
7956	787.400
7966	787.400
8013	787.400
8056	787.400
8085	787.400
8160	787.400
8180	787.400
8252	787.400
8268	787.400
8270	787.400
8363	787.400
8514	787.400
8609	787.400
7762	787.500
7787	787.500
7797	787.500
7922	787.500
8003	787.500
8089	787.500
8197	787.500
8254	787.500
8323	787.500
8474	787.500
8548	787.500
8582	787.500
7855	787.600
7862	787.600
8026	787.600
8102	787.600
8120	787.600
8171	787.600
8185	787.600
8205	787.600
8264	787.600
8275	787.600
8495	787.600
8550	787.600
8591	787.600
7791	787.700
7888	787.700
7932	787.700
8063	787.700
8105	787.700
8209	787.700
8461	787.700
8518	787.700
8543	787.700
8547	787.700
8556	787.700
7890	787.800
8135	787.800
8177	787.800
8286	787.800
8338	787.800
8363	787.800
8524	787.800
7817	787.900
7821	787.900
7880	787.900
7975	787.900
8128	787.900
8141	787.900
8209	787.900
8294	787.900
8457	787.900
8477	787.900
8549	787.900
8596	787.900
8107	788.000
8108	788.000
8343	788.000
8421	788.000
8435	788.000
8565	788.000
7769	788.100
7812	788.100
7819	788.100
7856	788.100
7876	788.100
7943	788.100
8050	788.100
8100	788.100
8242	788.100
8438	788.100
8492	788.100
8493	788.100
8538	788.100
8593	788.100
7747	788.200
7779	788.200
7909	788.200
7930	788.200
8045	788.200
8055	788.200
8199	788.200
8316	788.200
8325	788.200
8635	788.200
7971	788.300
8014	788.300
8081	788.300
8166	788.300
8215	788.300
8328	788.300
8378	788.300
8433	788.300
8442	788.300
8469	788.300
8578	788.300
8597	788.300
8623	788.300
7794	788.400
7913	788.400
7948	788.400
7979	788.400
7996	788.400
8061	788.400
8090	788.400
8239	788.400
8317	788.400
8415	788.400
8533	788.400
7830	788.500
7884	788.500
8237	788.500
8333	788.500
8592	788.500
8020	788.600
8090	788.600
8109	788.600
8215	788.600
8317	788.600
8355	788.600
8420	788.600
8461	788.600
8494	788.600
8611	788.600
7858	788.700
7946	788.700
8150	788.700
8258	788.700
8421	788.700
8508	788.700
8512	788.700
7884	788.800
7886	788.800
7956	788.800
8142	788.800
8244	788.800
8286	788.800
8377	788.800
8407	788.800
8550	788.800
7744	788.900
7992	788.900
8012	788.900
8164	788.900
8253	788.900
8325	788.900
8390	788.900
8589	788.900
8638	788.900
7924	789.000
8125	789.000
8137	789.000
8185	789.000
8193	789.000
8220	789.000
8237	789.000
8291	789.000
8329	789.000
8349	789.000
8434	789.000
8456	789.000
8637	789.000
7796	789.100
8030	789.100
8078	789.100
8184	789.100
8547	789.100
8596	789.100
7766	789.200
7816	789.200
7826	789.200
7844	789.200
7994	789.200
8003	789.200
8010	789.200
8210	789.200
8230	789.200
8633	789.200
7843	789.300
7853	789.300
8057	789.300
8077	789.300
8214	789.300
8356	789.300
8403	789.300
8541	789.300
8542	789.300
7782	789.400
7805	789.400
8026	789.400
8107	789.400
8185	789.400
8270	789.400
8348	789.400
8370	789.400
8387	789.400
8398	789.400
8516	789.400
8563	789.400
7882	789.500
7935	789.500
8183	789.500
8231	789.500
8264	789.500
8268	789.500
8364	789.500
8393	789.500
7779	789.600
7815	789.600
7871	789.600
7918	789.600
7924	789.600
7927	789.600
7939	789.600
8040	789.600
8086	789.600
8297	789.600
8402	789.600
8418	789.600
8437	789.600
8470	789.600
8528	789.600
7882	789.700
7885	789.700
8000	789.700
8112	789.700
8174	789.700
8185	789.700
8186	789.700
8217	789.700
8240	789.700
8280	789.700
8400	789.700
8451	789.700
8614	789.700
7783	789.800
7807	789.800
7848	789.800
7955	789.800
8080	789.800
8101	789.800
8117	789.800
8269	789.800
8470	789.800
8485	789.800
8490	789.800
8508	789.800
8615	789.800
7747	789.900
7788	789.900
7814	789.900
7936	789.900
7986	789.900
7990	789.900
8159	789.900
8251	789.900
8279	789.900
8334	789.900
8350	789.900
8375	789.900
8508	789.900
8584	789.900
7769	790.000
7885	790.000
7890	790.000
7960	790.000
7991	790.000
8005	790.000
8124	790.000
8135	790.000
8290	790.000
8300	790.000
8541	790.000
7802	790.100
7828	790.100
7917	790.100
7951	790.100
8325	790.100
8365	790.100
8525	790.100
7798	790.200
7854	790.200
7868	790.200
7947	790.200
7949	790.200
8008	790.200
8259	790.200
8323	790.200
8433	790.200
8448	790.200
8471	790.200
8584	790.200
7817	790.300
7886	790.300
7963	790.300
8056	790.300
8615	790.300
8622	790.300
7978	790.400
8008	790.400
8012	790.400
8012	790.400
8118	790.400
8192	790.400
8343	790.400
8409	790.400
8556	790.400
7913	790.500
7918	790.500
8232	790.500
8263	790.500
8446	790.500
8514	790.500
8564	790.500
8596	790.500
8026	790.600
8046	790.600
8136	790.600
8194	790.600
8257	790.600
8288	790.600
8311	790.600
8370	790.600
8371	790.600
8432	790.600
8523	790.600
8545	790.600
7765	790.700
7891	790.700
8015	790.700
8028	790.700
8078	790.700
8119	790.700
8129	790.700
8357	790.700
8477	790.700
8603	790.700
8626	790.700
7777	790.800
7861	790.800
7921	790.800
8080	790.800
8219	790.800
8226	790.800
8260	790.800
8429	790.800
8514	790.800
8592	790.800
7947	790.900
7966	790.900
8011	790.900
8268	790.900
8366	790.900
7751	791.000
7764	791.000
7780	791.000
7851	791.000
7937	791.000
7964	791.000
7982	791.000
8041	791.000
8048	791.000
8502	791.000
8527	791.000
8596	791.000
8608	791.000
7798	791.100
7814	791.100
7988	791.100
8045	791.100
8082	791.100
8136	791.100
8174	791.100
8245	791.100
8250	791.100
8430	791.100
8502	791.100
7813	791.200
7832	791.200
7856	791.200
7905	791.200
7916	791.200
7959	791.200
8013	791.200
8039	791.200
8040	791.200
8215	791.200
8394	791.200
8510	791.200
8577	791.200
8638	791.200
7795	791.300
7880	791.300
7919	791.300
8015	791.300
8068	791.300
8106	791.300
8161	791.300
8349	791.300
8425	791.300
8594	791.300
7796	791.400
7805	791.400
7822	791.400
7879	791.400
8050	791.400
8118	791.400
8464	791.400
8507	791.400
7852	791.500
8000	791.500
8130	791.500
8243	791.500
8266	791.500
8295	791.500
8388	791.500
8388	791.500
8540	791.500
7777	791.600
7813	791.600
7864	791.600
8014	791.600
8088	791.600
8153	791.600
8169	791.600
8286	791.600
8375	791.600
8464	791.600
8554	791.600
8596	791.600
7799	791.700
7812	791.700
7841	791.700
8033	791.700
8058	791.700
8134	791.700
8162	791.700
8182	791.700
8208	791.700
8284	791.700
8295	791.700
8297	791.700
8342	791.700
8532	791.700
7782	791.800
7792	791.800
7970	791.800
8182	791.800
8269	791.800
8275	791.800
8301	791.800
8302	791.800
8339	791.800
8447	791.800
7777	791.900
8088	791.900
8195	791.900
8411	791.900
8452	791.900
8512	791.900
8612	791.900
7912	792.000
7998	792.000
8125	792.000
8202	792.000
8299	792.000
8462	792.000
7801	792.100
7803	792.100
7816	792.100
7861	792.100
7862	792.100
7983	792.100
7997	792.100
8212	792.100
8272	792.100
8294	792.100
8472	792.100
8497	792.100
8584	792.100
8192	792.200
8343	792.200
8359	792.200
8379	792.200
8411	792.200
8521	792.200
8534	792.200
8543	792.200
8552	792.200
8595	792.200
7891	792.300
7957	792.300
7974	792.300
8071	792.300
8071	792.300
8105	792.300
8174	792.300
8316	792.300
8317	792.300
8318	792.300
8354	792.300
8427	792.300
8452	792.300
7871	792.400
8282	792.400
8544	792.400
8595	792.400
8062	792.500
8160	792.500
8166	792.500
8287	792.500
8370	792.500
8568	792.500
8600	792.500
7761	792.600
7820	792.600
7827	792.600
7908	792.600
8061	792.600
8165	792.600
8244	792.600
8312	792.600
8316	792.600
8435	792.600
8476	792.600
8546	792.600
8598	792.600
8000	792.700
8010	792.700
8019	792.700
8054	792.700
8161	792.700
8176	792.700
8234	792.700
8360	792.700
8570	792.700
8608	792.700
7983	792.800
8025	792.800
8155	792.800
8479	792.800
8563	792.800
8592	792.800
7789	792.900
7884	792.900
7940	792.900
8004	792.900
8011	792.900
8034	792.900
8066	792.900
8074	792.900
8130	792.900
8170	792.900
8197	792.900
8205	792.900
8576	792.900
7815	793.000
7856	793.000
7973	793.000
8089	793.000
8201	793.000
8244	793.000
8435	793.000
8491	793.000
8620	793.000
8624	793.000
7804	793.100
7848	793.100
7861	793.100
7877	793.100
7899	793.100
8137	793.100
8460	793.100
7866	793.200
7874	793.200
7897	793.200
8185	793.200
8201	793.200
8268	793.200
8397	793.200
8455	793.200
8542	793.200
8579	793.200
7794	793.300
7803	793.300
7879	793.300
7885	793.300
8047	793.300
8266	793.300
8287	793.300
8309	793.300
8320	793.300
8363	793.300
8376	793.300
8422	793.300
8557	793.300
8599	793.300
7742	793.400
7798	793.400
7878	793.400
8062	793.400
8096	793.400
8115	793.400
8132	793.400
8249	793.400
8500	793.400
8537	793.400
7831	793.500
7849	793.500
7924	793.500
7954	793.500
8025	793.500
8034	793.500
8192	793.500
8196	793.500
8258	793.500
8273	793.500
8307	793.500
8451	793.500
8500	793.500
8610	793.500
8621	793.500
7764	793.600
7774	793.600
7812	793.600
7817	793.600
8220	793.600
8332	793.600
8382	793.600
8598	793.600
8626	793.600
7759	793.700
8020	793.700
8642	793.700
7767	793.800
7839	793.800
7880	793.800
7919	793.800
7981	793.800
8010	793.800
8075	793.800
8127	793.800
8394	793.800
8414	793.800
8436	793.800
8523	793.800
8547	793.800
7778	793.900
7793	793.900
7834	793.900
7900	793.900
7933	793.900
7937	793.900
8004	793.900
8055	793.900
8122	793.900
8163	793.900
8207	793.900
8217	793.900
8224	793.900
8225	793.900
8254	793.900
8329	793.900
8548	793.900
8575	793.900
8628	793.900
7823	794.000
7833	794.000
7889	794.000
7959	794.000
8256	794.000
8278	794.000
8312	794.000
8482	794.000
8505	794.000
7918	794.100
7943	794.100
8106	794.100
8235	794.100
8366	794.100
8366	794.100
8433	794.100
8536	794.100
8564	794.100
7760	794.200
7864	794.200
8190	794.200
8202	794.200
8351	794.200
8364	794.200
8402	794.200
8405	794.200
7936	794.300
7943	794.300
8003	794.300
8045	794.300
8149	794.300
8443	794.300
7758	794.400
7875	794.400
7928	794.400
7950	794.400
8028	794.400
8098	794.400
8182	794.400
8231	794.400
8290	794.400
8361	794.400
8464	794.400
8493	794.400
8549	794.400
7883	794.500
7913	794.500
7935	794.500
7942	794.500
8064	794.500
8257	794.500
8321	794.500
8373	794.500
8389	794.500
8602	794.500
7915	794.600
7952	794.600
8263	794.600
8310	794.600
8359	794.600
8389	794.600
7781	794.700
7876	794.700
7886	794.700
7928	794.700
7934	794.700
7943	794.700
8033	794.700
8055	794.700
8076	794.700
8122	794.700
8124	794.700
8310	794.700
8397	794.700
8437	794.700
8513	794.700
8595	794.700
8598	794.700
8602	794.700
7763	794.800
7824	794.800
8042	794.800
8105	794.800
8116	794.800
8258	794.800
8397	794.800
8416	794.800
7853	794.900
7917	794.900
8072	794.900
8218	794.900
8265	794.900
8483	794.900
7769	795.000
7914	795.000
8100	795.000
8271	795.000
8304	795.000
8379	795.000
8438	795.000
7778	795.100
7922	795.100
7923	795.100
8013	795.100
8183	795.100
8331	795.100
8593	795.100
7814	795.200
7840	795.200
7897	795.200
7909	795.200
7946	795.200
8044	795.200
8090	795.200
8146	795.200
8255	795.200
8326	795.200
8536	795.200
8542	795.200
8599	795.200
8630	795.200
7783	795.300
7933	795.300
7968	795.300
8002	795.300
8035	795.300
8111	795.300
8222	795.300
8304	795.300
8341	795.300
8377	795.300
8445	795.300
8471	795.300
7751	795.400
7821	795.400
7833	795.400
7890	795.400
7924	795.400
7983	795.400
7998	795.400
8124	795.400
8205	795.400
8294	795.400
8504	795.400
8542	795.400
8551	795.400
8588	795.400
8604	795.400
8633	795.400
7799	795.500
7824	795.500
7954	795.500
8032	795.500
8419	795.500
8623	795.500
7824	795.600
7852	795.600
7900	795.600
8052	795.600
8059	795.600
8134	795.600
8146	795.600
8187	795.600
8204	795.600
8240	795.600
8305	795.600
8369	795.600
8581	795.600
7777	795.700
7887	795.700
7910	795.700
7925	795.700
7976	795.700
8097	795.700
8244	795.700
8248	795.700
8266	795.700
8477	795.700
8523	795.700
7848	795.800
7851	795.800
7875	795.800
7914	795.800
7934	795.800
8090	795.800
8197	795.800
8411	795.800
8524	795.800
7754	795.900
7814	795.900
7817	795.900
7905	795.900
7962	795.900
8000	795.900
8230	795.900
8291	795.900
8329	795.900
8369	795.900
8388	795.900
8471	795.900
8476	795.900
7823	796.000
7866	796.000
7960	796.000
8155	796.000
8210	796.000
8213	796.000
8518	796.000
7800	796.100
7871	796.100
7918	796.100
7990	796.100
8041	796.100
8116	796.100
8225	796.100
8245	796.100
8246	796.100
8299	796.100
8304	796.100
8324	796.100
8494	796.100
8588	796.100
7750	796.200
7768	796.200
7768	796.200
7795	796.200
7934	796.200
7956	796.200
8118	796.200
8168	796.200
8180	796.200
8333	796.200
8348	796.200
8393	796.200
8530	796.200
8535	796.200
7773	796.300
7943	796.300
7955	796.300
7969	796.300
7993	796.300
8041	796.300
8144	796.300
8181	796.300
8184	796.300
8228	796.300
8280	796.300
8346	796.300
8435	796.300
8451	796.300
8456	796.300
8511	796.300
7809	796.400
8128	796.400
8155	796.400
8157	796.400
8287	796.400
8521	796.400
8596	796.400
7788	796.500
7949	796.500
7974	796.500
8044	796.500
8279	796.500
8415	796.500
8426	796.500
8533	796.500
8588	796.500
8030	796.600
8139	796.600
8185	796.600
8254	796.600
8293	796.600
8449	796.600
8621	796.600
7742	796.700
7856	796.700
7857	796.700
7878	796.700
7879	796.700
8098	796.700
8122	796.700
8167	796.700
8180	796.700
8315	796.700
8436	796.700
8643	796.700
7774	796.800
7830	796.800
7830	796.800
7908	796.800
8069	796.800
8155	796.800
8258	796.800
8320	796.800
8442	796.800
8459	796.800
8518	796.800
7794	796.900
8066	796.900
8284	796.900
8373	796.900
8426	796.900
8587	796.900
8614	796.900
7824	797.000
8053	797.000
8109	797.000
8321	797.000
8393	797.000
8501	797.000
8504	797.000
8574	797.000
7792	797.100
7862	797.100
7938	797.100
8015	797.100
8225	797.100
8298	797.100
8445	797.100
8570	797.100
7876	797.200
7925	797.200
8053	797.200
8086	797.200
8154	797.200
8253	797.200
8280	797.200
8336	797.200
7775	797.300
7896	797.300
7927	797.300
7963	797.300
7981	797.300
8152	797.300
8278	797.300
8322	797.300
8328	797.300
8342	797.300
8346	797.300
8441	797.300
8484	797.300
8571	797.300
8574	797.300
7776	797.400
7871	797.400
7950	797.400
8051	797.400
8227	797.400
8499	797.400
8522	797.400
8541	797.400
8638	797.400
7945	797.500
7977	797.500
8205	797.500
8372	797.500
8382	797.500
8394	797.500
8445	797.500
7821	797.600
7852	797.600
7882	797.600
8003	797.600
8073	797.600
8228	797.600
8394	797.600
8451	797.600
8453	797.600
8477	797.600
8520	797.600
8588	797.600
7743	797.700
7958	797.700
8119	797.700
8223	797.700
8228	797.700
8356	797.700
8572	797.700
8629	797.700
8642	797.700
7805	797.800
7840	797.800
7928	797.800
8000	797.800
8106	797.800
8242	797.800
8290	797.800
8303	797.800
8530	797.800
8610	797.800
7849	797.900
7998	797.900
8010	797.900
8027	797.900
8050	797.900
8081	797.900
8123	797.900
8168	797.900
8175	797.900
8284	797.900
8321	797.900
8325	797.900
8492	797.900
8571	797.900
8584	797.900
8585	797.900
7782	798.000
7901	798.000
7981	798.000
8047	798.000
8099	798.000
8145	798.000
8148	798.000
8178	798.000
8239	798.000
8286	798.000
8334	798.000
8504	798.000
8622	798.000
8630	798.000
7882	798.100
7883	798.100
7988	798.100
8316	798.100
8428	798.100
8457	798.100
8487	798.100
8533	798.100
7797	798.200
7846	798.200
7866	798.200
7918	798.200
7920	798.200
7967	798.200
7997	798.200
8061	798.200
8072	798.200
8075	798.200
8170	798.200
8214	798.200
8274	798.200
8291	798.200
8373	798.200
8375	798.200
8499	798.200
8572	798.200
7786	798.300
7891	798.300
7952	798.300
8027	798.300
8054	798.300
8086	798.300
8158	798.300
8275	798.300
8495	798.300
8618	798.300
7792	798.400
7806	798.400
7839	798.400
7841	798.400
7952	798.400
7972	798.400
8009	798.400
8040	798.400
8126	798.400
8140	798.400
8233	798.400
8342	798.400
8373	798.400
8458	798.400
8468	798.400
8471	798.400
8490	798.400
8568	798.400
8621	798.400
7749	798.500
7821	798.500
7998	798.500
8064	798.500
8110	798.500
8112	798.500
8224	798.500
8369	798.500
8603	798.500
7923	798.600
7975	798.600
7979	798.600
8197	798.600
8216	798.600
8222	798.600
8259	798.600
8329	798.600
8367	798.600
8448	798.600
8558	798.600
8609	798.600
7823	798.700
7846	798.700
7866	798.700
8177	798.700
8235	798.700
8273	798.700
8307	798.700
8394	798.700
8402	798.700
7872	798.800
7931	798.800
8129	798.800
8182	798.800
8235	798.800
8241	798.800
8302	798.800
8638	798.800
7796	798.900
7960	798.900
8123	798.900
8163	798.900
8231	798.900
8371	798.900
8406	798.900
8430	798.900
8613	798.900
8630	798.900
7776	799.000
7824	799.000
7856	799.000
7942	799.000
7955	799.000
7985	799.000
8456	799.000
8505	799.000
7929	799.100
8034	799.100
8116	799.100
8203	799.100
8214	799.100
8302	799.100
8373	799.100
8474	799.100
8531	799.100
8618	799.100
7762	799.200
7771	799.200
7775	799.200
7828	799.200
7901	799.200
7937	799.200
8004	799.200
8240	799.200
8240	799.200
8293	799.200
8428	799.200
8428	799.200
8450	799.200
7822	799.300
8014	799.300
8088	799.300
8254	799.300
8307	799.300
8366	799.300
8455	799.300
8481	799.300
7748	799.400
7812	799.400
7965	799.400
8033	799.400
8129	799.400
8172	799.400
8292	799.400
8332	799.400
8389	799.400
8434	799.400
8466	799.400
8508	799.400
8595	799.400
8611	799.400
8092	799.500
8116	799.500
8142	799.500
8431	799.500
8464	799.500
8488	799.500
8527	799.500
8611	799.500
7765	799.600
7776	799.600
7859	799.600
7860	799.600
7876	799.600
7953	799.600
8001	799.600
8054	799.600
8229	799.600
8240	799.600
8408	799.600
8413	799.600
8497	799.600
8518	799.600
7950	799.700
8086	799.700
8100	799.700
8234	799.700
8274	799.700
8547	799.700
7872	799.800
7895	799.800
7926	799.800
8026	799.800
8115	799.800
8233	799.800
8618	799.800
7856	799.900
7883	799.900
7967	799.900
8083	799.900
8201	799.900
8245	799.900
8394	799.900
8394	799.900
8504	799.900
8508	799.900
8541	799.900
8569	799.900
8591	799.900
8621	799.900
7846	800.000
7908	800.000
8013	800.000
8128	800.000
8210	800.000
8211	800.000
8216	800.000
8269	800.000
8369	800.000
8389	800.000
8486	800.000
8495	800.000
8537	800.000
7921	800.100
8083	800.100
8105	800.100
8442	800.100
8469	800.100
7760	800.200
7807	800.200
7811	800.200
8105	800.200
8121	800.200
8131	800.200
8231	800.200
8342	800.200
8384	800.200
8426	800.200
8627	800.200
7763	800.300
7841	800.300
7948	800.300
8143	800.300
8340	800.300
8515	800.300
8523	800.300
8619	800.300
7820	800.400
8037	800.400
8180	800.400
8208	800.400
8292	800.400
8427	800.400
8508	800.400
7745	800.500
7759	800.500
7812	800.500
7891	800.500
7919	800.500
7939	800.500
8005	800.500
8057	800.500
8130	800.500
8332	800.500
8346	800.500
8376	800.500
8527	800.500
8583	800.500
7773	800.600
7781	800.600
7825	800.600
7950	800.600
7972	800.600
7998	800.600
8109	800.600
8113	800.600
8263	800.600
8284	800.600
8472	800.600
7954	800.700
8003	800.700
8030	800.700
8048	800.700
8071	800.700
8083	800.700
8112	800.700
8140	800.700
8301	800.700
8304	800.700
8427	800.700
8478	800.700
8495	800.700
8542	800.700
8553	800.700
8573	800.700
8582	800.700
7856	800.800
7869	800.800
8038	800.800
8051	800.800
8187	800.800
8233	800.800
8265	800.800
8617	800.800
8619	800.800
7804	800.900
7805	800.900
7933	800.900
8055	800.900
8071	800.900
8105	800.900
8187	800.900
8229	800.900
8264	800.900
8440	800.900
8581	800.900
8635	800.900
7793	801.000
7971	801.000
7972	801.000
8064	801.000
8067	801.000
8252	801.000
8311	801.000
8377	801.000
8411	801.000
8466	801.000
8570	801.000
8616	801.000
7773	801.100
7975	801.100
8091	801.100
8146	801.100
8471	801.100
8639	801.100
