# NEST version: 3.5
# RecordingBackendASCII version: 2
sender	time_ms
16433	701.200
16453	701.200
16512	701.200
16550	701.200
16554	701.200
16616	701.200
16735	701.200
16831	701.200
16849	701.200
16863	701.200
16992	701.200
17024	701.200
17070	701.200
17100	701.200
17127	701.200
17255	701.200
16403	701.300
16469	701.300
16559	701.300
16606	701.300
16873	701.300
16918	701.300
16957	701.300
17101	701.300
17180	701.300
17278	701.300
16460	701.400
16475	701.400
16519	701.400
16525	701.400
16623	701.400
16625	701.400
16944	701.400
16980	701.400
17137	701.400
17191	701.400
17221	701.400
17249	701.400
16475	701.500
16488	701.500
16510	701.500
16608	701.500
16778	701.500
16926	701.500
17011	701.500
17075	701.500
16408	701.600
16424	701.600
16453	701.600
16457	701.600
16552	701.600
16561	701.600
16567	701.600
16624	701.600
16774	701.600
16784	701.600
16955	701.600
17030	701.600
17227	701.600
16390	701.700
16404	701.700
16418	701.700
16529	701.700
16571	701.700
16645	701.700
16722	701.700
16764	701.700
17037	701.700
17138	701.700
17186	701.700
17241	701.700
17270	701.700
16451	701.800
16707	701.800
16818	701.800
16874	701.800
16876	701.800
16919	701.800
17039	701.800
17114	701.800
17167	701.800
16391	701.900
16447	701.900
16489	701.900
16535	701.900
16684	701.900
16693	701.900
16772	701.900
16777	701.900
16778	701.900
16848	701.900
16854	701.900
16901	701.900
16914	701.900
16915	701.900
17064	701.900
17067	701.900
17179	701.900
17217	701.900
17237	701.900
16452	702.000
16602	702.000
16635	702.000
16670	702.000
16803	702.000
16808	702.000
16978	702.000
17019	702.000
17170	702.000
17249	702.000
16447	702.100
16670	702.100
16844	702.100
16872	702.100
17238	702.100
16423	702.200
16447	702.200
16630	702.200
16870	702.200
16916	702.200
16956	702.200
16974	702.200
17004	702.200
17007	702.200
17041	702.200
17157	702.200
16496	702.300
16581	702.300
16588	702.300
16719	702.300
16823	702.300
16843	702.300
17002	702.300
17209	702.300
17220	702.300
16611	702.400
16636	702.400
16661	702.400
16693	702.400
16744	702.400
16753	702.400
16796	702.400
16817	702.400
16984	702.400
17120	702.400
17166	702.400
17171	702.400
17225	702.400
17270	702.400
16469	702.500
16726	702.500
16762	702.500
16912	702.500
17035	702.500
17100	702.500
17177	702.500
17220	702.500
16485	702.600
16491	702.600
16503	702.600
16720	702.600
16788	702.600
16796	702.600
16825	702.600
16857	702.600
16929	702.600
16940	702.600
16951	702.600
16977	702.600
16987	702.600
17009	702.600
17070	702.600
16496	702.700
16539	702.700
16582	702.700
16598	702.700
16604	702.700
16620	702.700
16849	702.700
16901	702.700
17055	702.700
17055	702.700
17131	702.700
17154	702.700
17201	702.700
17247	702.700
16428	702.800
16676	702.800
16697	702.800
17061	702.800
17067	702.800
17238	702.800
16408	702.900
16525	702.900
16526	702.900
16536	702.900
16604	702.900
16647	702.900
16744	702.900
16782	702.900
16819	702.900
16859	702.900
16962	702.900
17106	702.900
17133	702.900
17156	702.900
17257	702.900
16397	703.000
16549	703.000
16682	703.000
16717	703.000
16831	703.000
16866	703.000
16888	703.000
16966	703.000
16992	703.000
17015	703.000
17088	703.000
17153	703.000
17259	703.000
17282	703.000
16492	703.100
16705	703.100
16711	703.100
16841	703.100
16848	703.100
16926	703.100
16980	703.100
17090	703.100
17112	703.100
17193	703.100
16396	703.200
16457	703.200
16511	703.200
16551	703.200
16556	703.200
16898	703.200
16941	703.200
17277	703.200
16681	703.300
16746	703.300
16876	703.300
16970	703.300
17128	703.300
17249	703.300
16581	703.400
16590	703.400
16794	703.400
16812	703.400
16954	703.400
16972	703.400
17221	703.400
16418	703.500
16429	703.500
16662	703.500
16714	703.500
16915	703.500
16969	703.500
17209	703.500
17281	703.500
16388	703.600
16398	703.600
16414	703.600
16450	703.600
16843	703.600
16849	703.600
16856	703.600
16860	703.600
16952	703.600
16959	703.600
16985	703.600
17030	703.600
16408	703.700
16481	703.700
16504	703.700
16797	703.700
16822	703.700
16900	703.700
17030	703.700
17080	703.700
17149	703.700
17198	703.700
17235	703.700
17241	703.700
17244	703.700
16401	703.800
16567	703.800
16596	703.800
16623	703.800
16695	703.800
16816	703.800
16862	703.800
16954	703.800
16958	703.800
17016	703.800
17085	703.800
17104	703.800
17212	703.800
17251	703.800
16626	703.900
16699	703.900
16722	703.900
16731	703.900
16752	703.900
16795	703.900
16939	703.900
16950	703.900
16963	703.900
17067	703.900
17121	703.900
17220	703.900
17251	703.900
16520	704.000
16527	704.000
16641	704.000
16683	704.000
16835	704.000
17070	704.000
17089	704.000
17226	704.000
17231	704.000
17249	704.000
17258	704.000
16745	704.100
16808	704.100
16893	704.100
16963	704.100
17184	704.100
17199	704.100
16449	704.200
16458	704.200
16487	704.200
16508	704.200
16530	704.200
16708	704.200
16754	704.200
16865	704.200
17099	704.200
17160	704.200
16505	704.300
16508	704.300
16560	704.300
16656	704.300
16704	704.300
16882	704.300
16895	704.300
16971	704.300
17060	704.300
17125	704.300
17150	704.300
17183	704.300
16490	704.400
16516	704.400
16539	704.400
16666	704.400
16682	704.400
16765	704.400
16852	704.400
16934	704.400
17057	704.400
17067	704.400
17102	704.400
17125	704.400
17128	704.400
17173	704.400
17210	704.400
16389	704.500
16390	704.500
16500	704.500
16573	704.500
16646	704.500
16714	704.500
16715	704.500
16746	704.500
16822	704.500
16978	704.500
16992	704.500
17009	704.500
17026	704.500
17110	704.500
17171	704.500
17173	704.500
17195	704.500
17235	704.500
17246	704.500
16620	704.600
16770	704.600
16956	704.600
17138	704.600
17168	704.600
16437	704.700
16467	704.700
16517	704.700
16540	704.700
16603	704.700
16651	704.700
16923	704.700
16925	704.700
17153	704.700
17237	704.700
17261	704.700
16464	704.800
16694	704.800
16779	704.800
16863	704.800
16888	704.800
16901	704.800
16953	704.800
17048	704.800
16510	704.900
16558	704.900
16627	704.900
16705	704.900
16716	704.900
16780	704.900
17009	704.900
17123	704.900
17229	704.900
17233	704.900
16455	705.000
16718	705.000
16811	705.000
16937	705.000
17012	705.000
17024	705.000
17152	705.000
16414	705.100
16599	705.100
16634	705.100
16849	705.100
16861	705.100
16911	705.100
16972	705.100
17129	705.100
17146	705.100
17150	705.100
17222	705.100
17233	705.100
16555	705.200
16707	705.200
17097	705.200
16407	705.300
16430	705.300
16478	705.300
16611	705.300
16804	705.300
17066	705.300
17195	705.300
17212	705.300
17222	705.300
17250	705.300
17256	705.300
16623	705.400
16824	705.400
16914	705.400
16945	705.400
17050	705.400
17094	705.400
17098	705.400
17126	705.400
17134	705.400
17141	705.400
17254	705.400
17270	705.400
16407	705.500
16427	705.500
16517	705.500
16837	705.500
16944	705.500
16961	705.500
17155	705.500
17179	705.500
17194	705.500
17243	705.500
16408	705.600
16530	705.600
16689	705.600
16697	705.600
16700	705.600
16925	705.600
17051	705.600
17113	705.600
17250	705.600
17282	705.600
16501	705.700
16571	705.700
16682	705.700
16763	705.700
16877	705.700
17013	705.700
17179	705.700
16423	705.800
16635	705.800
16669	705.800
16672	705.800
16702	705.800
16750	705.800
16759	705.800
16796	705.800
16866	705.800
16976	705.800
17052	705.800
17123	705.800
17162	705.800
17216	705.800
17246	705.800
17264	705.800
17275	705.800
16390	705.900
16452	705.900
16499	705.900
16522	705.900
16572	705.900
16585	705.900
17057	705.900
17074	705.900
17120	705.900
17215	705.900
16626	706.000
16633	706.000
16773	706.000
16783	706.000
17160	706.000
17180	706.000
17260	706.000
16405	706.100
16439	706.100
16462	706.100
16678	706.100
16737	706.100
16805	706.100
16972	706.100
16987	706.100
17023	706.100
17037	706.100
17039	706.100
17080	706.100
16481	706.200
16617	706.200
16688	706.200
16747	706.200
16784	706.200
16893	706.200
16926	706.200
16945	706.200
17072	706.200
17093	706.200
17119	706.200
17196	706.200
16408	706.300
16635	706.300
16756	706.300
16761	706.300
16941	706.300
16988	706.300
17195	706.300
17202	706.300
16391	706.400
16492	706.400
16492	706.400
16549	706.400
16579	706.400
16583	706.400
16592	706.400
16900	706.400
17264	706.400
16594	706.500
16730	706.500
16782	706.500
16892	706.500
17072	706.500
17141	706.500
16409	706.600
16731	706.600
16903	706.600
16979	706.600
17041	706.600
17045	706.600
17096	706.600
17122	706.600
17236	706.600
16539	706.700
16565	706.700
16612	706.700
16663	706.700
16703	706.700
16755	706.700
16771	706.700
16968	706.700
17014	706.700
17098	706.700
17112	706.700
17204	706.700
17259	706.700
16430	706.800
16442	706.800
16487	706.800
16493	706.800
16498	706.800
16500	706.800
16535	706.800
16635	706.800
16765	706.800
16809	706.800
16833	706.800
16876	706.800
16386	706.900
16606	706.900
16719	706.900
16985	706.900
17048	706.900
16687	707.000
16754	707.000
16812	707.000
16833	707.000
16872	707.000
16930	707.000
16966	707.000
17211	707.000
17275	707.000
16570	707.100
16639	707.100
16755	707.100
16779	707.100
16921	707.100
16938	707.100
17010	707.100
17171	707.100
16440	707.200
16475	707.200
16499	707.200
16613	707.200
16614	707.200
16780	707.200
16898	707.200
16951	707.200
17044	707.200
17047	707.200
17112	707.200
16445	707.300
16455	707.300
16547	707.300
16547	707.300
16598	707.300
16682	707.300
16684	707.300
16746	707.300
16766	707.300
16795	707.300
16801	707.300
16943	707.300
17086	707.300
17147	707.300
17222	707.300
16386	707.400
16386	707.400
16415	707.400
16453	707.400
16577	707.400
16590	707.400
16604	707.400
16718	707.400
16815	707.400
16829	707.400
16878	707.400
16882	707.400
17173	707.400
17233	707.400
16433	707.500
16527	707.500
16535	707.500
16546	707.500
16551	707.500
16715	707.500
16889	707.500
16951	707.500
16953	707.500
16994	707.500
16435	707.600
16563	707.600
16587	707.600
16587	707.600
16660	707.600
16682	707.600
16754	707.600
16814	707.600
16826	707.600
16961	707.600
16973	707.600
17025	707.600
17062	707.600
17197	707.600
17261	707.600
16442	707.700
16495	707.700
16515	707.700
16747	707.700
16808	707.700
16817	707.700
16922	707.700
16957	707.700
17012	707.700
17064	707.700
16418	707.800
16479	707.800
16634	707.800
16783	707.800
16942	707.800
17145	707.800
17188	707.800
16490	707.900
16561	707.900
16624	707.900
16683	707.900
16714	707.900
16720	707.900
16725	707.900
16771	707.900
16772	707.900
16796	707.900
16822	707.900
16861	707.900
16871	707.900
17020	707.900
17051	707.900
17077	707.900
17115	707.900
17186	707.900
16477	708.000
16617	708.000
16694	708.000
17180	708.000
17217	708.000
17271	708.000
16391	708.100
16745	708.100
16869	708.100
16897	708.100
16934	708.100
17194	708.100
17218	708.100
17242	708.100
17281	708.100
16427	708.200
16454	708.200
16617	708.200
16648	708.200
16871	708.200
16931	708.200
17002	708.200
17196	708.200
17207	708.200
17219	708.200
16399	708.300
16423	708.300
16477	708.300
16486	708.300
16823	708.300
16909	708.300
16971	708.300
17019	708.300
17064	708.300
17122	708.300
16599	708.400
16756	708.400
17152	708.400
17264	708.400
16438	708.500
16585	708.500
16634	708.500
16682	708.500
16817	708.500
16980	708.500
16997	708.500
17051	708.500
17181	708.500
17214	708.500
17262	708.500
16475	708.600
16515	708.600
16631	708.600
16661	708.600
16868	708.600
17009	708.600
17051	708.600
17126	708.600
17284	708.600
16461	708.700
16484	708.700
16511	708.700
16513	708.700
16599	708.700
16615	708.700
16622	708.700
16666	708.700
16747	708.700
16986	708.700
17046	708.700
17284	708.700
16415	708.800
16509	708.800
16584	708.800
16621	708.800
16680	708.800
16713	708.800
16762	708.800
16846	708.800
16860	708.800
16920	708.800
17100	708.800
17124	708.800
16471	708.900
16528	708.900
16668	708.900
16698	708.900
16933	708.900
16937	708.900
17040	708.900
17279	708.900
16465	709.000
16480	709.000
16631	709.000
16665	709.000
16796	709.000
16935	709.000
16968	709.000
17127	709.000
17228	709.000
16905	709.100
16926	709.100
16983	709.100
17046	709.100
17048	709.100
17196	709.100
17240	709.100
17245	709.100
16396	709.200
16401	709.200
16548	709.200
16553	709.200
16616	709.200
16628	709.200
16857	709.200
16859	709.200
16895	709.200
17012	709.200
17080	709.200
17128	709.200
17152	709.200
16400	709.300
16432	709.300
16445	709.300
16476	709.300
16486	709.300
16511	709.300
16555	709.300
17134	709.300
17183	709.300
16422	709.400
16554	709.400
16585	709.400
16644	709.400
16674	709.400
16723	709.400
16750	709.400
16925	709.400
16940	709.400
16957	709.400
16990	709.400
17024	709.400
17141	709.400
17203	709.400
16482	709.500
16751	709.500
16855	709.500
16926	709.500
16945	709.500
16963	709.500
17086	709.500
17096	709.500
17108	709.500
17138	709.500
17232	709.500
17239	709.500
16431	709.600
16628	709.600
16734	709.600
16773	709.600
16836	709.600
16869	709.600
16906	709.600
17037	709.600
17063	709.600
17219	709.600
17224	709.600
17271	709.600
16400	709.700
16545	709.700
16620	709.700
16693	709.700
16789	709.700
16886	709.700
16916	709.700
17033	709.700
17241	709.700
16753	709.800
16786	709.800
16787	709.800
16889	709.800
16918	709.800
16957	709.800
16970	709.800
16976	709.800
17020	709.800
17073	709.800
17165	709.800
17181	709.800
17205	709.800
17217	709.800
17250	709.800
16402	709.900
16434	709.900
16487	709.900
16529	709.900
16568	709.900
16573	709.900
16616	709.900
16621	709.900
16642	709.900
16699	709.900
16739	709.900
16847	709.900
16862	709.900
16865	709.900
16916	709.900
16990	709.900
17170	709.900
17232	709.900
16407	710.000
16433	710.000
16480	710.000
16494	710.000
16519	710.000
16559	710.000
16609	710.000
16799	710.000
16804	710.000
16907	710.000
16970	710.000
16982	710.000
17010	710.000
17046	710.000
17182	710.000
17187	710.000
16435	710.100
16668	710.100
16920	710.100
16958	710.100
17005	710.100
17042	710.100
17043	710.100
17057	710.100
17083	710.100
17101	710.100
17157	710.100
17200	710.100
16408	710.200
16414	710.200
16491	710.200
16715	710.200
16921	710.200
16942	710.200
17092	710.200
17149	710.200
17159	710.200
17165	710.200
17173	710.200
16468	710.300
16674	710.300
16683	710.300
16711	710.300
16733	710.300
16969	710.300
16991	710.300
17005	710.300
17014	710.300
17092	710.300
17117	710.300
16438	710.400
16442	710.400
16790	710.400
16927	710.400
16979	710.400
16594	710.500
16602	710.500
16756	710.500
16858	710.500
16946	710.500
17097	710.500
17117	710.500
16424	710.600
16478	710.600
16539	710.600
16547	710.600
16569	710.600
16572	710.600
16805	710.600
16858	710.600
16925	710.600
17017	710.600
17134	710.600
16410	710.700
16486	710.700
16576	710.700
16585	710.700
16783	710.700
16794	710.700
16859	710.700
16927	710.700
16927	710.700
16965	710.700
17264	710.700
16401	710.800
16468	710.800
16533	710.800
16692	710.800
16780	710.800
16832	710.800
16924	710.800
16992	710.800
17010	710.800
17063	710.800
17066	710.800
17167	710.800
17276	710.800
16438	710.900
16480	710.900
16523	710.900
16549	710.900
16664	710.900
16800	710.900
16922	710.900
17268	710.900
16418	711.000
16434	711.000
16461	711.000
16579	711.000
16716	711.000
16716	711.000
16807	711.000
16814	711.000
16891	711.000
17005	711.000
17130	711.000
17185	711.000
16414	711.100
16460	711.100
16533	711.100
16654	711.100
16684	711.100
16693	711.100
16751	711.100
16831	711.100
16862	711.100
17022	711.100
17184	711.100
16423	711.200
16495	711.200
16695	711.200
16847	711.200
16904	711.200
17150	711.200
16403	711.300
16711	711.300
16741	711.300
16769	711.300
16812	711.300
16849	711.300
16897	711.300
16905	711.300
16990	711.300
17121	711.300
17176	711.300
17200	711.300
17274	711.300
16634	711.400
16670	711.400
16679	711.400
16702	711.400
16724	711.400
16754	711.400
17193	711.400
17202	711.400
17272	711.400
16415	711.500
16563	711.500
16563	711.500
16600	711.500
16714	711.500
16792	711.500
16917	711.500
17019	711.500
17121	711.500
17251	711.500
16407	711.600
16493	711.600
16541	711.600
16552	711.600
16579	711.600
16593	711.600
16745	711.600
16994	711.600
17170	711.600
17174	711.600
17202	711.600
17266	711.600
16412	711.700
16519	711.700
16635	711.700
16658	711.700
16661	711.700
16817	711.700
16850	711.700
16903	711.700
16974	711.700
17042	711.700
17108	711.700
17142	711.700
17144	711.700
17281	711.700
16388	711.800
16479	711.800
16788	711.800
16820	711.800
17067	711.800
17127	711.800
17242	711.800
16560	711.900
16637	711.900
16673	711.900
16734	711.900
16763	711.900
16793	711.900
16843	711.900
16933	711.900
17042	711.900
17172	711.900
17172	711.900
17183	711.900
17212	711.900
16466	712.000
16473	712.000
16529	712.000
16618	712.000
16764	712.000
16982	712.000
17172	712.000
17237	712.000
16574	712.100
16724	712.100
16727	712.100
16833	712.100
16935	712.100
16942	712.100
17048	712.100
17266	712.100
16476	712.200
16485	712.200
16527	712.200
16753	712.200
16785	712.200
16858	712.200
16502	712.300
16655	712.300
16937	712.300
16939	712.300
17001	712.300
17174	712.300
17199	712.300
17221	712.300
17238	712.300
16394	712.400
16639	712.400
16642	712.400
16847	712.400
16875	712.400
17179	712.400
17259	712.400
16509	712.500
16516	712.500
16552	712.500
16580	712.500
16838	712.500
16902	712.500
17012	712.500
17073	712.500
17166	712.500
17182	712.500
17221	712.500
17273	712.500
16737	712.600
16740	712.600
16750	712.600
16827	712.600
16873	712.600
16938	712.600
16939	712.600
17082	712.600
17175	712.600
17253	712.600
16392	712.700
16427	712.700
16529	712.700
16865	712.700
16885	712.700
16919	712.700
17141	712.700
17244	712.700
16437	712.800
16463	712.800
16549	712.800
16583	712.800
16752	712.800
16944	712.800
16966	712.800
16997	712.800
17186	712.800
17251	712.800
17269	712.800
16408	712.900
16472	712.900
16595	712.900
16706	712.900
16754	712.900
16775	712.900
17073	712.900
17110	712.900
17125	712.900
17210	712.900
16419	713.000
16435	713.000
16442	713.000
16450	713.000
16464	713.000
16483	713.000
16497	713.000
16599	713.000
16687	713.000
16714	713.000
16804	713.000
16904	713.000
17065	713.000
17093	713.000
17145	713.000
16581	713.100
16889	713.100
16957	713.100
17097	713.100
17114	713.100
17156	713.100
17171	713.100
17182	713.100
17194	713.100
17272	713.100
16393	713.200
16564	713.200
16652	713.200
16825	713.200
16952	713.200
16987	713.200
17185	713.200
17273	713.200
16478	713.300
16756	713.300
16907	713.300
16928	713.300
16406	713.400
16550	713.400
16579	713.400
16603	713.400
16650	713.400
16962	713.400
17171	713.400
17266	713.400
16431	713.500
16498	713.500
16521	713.500
16619	713.500
16817	713.500
16836	713.500
17065	713.500
17137	713.500
17159	713.500
17175	713.500
17232	713.500
17236	713.500
17240	713.500
17246	713.500
17273	713.500
16511	713.600
16650	713.600
16658	713.600
16739	713.600
16813	713.600
16827	713.600
16833	713.600
16889	713.600
16992	713.600
17059	713.600
17079	713.600
17110	713.600
17112	713.600
17282	713.600
16407	713.700
16683	713.700
16699	713.700
16772	713.700
16773	713.700
16794	713.700
16803	713.700
16951	713.700
17082	713.700
17166	713.700
17219	713.700
16426	713.800
16439	713.800
16453	713.800
16487	713.800
16682	713.800
16693	713.800
16744	713.800
16949	713.800
16992	713.800
16995	713.800
17053	713.800
17062	713.800
17156	713.800
17173	713.800
16453	713.900
16463	713.900
16541	713.900
16554	713.900
16598	713.900
16613	713.900
16722	713.900
16776	713.900
16994	713.900
17007	713.900
17054	713.900
17073	713.900
17275	713.900
16468	714.000
16505	714.000
16515	714.000
16519	714.000
16540	714.000
16609	714.000
16684	714.000
16798	714.000
16899	714.000
16986	714.000
17071	714.000
17250	714.000
16551	714.100
16557	714.100
16615	714.100
16680	714.100
16733	714.100
16810	714.100
16879	714.100
17022	714.100
16590	714.200
16786	714.200
16793	714.200
16881	714.200
16959	714.200
16964	714.200
17097	714.200
17126	714.200
16387	714.300
16418	714.300
16500	714.300
16596	714.300
16597	714.300
16832	714.300
16866	714.300
16987	714.300
17194	714.300
17200	714.300
16445	714.400
16593	714.400
16652	714.400
16726	714.400
16905	714.400
17012	714.400
17027	714.400
17029	714.400
17222	714.400
16390	714.500
16417	714.500
16524	714.500
16584	714.500
16676	714.500
16787	714.500
16789	714.500
16885	714.500
16983	714.500
17007	714.500
17058	714.500
17174	714.500
17174	714.500
17214	714.500
17242	714.500
17278	714.500
16457	714.600
16459	714.600
16537	714.600
16570	714.600
16590	714.600
16663	714.600
16791	714.600
16800	714.600
16993	714.600
17064	714.600
17195	714.600
17207	714.600
17234	714.600
16464	714.700
16529	714.700
16594	714.700
16605	714.700
16649	714.700
16793	714.700
16807	714.700
16890	714.700
16994	714.700
17005	714.700
17139	714.700
17192	714.700
16425	714.800
16684	714.800
16849	714.800
16910	714.800
16994	714.800
17063	714.800
17106	714.800
17238	714.800
17252	714.800
17265	714.800
16582	714.900
16703	714.900
16714	714.900
16898	714.900
17066	714.900
17069	714.900
17083	714.900
17135	714.900
17155	714.900
16470	715.000
16493	715.000
16503	715.000
16703	715.000
16746	715.000
16824	715.000
16844	715.000
16896	715.000
16946	715.000
17195	715.000
17210	715.000
16452	715.100
16525	715.100
16605	715.100
16618	715.100
16687	715.100
16697	715.100
16740	715.100
16744	715.100
16780	715.100
16970	715.100
16977	715.100
17020	715.100
17083	715.100
17091	715.100
17098	715.100
17125	715.100
17134	715.100
17220	715.100
17260	715.100
16594	715.200
16619	715.200
16652	715.200
16715	715.200
16837	715.200
16867	715.200
17027	715.200
17101	715.200
17151	715.200
17254	715.200
16389	715.300
16413	715.300
16444	715.300
16452	715.300
16469	715.300
16694	715.300
16831	715.300
16838	715.300
16891	715.300
16983	715.300
17001	715.300
17166	715.300
17192	715.300
17272	715.300
16445	715.400
16457	715.400
16465	715.400
16469	715.400
16687	715.400
16850	715.400
17063	715.400
17065	715.400
17111	715.400
17287	715.400
16440	715.500
16577	715.500
16665	715.500
16673	715.500
17056	715.500
17259	715.500
16612	715.600
16621	715.600
16770	715.600
16791	715.600
17025	715.600
17080	715.600
16763	715.700
16808	715.700
17268	715.700
16450	715.800
16467	715.800
16491	715.800
16683	715.800
16997	715.800
17003	715.800
17132	715.800
17157	715.800
17214	715.800
16391	715.900
16417	715.900
16436	715.900
16486	715.900
16606	715.900
16683	715.900
16773	715.900
17048	715.900
17103	715.900
17247	715.900
17265	715.900
16462	716.000
16496	716.000
16535	716.000
16691	716.000
16722	716.000
16745	716.000
16780	716.000
16845	716.000
16934	716.000
16986	716.000
17151	716.000
16443	716.100
16450	716.100
16697	716.100
16711	716.100
16738	716.100
16749	716.100
16804	716.100
16812	716.100
16993	716.100
17042	716.100
16698	716.200
16717	716.200
16726	716.200
16803	716.200
16806	716.200
17037	716.200
17049	716.200
17140	716.200
17260	716.200
17272	716.200
16392	716.300
16425	716.300
16431	716.300
16687	716.300
16709	716.300
16811	716.300
16812	716.300
16874	716.300
16886	716.300
16942	716.300
17087	716.300
17103	716.300
16392	716.400
16434	716.400
16522	716.400
16533	716.400
16820	716.400
16950	716.400
16988	716.400
17217	716.400
17221	716.400
17273	716.400
16420	716.500
16469	716.500
16485	716.500
16507	716.500
16545	716.500
16604	716.500
16644	716.500
17018	716.500
17049	716.500
17071	716.500
16399	716.600
16412	716.600
16619	716.600
16778	716.600
16812	716.600
16814	716.600
16843	716.600
16916	716.600
17021	716.600
16508	716.700
16573	716.700
16657	716.700
16826	716.700
17004	716.700
17040	716.700
17081	716.700
17208	716.700
17268	716.700
17278	716.700
16500	716.800
16535	716.800
16541	716.800
16547	716.800
16551	716.800
16554	716.800
16601	716.800
16630	716.800
16652	716.800
16883	716.800
17174	716.800
17215	716.800
16459	716.900
16545	716.900
16647	716.900
16798	716.900
16829	716.900
16842	716.900
16892	716.900
16908	716.900
16921	716.900
16947	716.900
17081	716.900
17081	716.900
17213	716.900
17239	716.900
16459	717.000
16544	717.000
16672	717.000
16752	717.000
16859	717.000
16861	717.000
16879	717.000
16903	717.000
16945	717.000
17092	717.000
17100	717.000
17156	717.000
17177	717.000
17249	717.000
16692	717.100
16696	717.100
16713	717.100
16883	717.100
16987	717.100
17195	717.100
16477	717.200
16593	717.200
16626	717.200
16652	717.200
16713	717.200
16836	717.200
17028	717.200
17112	717.200
16490	717.300
16519	717.300
16650	717.300
16658	717.300
16661	717.300
16723	717.300
16752	717.300
16835	717.300
16857	717.300
17189	717.300
17246	717.300
16468	717.400
16757	717.400
16779	717.400
16789	717.400
16863	717.400
16893	717.400
16982	717.400
16989	717.400
17106	717.400
16492	717.500
16497	717.500
16518	717.500
16559	717.500
16696	717.500
16713	717.500
16762	717.500
16992	717.500
17044	717.500
17055	717.500
17126	717.500
17192	717.500
17208	717.500
16497	717.600
16526	717.600
16571	717.600
16632	717.600
16649	717.600
16667	717.600
16726	717.600
16806	717.600
16808	717.600
16860	717.600
16908	717.600
16919	717.600
17116	717.600
17133	717.600
17226	717.600
17284	717.600
16392	717.700
16467	717.700
16508	717.700
16615	717.700
16666	717.700
16683	717.700
16743	717.700
16761	717.700
17173	717.700
17174	717.700
16500	717.800
16637	717.800
16710	717.800
16755	717.800
16755	717.800
16782	717.800
17005	717.800
17247	717.800
16424	717.900
16891	717.900
16969	717.900
17007	717.900
16395	718.000
16417	718.000
16685	718.000
16793	718.000
16988	718.000
16996	718.000
17092	718.000
16436	718.100
16470	718.100
16507	718.100
16533	718.100
16784	718.100
16928	718.100
16942	718.100
17120	718.100
17236	718.100
16475	718.200
16528	718.200
16620	718.200
16734	718.200
16823	718.200
17033	718.200
17039	718.200
17068	718.200
17117	718.200
17128	718.200
16453	718.300
16471	718.300
16480	718.300
16480	718.300
16568	718.300
16657	718.300
16663	718.300
16863	718.300
17031	718.300
17129	718.300
17222	718.300
17269	718.300
16442	718.400
16526	718.400
16642	718.400
16707	718.400
16780	718.400
16805	718.400
16836	718.400
16985	718.400
17192	718.400
17200	718.400
17229	718.400
17276	718.400
17276	718.400
16430	718.500
16472	718.500
16529	718.500
16690	718.500
16699	718.500
16821	718.500
16835	718.500
17019	718.500
17051	718.500
17068	718.500
17110	718.500
17200	718.500
17228	718.500
17280	718.500
16567	718.600
16719	718.600
16720	718.600
16736	718.600
16960	718.600
17030	718.600
16429	718.700
16522	718.700
16596	718.700
16623	718.700
16698	718.700
16702	718.700
16787	718.700
16868	718.700
16953	718.700
17041	718.700
17072	718.700
17096	718.700
17247	718.700
16400	718.800
16498	718.800
16534	718.800
16585	718.800
16759	718.800
17033	718.800
17232	718.800
17250	718.800
16436	718.900
16469	718.900
16551	718.900
16557	718.900
16651	718.900
16676	718.900
16776	718.900
16942	718.900
16944	718.900
17049	718.900
17227	718.900
17262	718.900
17270	718.900
17274	718.900
16533	719.000
16665	719.000
16680	719.000
16828	719.000
16876	719.000
17266	719.000
16462	719.100
16475	719.100
16637	719.100
16824	719.100
16994	719.100
17162	719.100
16523	719.200
16737	719.200
16762	719.200
16863	719.200
16878	719.200
16900	719.200
16933	719.200
17152	719.200
17161	719.200
17242	719.200
16475	719.300
16484	719.300
16501	719.300
16508	719.300
16512	719.300
16569	719.300
16593	719.300
16854	719.300
16871	719.300
16871	719.300
16891	719.300
17066	719.300
17161	719.300
17274	719.300
16519	719.400
16628	719.400
16685	719.400
16840	719.400
16912	719.400
16919	719.400
17080	719.400
16453	719.500
16545	719.500
16628	719.500
16675	719.500
16998	719.500
17060	719.500
17211	719.500
16446	719.600
16551	719.600
16558	719.600
16667	719.600
16811	719.600
16899	719.600
16917	719.600
17072	719.600
17117	719.600
17145	719.600
17169	719.600
17177	719.600
17270	719.600
16452	719.700
16585	719.700
16808	719.700
16847	719.700
16875	719.700
16929	719.700
17154	719.700
17163	719.700
16421	719.800
16438	719.800
16719	719.800
16728	719.800
16769	719.800
16775	719.800
16802	719.800
16836	719.800
16912	719.800
16915	719.800
16953	719.800
17106	719.800
16430	719.900
16495	719.900
16578	719.900
16718	719.900
16932	719.900
17041	719.900
17046	719.900
17049	719.900
17064	719.900
17144	719.900
16467	720.000
16565	720.000
16709	720.000
16811	720.000
16829	720.000
16901	720.000
16904	720.000
16939	720.000
17268	720.000
16403	720.100
16416	720.100
16595	720.100
16680	720.100
16729	720.100
16751	720.100
16807	720.100
17034	720.100
17058	720.100
17150	720.100
17173	720.100
17191	720.100
17202	720.100
17221	720.100
17257	720.100
16418	720.200
16504	720.200
16589	720.200
16595	720.200
16634	720.200
16678	720.200
16956	720.200
17047	720.200
16395	720.300
16432	720.300
16593	720.300
16599	720.300
16660	720.300
16679	720.300
16845	720.300
16880	720.300
16989	720.300
17112	720.300
17121	720.300
17161	720.300
17280	720.300
16435	720.400
16613	720.400
16751	720.400
16782	720.400
16887	720.400
17008	720.400
17050	720.400
17115	720.400
17117	720.400
16406	720.500
16788	720.500
16888	720.500
16991	720.500
17003	720.500
17090	720.500
17159	720.500
17243	720.500
16592	720.600
16696	720.600
16953	720.600
16995	720.600
16995	720.600
17153	720.600
16558	720.700
16798	720.700
16989	720.700
17023	720.700
17262	720.700
16396	720.800
16410	720.800
16419	720.800
16429	720.800
16603	720.800
16657	720.800
16800	720.800
16885	720.800
17137	720.800
17161	720.800
17208	720.800
16452	720.900
16496	720.900
16568	720.900
16650	720.900
16846	720.900
17081	720.900
17098	720.900
17155	720.900
17200	720.900
17202	720.900
16454	721.000
16471	721.000
16504	721.000
16738	721.000
16807	721.000
16859	721.000
16869	721.000
17005	721.000
17037	721.000
16528	721.100
16694	721.100
17077	721.100
17163	721.100
17206	721.100
16413	721.200
16661	721.200
16663	721.200
16815	721.200
17000	721.200
17035	721.200
17096	721.200
17179	721.200
17254	721.200
17265	721.200
16724	721.300
16795	721.300
16995	721.300
17265	721.300
16430	721.400
16536	721.400
16651	721.400
16657	721.400
16777	721.400
16790	721.400
17067	721.400
17237	721.400
16739	721.500
16774	721.500
16790	721.500
16830	721.500
16415	721.600
16471	721.600
16590	721.600
16656	721.600
16701	721.600
16828	721.600
16834	721.600
16916	721.600
16940	721.600
17086	721.600
17105	721.600
17174	721.600
16477	721.700
16594	721.700
16643	721.700
16863	721.700
16922	721.700
16987	721.700
17028	721.700
17068	721.700
17124	721.700
17130	721.700
17255	721.700
16748	721.800
16816	721.800
16854	721.800
16991	721.800
17174	721.800
17276	721.800
16442	721.900
16470	721.900
16486	721.900
16560	721.900
16667	721.900
16808	721.900
16843	721.900
17037	721.900
17282	721.900
16412	722.000
16477	722.000
16596	722.000
16695	722.000
16824	722.000
16841	722.000
16893	722.000
17075	722.000
17124	722.000
17141	722.000
16447	722.100
16508	722.100
16611	722.100
16614	722.100
16779	722.100
16846	722.100
17056	722.100
17085	722.100
16399	722.200
16428	722.200
16516	722.200
16591	722.200
16612	722.200
16690	722.200
16746	722.200
16751	722.200
16782	722.200
16806	722.200
16828	722.200
16836	722.200
17132	722.200
17150	722.200
17158	722.200
17264	722.200
16681	722.300
16710	722.300
16815	722.300
17062	722.300
17143	722.300
17196	722.300
17242	722.300
16644	722.400
16848	722.400
16919	722.400
16926	722.400
16999	722.400
17156	722.400
17236	722.400
16521	722.500
16597	722.500
16623	722.500
16668	722.500
16757	722.500
16807	722.500
16846	722.500
17046	722.500
17219	722.500
16551	722.600
16687	722.600
16892	722.600
16950	722.600
16972	722.600
17164	722.600
17233	722.600
17235	722.600
17270	722.600
17281	722.600
16472	722.700
16474	722.700
16509	722.700
16528	722.700
16630	722.700
16711	722.700
16774	722.700
16832	722.700
16840	722.700
16862	722.700
16887	722.700
16892	722.700
16898	722.700
16951	722.700
17117	722.700
17205	722.700
17260	722.700
17263	722.700
16426	722.800
16476	722.800
16560	722.800
16636	722.800
16746	722.800
16767	722.800
16886	722.800
16898	722.800
17005	722.800
17068	722.800
17162	722.800
16415	722.900
16492	722.900
16639	722.900
16672	722.900
16883	722.900
16944	722.900
16969	722.900
17031	722.900
17054	722.900
17282	722.900
16398	723.000
16402	723.000
16469	723.000
16568	723.000
16604	723.000
16851	723.000
16927	723.000
16945	723.000
17030	723.000
17133	723.100
17177	723.100
17203	723.100
16515	723.200
16534	723.200
16589	723.200
16716	723.200
16721	723.200
16921	723.200
16940	723.200
16942	723.200
16951	723.200
17015	723.200
17150	723.200
16528	723.300
16634	723.300
16688	723.300
16745	723.300
16797	723.300
17055	723.300
17082	723.300
16415	723.400
16420	723.400
16810	723.400
16841	723.400
16864	723.400
16899	723.400
16982	723.400
17146	723.400
17230	723.400
17246	723.400
16571	723.500
16622	723.500
17008	723.500
17124	723.500
17139	723.500
17176	723.500
16390	723.600
16479	723.600
16517	723.600
16561	723.600
16584	723.600
16604	723.600
16847	723.600
16857	723.600
16874	723.600
17209	723.600
16492	723.700
16542	723.700
16545	723.700
16569	723.700
16597	723.700
16688	723.700
16712	723.700
16751	723.700
16762	723.700
16765	723.700
16863	723.700
17046	723.700
17241	723.700
16435	723.800
16456	723.800
16532	723.800
16553	723.800
16726	723.800
16933	723.800
17033	723.800
17067	723.800
17119	723.800
17159	723.800
17196	723.800
17200	723.800
17246	723.800
16470	723.900
16531	723.900
16603	723.900
16620	723.900
16697	723.900
16813	723.900
16878	723.900
16892	723.900
17005	723.900
17181	723.900
17272	723.900
16440	724.000
16444	724.000
16506	724.000
16546	724.000
16667	724.000
16834	724.000
16943	724.000
16958	724.000
17033	724.000
17043	724.000
17054	724.000
17113	724.000
17161	724.000
17270	724.000
16414	724.100
16457	724.100
16509	724.100
16532	724.100
16555	724.100
16641	724.100
16783	724.100
16851	724.100
16889	724.100
16928	724.100
17025	724.100
17086	724.100
17117	724.100
17142	724.100
17165	724.100
17188	724.100
16395	724.200
16654	724.200
16739	724.200
16823	724.200
16848	724.200
16866	724.200
16884	724.200
17063	724.200
16409	724.300
16455	724.300
16582	724.300
16608	724.300
16761	724.300
16817	724.300
16908	724.300
16934	724.300
17033	724.300
17171	724.300
17183	724.300
17216	724.300
16414	724.400
16838	724.400
17037	724.400
17067	724.400
17191	724.400
17257	724.400
16437	724.500
16460	724.500
16689	724.500
16909	724.500
17156	724.500
17169	724.500
17170	724.500
17210	724.500
16444	724.600
16471	724.600
16474	724.600
16635	724.600
16722	724.600
16782	724.600
16810	724.600
16838	724.600
16909	724.600
16927	724.600
16972	724.600
17005	724.600
17070	724.600
17153	724.600
17203	724.600
17221	724.600
17280	724.600
17280	724.600
16468	724.700
16676	724.700
16694	724.700
16740	724.700
16764	724.700
16766	724.700
16844	724.700
16879	724.700
16887	724.700
16898	724.700
16905	724.700
16967	724.700
17014	724.700
17022	724.700
17040	724.700
17096	724.700
17111	724.700
17266	724.700
16631	724.800
16692	724.800
16745	724.800
16868	724.800
16892	724.800
16924	724.800
16935	724.800
17104	724.800
17217	724.800
16488	724.900
16507	724.900
16568	724.900
16607	724.900
16659	724.900
16837	724.900
16843	724.900
16844	724.900
16846	724.900
16909	724.900
16932	724.900
16939	724.900
17147	724.900
17259	724.900
16541	725.000
16565	725.000
16618	725.000
16705	725.000
16708	725.000
16722	725.000
16979	725.000
16991	725.000
17003	725.000
17011	725.000
17166	725.000
16419	725.100
16469	725.100
16475	725.100
16603	725.100
16661	725.100
16707	725.100
16761	725.100
16805	725.100
16810	725.100
16903	725.100
17021	725.100
17029	725.100
17161	725.100
17215	725.100
17234	725.100
16401	725.200
16450	725.200
16514	725.200
16614	725.200
16706	725.200
16742	725.200
16906	725.200
16918	725.200
16976	725.200
17047	725.200
17061	725.200
17128	725.200
17153	725.200
17156	725.200
17213	725.200
16404	725.300
16560	725.300
16720	725.300
16720	725.300
16977	725.300
17118	725.300
17131	725.300
17164	725.300
17179	725.300
17194	725.300
16414	725.400
16463	725.400
16474	725.400
16693	725.400
16833	725.400
16889	725.400
16940	725.400
16966	725.400
17081	725.400
17258	725.400
16629	725.500
16702	725.500
16709	725.500
16910	725.500
17025	725.500
17149	725.500
17155	725.500
17155	725.500
17251	725.500
16452	725.600
16494	725.600
16580	725.600
16620	725.600
16752	725.600
16941	725.600
17130	725.600
16398	725.700
16704	725.700
17035	725.700
17193	725.700
17210	725.700
17267	725.700
16450	725.800
16666	725.800
16713	725.800
16733	725.800
16849	725.800
16993	725.800
17220	725.800
17237	725.800
16423	725.900
16535	725.900
16559	725.900
16646	725.900
16780	725.900
16780	725.900
16782	725.900
16889	725.900
17003	725.900
17054	725.900
17186	725.900
17214	725.900
16530	726.000
16583	726.000
16596	726.000
16776	726.000
16806	726.000
17081	726.000
17105	726.000
17268	726.000
16560	726.100
16871	726.100
17012	726.100
17016	726.100
17017	726.100
17022	726.100
17041	726.100
16797	726.200
17122	726.200
17274	726.200
16388	726.300
16395	726.300
16399	726.300
16449	726.300
16454	726.300
16565	726.300
16612	726.300
16692	726.300
16775	726.300
16818	726.300
16830	726.300
16919	726.300
16924	726.300
17049	726.300
17066	726.300
17182	726.300
17255	726.300
16401	726.400
16420	726.400
16510	726.400
16587	726.400
16809	726.400
16824	726.400
17045	726.400
17110	726.400
17219	726.400
16636	726.500
16924	726.500
17009	726.500
17010	726.500
17013	726.500
17049	726.500
17063	726.500
17111	726.500
17120	726.500
16501	726.600
16541	726.600
16570	726.600
16570	726.600
16618	726.600
16649	726.600
17008	726.600
17053	726.600
16416	726.700
16531	726.700
16546	726.700
16558	726.700
16588	726.700
16630	726.700
16761	726.700
16794	726.700
16896	726.700
16911	726.700
16953	726.700
16979	726.700
17036	726.700
17247	726.700
17252	726.700
17260	726.700
16487	726.800
16507	726.800
16544	726.800
16735	726.800
16834	726.800
16852	726.800
16886	726.800
16930	726.800
17098	726.800
16439	726.900
16565	726.900
16593	726.900
16686	726.900
16711	726.900
16749	726.900
16891	726.900
16899	726.900
16957	726.900
17006	726.900
17012	726.900
17025	726.900
17158	726.900
17160	726.900
16416	727.000
16645	727.000
16799	727.000
17043	727.000
17055	727.000
17156	727.000
17249	727.000
16390	727.100
16398	727.100
16448	727.100
16646	727.100
16663	727.100
16694	727.100
16745	727.100
16763	727.100
16774	727.100
16803	727.100
16891	727.100
16912	727.100
17091	727.100
17101	727.100
17138	727.100
16400	727.200
16583	727.200
16620	727.200
16784	727.200
16784	727.200
16788	727.200
16816	727.200
17101	727.200
17118	727.200
17123	727.200
17149	727.200
17262	727.200
16413	727.300
16430	727.300
16626	727.300
16740	727.300
16797	727.300
16826	727.300
16873	727.300
16877	727.300
17026	727.300
17121	727.300
17175	727.300
17180	727.300
17201	727.300
17251	727.300
17275	727.300
16440	727.400
16446	727.400
16558	727.400
16574	727.400
16660	727.400
16822	727.400
16851	727.400
16876	727.400
16985	727.400
17140	727.400
17182	727.400
17276	727.400
16416	727.500
16470	727.500
16700	727.500
16838	727.500
16968	727.500
16995	727.500
17098	727.500
17119	727.500
17255	727.500
16436	727.600
16501	727.600
16508	727.600
16662	727.600
16725	727.600
16793	727.600
16889	727.600
16913	727.600
17006	727.600
17006	727.600
17175	727.600
16400	727.700
16403	727.700
16419	727.700
16449	727.700
16582	727.700
16601	727.700
16604	727.700
16662	727.700
16688	727.700
17004	727.700
16566	727.800
16589	727.800
16611	727.800
16642	727.800
16648	727.800
16832	727.800
16945	727.800
16994	727.800
16996	727.800
17069	727.800
17102	727.800
17157	727.800
17218	727.800
17255	727.800
16393	727.900
16539	727.900
16672	727.900
16745	727.900
16842	727.900
17031	727.900
17077	727.900
17170	727.900
17241	727.900
16456	728.000
16595	728.000
16597	728.000
16634	728.000
16797	728.000
16826	728.000
16855	728.000
16968	728.000
17055	728.000
16450	728.100
16537	728.100
16548	728.100
16679	728.100
16683	728.100
16689	728.100
16728	728.100
16758	728.100
16813	728.100
16869	728.100
16970	728.100
16974	728.100
16977	728.100
17031	728.100
17075	728.100
17090	728.100
17097	728.100
17154	728.100
17233	728.100
16412	728.200
16570	728.200
16635	728.200
16657	728.200
16689	728.200
16827	728.200
16838	728.200
16894	728.200
16921	728.200
16986	728.200
17272	728.200
17283	728.200
16410	728.300
16477	728.300
16511	728.300
16611	728.300
16618	728.300
16697	728.300
16804	728.300
16914	728.300
17187	728.300
16441	728.400
16491	728.400
16582	728.400
16779	728.400
16820	728.400
16889	728.400
17020	728.400
17174	728.400
17208	728.400
17287	728.400
16462	728.500
16470	728.500
16522	728.500
16694	728.500
16718	728.500
16908	728.500
16938	728.500
16951	728.500
17062	728.500
17088	728.500
17156	728.500
17230	728.500
17256	728.500
16685	728.600
16702	728.600
16723	728.600
16911	728.600
16936	728.600
16980	728.600
17030	728.600
17099	728.600
17133	728.600
16540	728.700
16685	728.700
16743	728.700
16793	728.700
16800	728.700
16935	728.700
17018	728.700
17141	728.700
16580	728.800
16646	728.800
16735	728.800
16781	728.800
16797	728.800
17132	728.800
17232	728.800
17274	728.800
17282	728.800
16386	728.900
16415	728.900
16436	728.900
16519	728.900
16536	728.900
16633	728.900
16819	728.900
16872	728.900
16876	728.900
16910	728.900
16992	728.900
17080	728.900
17125	728.900
17205	728.900
17206	728.900
17230	728.900
17245	728.900
16423	729.000
16432	729.000
16436	729.000
16563	729.000
16620	729.000
16684	729.000
16734	729.000
16762	729.000
16789	729.000
16889	729.000
16998	729.000
17005	729.000
17019	729.000
17127	729.000
17182	729.000
16407	729.100
16417	729.100
16493	729.100
16504	729.100
16517	729.100
16596	729.100
16670	729.100
16732	729.100
16824	729.100
16963	729.100
17019	729.100
17082	729.100
17102	729.100
17120	729.100
17197	729.100
17230	729.100
17279	729.100
16403	729.200
16545	729.200
16559	729.200
16588	729.200
16690	729.200
16883	729.200
17042	729.200
17071	729.200
17140	729.200
17178	729.200
17197	729.200
16493	729.300
16498	729.300
16599	729.300
16604	729.300
16779	729.300
16786	729.300
16838	729.300
16861	729.300
16863	729.300
16944	729.300
16946	729.300
17001	729.300
17013	729.300
17049	729.300
17092	729.300
17132	729.300
17150	729.300
16390	729.400
16410	729.400
16491	729.400
16722	729.400
16734	729.400
16859	729.400
17017	729.400
17132	729.400
17183	729.400
17261	729.400
17286	729.400
16396	729.500
16441	729.500
16512	729.500
16536	729.500
16731	729.500
16931	729.500
17118	729.500
17222	729.500
16490	729.600
16545	729.600
16916	729.600
17033	729.600
17120	729.600
17171	729.600
17228	729.600
17260	729.600
16427	729.700
16446	729.700
16541	729.700
16586	729.700
16650	729.700
16656	729.700
16675	729.700
16731	729.700
16940	729.700
16994	729.700
17014	729.700
17023	729.700
17077	729.700
17087	729.700
17244	729.700
16434	729.800
16530	729.800
16551	729.800
16600	729.800
16619	729.800
16910	729.800
16932	729.800
17036	729.800
17245	729.800
17277	729.800
16400	729.900
16526	729.900
16652	729.900
16786	729.900
16805	729.900
16854	729.900
17061	729.900
17150	729.900
17186	729.900
17259	729.900
17269	729.900
16407	730.000
16427	730.000
16456	730.000
16518	730.000
16552	730.000
16572	730.000
16621	730.000
16632	730.000
16636	730.000
16656	730.000
16660	730.000
16692	730.000
16875	730.000
17081	730.000
17111	730.000
17224	730.000
17280	730.000
16392	730.100
16413	730.100
16415	730.100
16461	730.100
16466	730.100
16501	730.100
16644	730.100
16683	730.100
16687	730.100
16712	730.100
16812	730.100
16823	730.100
16927	730.100
16944	730.100
16950	730.100
16951	730.100
16977	730.100
17137	730.100
17164	730.100
16484	730.200
16528	730.200
16530	730.200
16548	730.200
16611	730.200
16748	730.200
16887	730.200
17090	730.200
17122	730.200
17171	730.200
17222	730.200
17231	730.200
17239	730.200
17245	730.200
16529	730.300
16572	730.300
16626	730.300
16809	730.300
16910	730.300
16944	730.300
16946	730.300
17264	730.300
16467	730.400
16605	730.400
16638	730.400
16666	730.400
16836	730.400
16871	730.400
16988	730.400
17013	730.400
17148	730.400
17178	730.400
17197	730.400
17254	730.400
16389	730.500
16686	730.500
16819	730.500
16958	730.500
17021	730.500
17028	730.500
17076	730.500
17221	730.500
16425	730.600
16503	730.600
16522	730.600
16540	730.600
16558	730.600
16941	730.600
16989	730.600
17010	730.600
17241	730.600
17260	730.600
16499	730.700
16597	730.700
16697	730.700
16732	730.700
16815	730.700
16855	730.700
16889	730.700
17085	730.700
17088	730.700
17149	730.700
17149	730.700
17211	730.700
16412	730.800
16538	730.800
16573	730.800
16754	730.800
16881	730.800
16923	730.800
16932	730.800
16968	730.800
17024	730.800
17054	730.800
17139	730.800
17173	730.800
17176	730.800
16455	730.900
16480	730.900
16623	730.900
16801	730.900
16837	730.900
16992	730.900
17152	730.900
16657	731.000
16715	731.000
16872	731.000
16874	731.000
17151	731.000
17215	731.000
16475	731.100
16617	731.100
16703	731.100
17207	731.100
17246	731.100
17263	731.100
16486	731.200
16498	731.200
16652	731.200
16696	731.200
16701	731.200
16705	731.200
16738	731.200
16768	731.200
16886	731.200
17078	731.200
16490	731.300
16490	731.300
16554	731.300
16591	731.300
16605	731.300
16609	731.300
16619	731.300
16747	731.300
16751	731.300
16780	731.300
16781	731.300
16817	731.300
16840	731.300
16893	731.300
16970	731.300
17029	731.300
17154	731.300
17192	731.300
17256	731.300
16599	731.400
16728	731.400
16822	731.400
16834	731.400
16863	731.400
16931	731.400
16964	731.400
16989	731.400
17017	731.400
17032	731.400
17076	731.400
17110	731.400
17160	731.400
16449	731.500
16548	731.500
16598	731.500
16791	731.500
16833	731.500
16856	731.500
16934	731.500
17192	731.500
17228	731.500
17250	731.500
17264	731.500
16704	731.600
16765	731.600
16833	731.600
16940	731.600
16973	731.600
17024	731.600
17081	731.600
17197	731.600
16729	731.700
16772	731.700
16938	731.700
16980	731.700
17120	731.700
17164	731.700
17232	731.700
17241	731.700
16420	731.800
16631	731.800
16666	731.800
16811	731.800
16839	731.800
16885	731.800
16924	731.800
16927	731.800
16978	731.800
16988	731.800
17087	731.800
17091	731.800
17228	731.800
16456	731.900
16490	731.900
16501	731.900
16664	731.900
16732	731.900
16790	731.900
16811	731.900
16846	731.900
16871	731.900
16954	731.900
16966	731.900
17062	731.900
17113	731.900
16431	732.000
16576	732.000
16585	732.000
16606	732.000
16664	732.000
16720	732.000
16749	732.000
16854	732.000
16946	732.000
16968	732.000
16985	732.000
17114	732.000
17216	732.000
17255	732.000
17283	732.000
16493	732.100
16666	732.100
16778	732.100
16905	732.100
16919	732.100
16967	732.100
17031	732.100
17133	732.100
17158	732.100
17202	732.100
17224	732.100
17260	732.100
17268	732.100
17278	732.100
16394	732.200
16439	732.200
16501	732.200
16534	732.200
16600	732.200
16714	732.200
16908	732.200
17002	732.200
17145	732.200
17189	732.200
16450	732.300
16531	732.300
16546	732.300
16594	732.300
16618	732.300
16991	732.300
17046	732.300
17062	732.300
17075	732.300
17083	732.300
16419	732.400
16637	732.400
16706	732.400
16762	732.400
16889	732.400
16905	732.400
16953	732.400
17052	732.400
17061	732.400
17101	732.400
17204	732.400
17221	732.400
17253	732.400
17270	732.400
16505	732.500
16560	732.500
16628	732.500
16635	732.500
16709	732.500
16863	732.500
16915	732.500
17122	732.500
17193	732.500
16540	732.600
16591	732.600
16611	732.600
16681	732.600
16706	732.600
16754	732.600
16829	732.600
16907	732.600
16962	732.600
17011	732.600
17101	732.600
17153	732.600
17214	732.600
16408	732.700
16541	732.700
16555	732.700
16656	732.700
16688	732.700
16720	732.700
16841	732.700
16874	732.700
16898	732.700
16972	732.700
17028	732.700
17070	732.700
17183	732.700
17242	732.700
16507	732.800
16544	732.800
16721	732.800
16731	732.800
16770	732.800
16831	732.800
16904	732.800
16979	732.800
17021	732.800
17230	732.800
16700	732.900
16864	732.900
16904	732.900
16907	732.900
16939	732.900
16968	732.900
17038	732.900
17070	732.900
16621	733.000
16643	733.000
16654	733.000
16715	733.000
16815	733.000
16834	733.000
17093	733.000
17238	733.000
17257	733.000
16456	733.100
16565	733.100
16576	733.100
16684	733.100
16991	733.100
17036	733.100
17080	733.100
17111	733.100
17130	733.100
17162	733.100
16442	733.200
16461	733.200
16503	733.200
16519	733.200
16534	733.200
16610	733.200
16656	733.200
16682	733.200
16700	733.200
16713	733.200
16756	733.200
16986	733.200
17099	733.200
17106	733.200
17137	733.200
17178	733.200
17194	733.200
17276	733.200
16550	733.300
16822	733.300
16854	733.300
16386	733.400
16425	733.400
16430	733.400
16455	733.400
16522	733.400
16615	733.400
16622	733.400
16650	733.400
16705	733.400
16711	733.400
16852	733.400
17009	733.400
17046	733.400
17076	733.400
17103	733.400
17255	733.400
16387	733.500
16533	733.500
16656	733.500
16680	733.500
16723	733.500
16774	733.500
16832	733.500
17040	733.500
17155	733.500
17170	733.500
17253	733.500
16637	733.600
16812	733.600
16848	733.600
16899	733.600
16971	733.600
17096	733.600
17147	733.600
17194	733.600
17243	733.600
16445	733.700
16586	733.700
16589	733.700
16713	733.700
16827	733.700
16845	733.700
16896	733.700
16968	733.700
16969	733.700
17001	733.700
17025	733.700
17183	733.700
16501	733.800
16569	733.800
16592	733.800
16629	733.800
16707	733.800
16928	733.800
16994	733.800
17093	733.800
17149	733.800
17163	733.800
17267	733.800
16393	733.900
16426	733.900
16495	733.900
16500	733.900
16593	733.900
16609	733.900
16744	733.900
16746	733.900
16768	733.900
16831	733.900
16941	733.900
16963	733.900
17132	733.900
17183	733.900
17237	733.900
17278	733.900
16436	734.000
16541	734.000
16566	734.000
16586	734.000
16738	734.000
17060	734.000
17139	734.000
17250	734.000
16389	734.100
16606	734.100
16622	734.100
16776	734.100
16776	734.100
16888	734.100
16996	734.100
17240	734.100
16391	734.200
16477	734.200
16598	734.200
16665	734.200
16815	734.200
16821	734.200
16897	734.200
16968	734.200
17031	734.200
17050	734.200
17104	734.200
17137	734.200
17160	734.200
17209	734.200
17240	734.200
17285	734.200
16922	734.300
16933	734.300
16974	734.300
17142	734.300
17156	734.300
17169	734.300
17170	734.300
17170	734.300
16392	734.400
16435	734.400
16657	734.400
16770	734.400
16778	734.400
16961	734.400
16985	734.400
17003	734.400
17105	734.400
17175	734.400
17184	734.400
17265	734.400
17279	734.400
16437	734.500
16470	734.500
16485	734.500
16540	734.500
16572	734.500
16822	734.500
17063	734.500
17104	734.500
17226	734.500
17232	734.500
17274	734.500
16400	734.600
16450	734.600
16668	734.600
16740	734.600
16816	734.600
16847	734.600
16861	734.600
16902	734.600
16964	734.600
16967	734.600
16982	734.600
17134	734.600
17152	734.600
17154	734.600
17213	734.600
17269	734.600
16472	734.700
16574	734.700
16576	734.700
16732	734.700
16938	734.700
17003	734.700
17086	734.700
16547	734.800
16605	734.800
16651	734.800
16814	734.800
16887	734.800
17007	734.800
17169	734.800
17175	734.800
16424	734.900
16717	734.900
16860	734.900
16910	734.900
16933	734.900
16973	734.900
17018	734.900
17222	734.900
17237	734.900
16455	735.000
16554	735.000
16581	735.000
16625	735.000
16757	735.000
17045	735.000
17125	735.000
17211	735.000
17285	735.000
16536	735.100
16614	735.100
16653	735.100
16852	735.100
16891	735.100
16973	735.100
17084	735.100
17171	735.100
16410	735.200
16579	735.200
16606	735.200
16694	735.200
17080	735.200
17122	735.200
17211	735.200
17212	735.200
16443	735.300
16454	735.300
16461	735.300
16724	735.300
16767	735.300
17141	735.300
17240	735.300
17248	735.300
16387	735.400
16433	735.400
16528	735.400
16556	735.400
16647	735.400
16663	735.400
16691	735.400
16841	735.400
16843	735.400
16871	735.400
17058	735.400
17182	735.400
17230	735.400
16432	735.500
16570	735.500
16588	735.500
16720	735.500
16762	735.500
16764	735.500
16955	735.500
17059	735.500
17122	735.500
17122	735.500
17187	735.500
17215	735.500
17280	735.500
16440	735.600
16534	735.600
16670	735.600
16853	735.600
16910	735.600
17025	735.600
17076	735.600
17133	735.600
17256	735.600
16480	735.700
16594	735.700
16794	735.700
16808	735.700
16869	735.700
16938	735.700
17101	735.700
17107	735.700
17153	735.700
17213	735.700
17223	735.700
17237	735.700
16599	735.800
16615	735.800
16629	735.800
16769	735.800
17029	735.800
17153	735.800
17252	735.800
16595	735.900
16634	735.900
16906	735.900
16938	735.900
16948	735.900
17155	735.900
17194	735.900
17283	735.900
16426	736.000
16437	736.000
16670	736.000
16695	736.000
16927	736.000
17052	736.000
17057	736.000
17136	736.000
17227	736.000
17259	736.000
17264	736.000
16462	736.100
16581	736.100
16745	736.100
16795	736.100
16899	736.100
16926	736.100
17224	736.100
16491	736.200
16673	736.200
16692	736.200
16711	736.200
16736	736.200
16779	736.200
16845	736.200
17183	736.200
17249	736.200
17254	736.200
16390	736.300
16479	736.300
16514	736.300
16583	736.300
16630	736.300
16663	736.300
16740	736.300
16778	736.300
16788	736.300
16840	736.300
16928	736.300
16953	736.300
17036	736.300
17162	736.300
17198	736.300
17269	736.300
16404	736.400
16412	736.400
16469	736.400
16540	736.400
16630	736.400
16835	736.400
16904	736.400
16941	736.400
17054	736.400
17085	736.400
17158	736.400
17198	736.400
17225	736.400
16471	736.500
16549	736.500
16918	736.500
16978	736.500
17032	736.500
17045	736.500
17169	736.500
17203	736.500
16477	736.600
16503	736.600
17001	736.600
17179	736.600
16440	736.700
16448	736.700
16508	736.700
16624	736.700
16721	736.700
16767	736.700
16825	736.700
16851	736.700
17174	736.700
17262	736.700
16417	736.800
16746	736.800
16767	736.800
16810	736.800
17026	736.800
17197	736.800
17201	736.800
16459	736.900
16751	736.900
16838	736.900
16856	736.900
16856	736.900
16906	736.900
16984	736.900
16986	736.900
17230	736.900
17263	736.900
16459	737.000
16502	737.000
16511	737.000
16546	737.000
16614	737.000
16685	737.000
16747	737.000
16767	737.000
16859	737.000
16875	737.000
16879	737.000
16425	737.100
16504	737.100
16537	737.100
16564	737.100
16574	737.100
16786	737.100
16792	737.100
16854	737.100
16862	737.100
16971	737.100
17035	737.100
17122	737.100
17165	737.100
17229	737.100
16442	737.200
16637	737.200
16693	737.200
16971	737.200
16979	737.200
17077	737.200
17229	737.200
16434	737.300
16459	737.300
16495	737.300
16703	737.300
16822	737.300
16920	737.300
16942	737.300
17118	737.300
17127	737.300
17156	737.300
16562	737.400
16628	737.400
16667	737.400
16728	737.400
17063	737.400
17092	737.400
17143	737.400
17164	737.400
17178	737.400
17277	737.400
16428	737.500
16541	737.500
16622	737.500
16651	737.500
16789	737.500
16808	737.500
16921	737.500
16958	737.500
17054	737.500
17122	737.500
17184	737.500
16534	737.600
16614	737.600
16653	737.600
16699	737.600
16716	737.600
16910	737.600
17029	737.600
17089	737.600
17137	737.600
17171	737.600
17211	737.600
17267	737.600
16536	737.700
16665	737.700
16669	737.700
16695	737.700
16700	737.700
16848	737.700
16854	737.700
17050	737.700
17050	737.700
17223	737.700
17237	737.700
16399	737.800
16414	737.800
16420	737.800
16477	737.800
16543	737.800
16555	737.800
16564	737.800
16690	737.800
16703	737.800
16847	737.800
16849	737.800
16901	737.800
16938	737.800
17221	737.800
17246	737.800
16574	737.900
16620	737.900
16726	737.900
16747	737.900
16762	737.900
16876	737.900
16964	737.900
17057	737.900
17086	737.900
17234	737.900
16426	738.000
16590	738.000
16607	738.000
16692	738.000
16746	738.000
16787	738.000
16826	738.000
16974	738.000
17037	738.000
17084	738.000
17138	738.000
17208	738.000
17210	738.000
17260	738.000
16574	738.100
16751	738.100
16887	738.100
16912	738.100
16942	738.100
16949	738.100
16954	738.100
16984	738.100
17065	738.100
17184	738.100
16391	738.200
16806	738.200
16815	738.200
17004	738.200
17014	738.200
17132	738.200
17194	738.200
16405	738.300
16440	738.300
16503	738.300
16507	738.300
16526	738.300
16571	738.300
16720	738.300
16734	738.300
16744	738.300
16952	738.300
17007	738.300
17092	738.300
17125	738.300
16412	738.400
16579	738.400
16604	738.400
16702	738.400
16724	738.400
16756	738.400
16811	738.400
17261	738.400
17265	738.400
16708	738.500
16882	738.500
16920	738.500
17019	738.500
17270	738.500
16635	738.600
16712	738.600
16777	738.600
16794	738.600
16801	738.600
16930	738.600
17060	738.600
16421	738.700
16451	738.700
16480	738.700
16564	738.700
16576	738.700
16594	738.700
16659	738.700
16706	738.700
16796	738.700
16893	738.700
17168	738.700
17212	738.700
16516	738.800
16829	738.800
16841	738.800
16950	738.800
17086	738.800
17088	738.800
17126	738.800
17132	738.800
17135	738.800
16387	738.900
16390	738.900
16481	738.900
16630	738.900
16781	738.900
16798	738.900
16837	738.900
17112	738.900
17122	738.900
16501	739.000
16886	739.000
16928	739.000
16940	739.000
16999	739.000
17092	739.000
17166	739.000
17205	739.000
17214	739.000
16488	739.100
16547	739.100
16684	739.100
16724	739.100
16803	739.100
16935	739.100
17136	739.100
17283	739.100
16413	739.200
16422	739.200
16431	739.200
16474	739.200
16942	739.200
16962	739.200
17075	739.200
17203	739.200
16408	739.300
16462	739.300
16480	739.300
16730	739.300
16818	739.300
16967	739.300
16996	739.300
16997	739.300
17178	739.300
17204	739.300
16548	739.400
16566	739.400
16674	739.400
16694	739.400
16739	739.400
16793	739.400
16842	739.400
16860	739.400
16885	739.400
16963	739.400
16990	739.400
17059	739.400
17107	739.400
17172	739.400
17222	739.400
17224	739.400
16460	739.500
16526	739.500
16563	739.500
16598	739.500
16780	739.500
16817	739.500
16843	739.500
16857	739.500
16874	739.500
16882	739.500
16891	739.500
17167	739.500
17177	739.500
17191	739.500
17246	739.500
16480	739.600
16483	739.600
16548	739.600
16617	739.600
16741	739.600
16744	739.600
16832	739.600
16850	739.600
16892	739.600
16928	739.600
17056	739.600
17102	739.600
16431	739.700
16488	739.700
16653	739.700
16718	739.700
16789	739.700
16920	739.700
16947	739.700
17085	739.700
17191	739.700
17284	739.700
16413	739.800
16439	739.800
16627	739.800
16849	739.800
16947	739.800
17054	739.800
17080	739.800
17095	739.800
17199	739.800
16424	739.900
16540	739.900
16591	739.900
16639	739.900
16828	739.900
16856	739.900
17195	739.900
16418	740.000
16595	740.000
16638	740.000
16736	740.000
16796	740.000
16918	740.000
17232	740.000
16522	740.100
16536	740.100
16561	740.100
16653	740.100
16770	740.100
16803	740.100
17097	740.100
16402	740.200
16413	740.200
16463	740.200
16542	740.200
16573	740.200
16591	740.200
16679	740.200
16727	740.200
16890	740.200
16943	740.200
17066	740.200
17069	740.200
17230	740.200
17231	740.200
16622	740.300
16660	740.300
16675	740.300
16746	740.300
16785	740.300
16868	740.300
17031	740.300
17076	740.300
17110	740.300
17168	740.300
17195	740.300
17277	740.300
16495	740.400
16622	740.400
16632	740.400
16667	740.400
16763	740.400
16773	740.400
16945	740.400
16988	740.400
17065	740.400
17101	740.400
17252	740.400
16400	740.500
16404	740.500
16584	740.500
16626	740.500
16886	740.500
17022	740.500
17042	740.500
17065	740.500
17170	740.500
17192	740.500
16401	740.600
16405	740.600
16441	740.600
16605	740.600
16626	740.600
16669	740.600
16710	740.600
16784	740.600
16856	740.600
16879	740.600
16979	740.600
17067	740.600
17114	740.600
17124	740.600
17218	740.600
17260	740.600
16487	740.700
16521	740.700
16802	740.700
16895	740.700
16924	740.700
16961	740.700
17077	740.700
17100	740.700
17117	740.700
17207	740.700
17256	740.700
16622	740.800
16770	740.800
16920	740.800
16923	740.800
17065	740.800
17123	740.800
17178	740.800
17182	740.800
17260	740.800
17280	740.800
16441	740.900
16454	740.900
16537	740.900
16818	740.900
16881	740.900
16992	740.900
17027	740.900
16467	741.000
16629	741.000
16672	741.000
16767	741.000
16768	741.000
16783	741.000
16991	741.000
17009	741.000
17068	741.000
17072	741.000
17111	741.000
17204	741.000
17230	741.000
16568	741.100
16575	741.100
16587	741.100
17022	741.100
17149	741.100
17250	741.100
16424	741.200
16508	741.200
16607	741.200
16662	741.200
16806	741.200
16938	741.200
16962	741.200
16997	741.200
17034	741.200
17058	741.200
17110	741.200
16426	741.300
16472	741.300
16481	741.300
16530	741.300
16777	741.300
16836	741.300
16968	741.300
17215	741.300
16446	741.400
16483	741.400
16622	741.400
16698	741.400
16711	741.400
16797	741.400
16867	741.400
16931	741.400
17046	741.400
17064	741.400
17070	741.400
17223	741.400
16530	741.500
16605	741.500
16672	741.500
16704	741.500
16746	741.500
16894	741.500
16937	741.500
17012	741.500
17013	741.500
17203	741.500
17241	741.500
16449	741.600
16772	741.600
16783	741.600
16993	741.600
17007	741.600
17117	741.600
17154	741.600
17160	741.600
17210	741.600
16386	741.700
16442	741.700
16891	741.700
16899	741.700
16962	741.700
17212	741.700
17242	741.700
17270	741.700
16395	741.800
16446	741.800
16599	741.800
16673	741.800
16796	741.800
16871	741.800
16873	741.800
16896	741.800
16903	741.800
16952	741.800
16971	741.800
17105	741.800
17229	741.800
16462	741.900
16580	741.900
16619	741.900
16640	741.900
16690	741.900
16734	741.900
16739	741.900
16756	741.900
16764	741.900
16794	741.900
16855	741.900
16876	741.900
16931	741.900
16960	741.900
17046	741.900
17085	741.900
17103	741.900
17148	741.900
17154	741.900
17185	741.900
16475	742.000
16475	742.000
16578	742.000
16716	742.000
16759	742.000
16849	742.000
16850	742.000
16853	742.000
17033	742.000
17052	742.000
17241	742.000
16453	742.100
16457	742.100
16619	742.100
16670	742.100
16813	742.100
16821	742.100
17114	742.100
17170	742.100
17219	742.100
17233	742.100
16496	742.200
16670	742.200
16679	742.200
16683	742.200
16706	742.200
16765	742.200
16862	742.200
16916	742.200
16945	742.200
17079	742.200
17100	742.200
17184	742.200
16458	742.300
16469	742.300
16702	742.300
16757	742.300
16855	742.300
16869	742.300
17040	742.300
17097	742.300
17236	742.300
17255	742.300
16482	742.400
16483	742.400
16553	742.400
16642	742.400
16673	742.400
16685	742.400
16817	742.400
16829	742.400
16896	742.400
16897	742.400
16948	742.400
17104	742.400
17183	742.400
17253	742.400
16461	742.500
16593	742.500
16612	742.500
16656	742.500
16669	742.500
16732	742.500
16947	742.500
16990	742.500
17052	742.500
17065	742.500
17143	742.500
16491	742.600
16682	742.600
16700	742.600
16957	742.600
17278	742.600
16392	742.700
16496	742.700
16509	742.700
16512	742.700
16517	742.700
16520	742.700
16566	742.700
16625	742.700
16961	742.700
16961	742.700
17071	742.700
17269	742.700
16539	742.800
16730	742.800
16833	742.800
16991	742.800
17102	742.800
16421	742.900
16439	742.900
16535	742.900
16704	742.900
16902	742.900
16912	742.900
16981	742.900
17091	742.900
17108	742.900
17157	742.900
17183	742.900
16391	743.000
16500	743.000
16629	743.000
16642	743.000
16758	743.000
16916	743.000
16918	743.000
16979	743.000
17096	743.000
17174	743.000
17181	743.000
16403	743.100
16549	743.100
16685	743.100
16745	743.100
16779	743.100
16850	743.100
17043	743.100
17053	743.100
17053	743.100
17080	743.100
17126	743.100
17162	743.100
16549	743.200
16617	743.200
16700	743.200
16700	743.200
16836	743.200
16881	743.200
16940	743.200
17246	743.200
16388	743.300
16632	743.300
16694	743.300
16773	743.300
16931	743.300
16973	743.300
17005	743.300
17166	743.300
17215	743.300
17221	743.300
17266	743.300
17269	743.300
16466	743.400
16738	743.400
16743	743.400
16870	743.400
16893	743.400
16895	743.400
16938	743.400
16943	743.400
17106	743.400
17174	743.400
17180	743.400
16478	743.500
16695	743.500
16935	743.500
16935	743.500
16950	743.500
16974	743.500
17172	743.500
17178	743.500
17183	743.500
17228	743.500
16572	743.600
16582	743.600
16678	743.600
16733	743.600
16887	743.600
17063	743.600
17074	743.600
17120	743.600
17208	743.600
17211	743.600
16467	743.700
16525	743.700
16542	743.700
16600	743.700
16638	743.700
16659	743.700
16667	743.700
16704	743.700
16816	743.700
16996	743.700
17138	743.700
17139	743.700
16482	743.800
16554	743.800
16573	743.800
16632	743.800
16641	743.800
16773	743.800
16993	743.800
17226	743.800
16492	743.900
16612	743.900
16646	743.900
16649	743.900
16852	743.900
16921	743.900
17182	743.900
16475	744.000
16514	744.000
16595	744.000
16635	744.000
16654	744.000
16657	744.000
16833	744.000
16968	744.000
16977	744.000
17018	744.000
17195	744.000
17199	744.000
17213	744.000
17285	744.000
16613	744.100
16739	744.100
16942	744.100
16966	744.100
16976	744.100
17002	744.100
17050	744.100
17061	744.100
17094	744.100
17282	744.100
16411	744.200
16426	744.200
16526	744.200
16665	744.200
16817	744.200
16822	744.200
16883	744.200
17011	744.200
17151	744.200
17173	744.200
17235	744.200
16409	744.300
16411	744.300
16463	744.300
16490	744.300
16496	744.300
16496	744.300
16659	744.300
16733	744.300
16812	744.300
16897	744.300
16932	744.300
16977	744.300
17037	744.300
17103	744.300
17140	744.300
17203	744.300
17264	744.300
17283	744.300
16389	744.400
16423	744.400
16596	744.400
16627	744.400
16633	744.400
16849	744.400
16851	744.400
16852	744.400
16867	744.400
16979	744.400
17001	744.400
17248	744.400
16403	744.500
16434	744.500
16452	744.500
16482	744.500
16546	744.500
16592	744.500
16659	744.500
16765	744.500
17142	744.500
17219	744.500
17219	744.500
16435	744.600
16441	744.600
16644	744.600
16760	744.600
16765	744.600
16784	744.600
16805	744.600
16872	744.600
16874	744.600
16898	744.600
16942	744.600
16955	744.600
16979	744.600
17083	744.600
17096	744.600
17178	744.600
17201	744.600
16428	744.700
16432	744.700
16637	744.700
16749	744.700
17012	744.700
17106	744.700
17185	744.700
16465	744.800
16510	744.800
16520	744.800
16587	744.800
16639	744.800
16782	744.800
16782	744.800
16813	744.800
16821	744.800
16890	744.800
16898	744.800
16940	744.800
16953	744.800
17112	744.800
17121	744.800
17146	744.800
17243	744.800
17286	744.800
16443	744.900
16614	744.900
16670	744.900
16726	744.900
16826	744.900
17156	744.900
17190	744.900
17240	744.900
17275	744.900
16446	745.000
16576	745.000
16672	745.000
16749	745.000
16768	745.000
16875	745.000
16885	745.000
16905	745.000
16914	745.000
17000	745.000
16613	745.100
16704	745.100
16747	745.100
16786	745.100
16815	745.100
16911	745.100
16986	745.100
17234	745.100
16386	745.200
16426	745.200
16446	745.200
16494	745.200
16606	745.200
16647	745.200
16708	745.200
16748	745.200
16919	745.200
17173	745.200
16429	745.300
16482	745.300
16605	745.300
16609	745.300
16843	745.300
16846	745.300
16901	745.300
16939	745.300
16941	745.300
17163	745.300
17199	745.300
17211	745.300
16545	745.400
16633	745.400
16635	745.400
16706	745.400
16930	745.400
17045	745.400
17072	745.400
17090	745.400
16387	745.500
16448	745.500
16458	745.500
16557	745.500
16565	745.500
16680	745.500
16733	745.500
16798	745.500
16837	745.500
16839	745.500
16852	745.500
17180	745.500
17219	745.500
17260	745.500
16390	745.600
16477	745.600
16494	745.600
16538	745.600
16538	745.600
16636	745.600
16651	745.600
16651	745.600
16720	745.600
16765	745.600
16910	745.600
16968	745.600
16978	745.600
17109	745.600
17163	745.600
17266	745.600
16433	745.700
16434	745.700
16469	745.700
16479	745.700
16499	745.700
16513	745.700
16611	745.700
16676	745.700
16691	745.700
16833	745.700
16841	745.700
16855	745.700
16885	745.700
16900	745.700
16916	745.700
16928	745.700
16929	745.700
16945	745.700
16951	745.700
16960	745.700
17008	745.700
17073	745.700
17077	745.700
17253	745.700
16461	745.800
16468	745.800
16493	745.800
16502	745.800
16664	745.800
16664	745.800
16768	745.800
17011	745.800
17065	745.800
17109	745.800
16483	745.900
16511	745.900
16653	745.900
16657	745.900
16677	745.900
16747	745.900
16863	745.900
17042	745.900
17125	745.900
17169	745.900
17233	745.900
16401	746.000
16569	746.000
16617	746.000
16732	746.000
16844	746.000
16851	746.000
16855	746.000
16868	746.000
16966	746.000
17082	746.000
17261	746.000
16407	746.100
16540	746.100
16748	746.100
16773	746.100
16788	746.100
16819	746.100
16916	746.100
17162	746.100
16406	746.200
16494	746.200
16532	746.200
16636	746.200
16999	746.200
17099	746.200
17210	746.200
17241	746.200
16459	746.300
16687	746.300
16792	746.300
16936	746.300
17015	746.300
17119	746.300
16557	746.400
16633	746.400
16645	746.400
16739	746.400
16750	746.400
16781	746.400
16816	746.400
16879	746.400
16904	746.400
16987	746.400
17105	746.400
17182	746.400
16452	746.500
16508	746.500
16623	746.500
16736	746.500
16736	746.500
16759	746.500
16767	746.500
16787	746.500
16990	746.500
17036	746.500
17066	746.500
17088	746.500
17187	746.500
17219	746.500
16449	746.600
16458	746.600
16487	746.600
16489	746.600
16649	746.600
16672	746.600
16691	746.600
16727	746.600
16776	746.600
16954	746.600
17073	746.600
17161	746.600
17226	746.600
16447	746.700
16735	746.700
16825	746.700
17095	746.700
16405	746.800
16425	746.800
16913	746.800
16996	746.800
17133	746.800
17168	746.800
16477	746.900
16499	746.900
16542	746.900
16714	746.900
16841	746.900
17012	746.900
17081	746.900
17180	746.900
17247	746.900
16597	747.000
16665	747.000
16796	747.000
16846	747.000
16866	747.000
16999	747.000
17026	747.000
17031	747.000
17034	747.000
17056	747.000
16413	747.100
16438	747.100
16550	747.100
16649	747.100
16978	747.100
17167	747.100
17186	747.100
17209	747.100
16444	747.200
16467	747.200
16487	747.200
16578	747.200
16589	747.200
16631	747.200
16868	747.200
16938	747.200
17030	747.200
17068	747.200
17125	747.200
17225	747.200
16401	747.300
16473	747.300
16561	747.300
16718	747.300
16726	747.300
16787	747.300
16820	747.300
16880	747.300
16954	747.300
16994	747.300
17178	747.300
17188	747.300
17237	747.300
17286	747.300
16456	747.400
16676	747.400
16686	747.400
16734	747.400
16837	747.400
16872	747.400
16947	747.400
16955	747.400
17025	747.400
17050	747.400
17181	747.400
17237	747.400
17284	747.400
16479	747.500
16607	747.500
16609	747.500
16611	747.500
16622	747.500
16744	747.500
16880	747.500
16895	747.500
16945	747.500
17010	747.500
17031	747.500
17107	747.500
17116	747.500
17210	747.500
17253	747.500
16554	747.600
16784	747.600
17003	747.600
17086	747.600
17276	747.600
16392	747.700
16450	747.700
16526	747.700
16661	747.700
16792	747.700
16912	747.700
17118	747.700
17160	747.700
16405	747.800
16472	747.800
16486	747.800
16518	747.800
16647	747.800
16688	747.800
16724	747.800
16819	747.800
16829	747.800
16930	747.800
17000	747.800
17148	747.800
16455	747.900
16520	747.900
16770	747.900
16822	747.900
16853	747.900
16973	747.900
17044	747.900
17080	747.900
16738	748.000
16841	748.000
16919	748.000
17079	748.000
17205	748.000
17224	748.000
17233	748.000
17273	748.000
16528	748.100
16561	748.100
16569	748.100
16573	748.100
16597	748.100
16600	748.100
16613	748.100
16686	748.100
16939	748.100
17007	748.100
17080	748.100
17191	748.100
16480	748.200
16606	748.200
16636	748.200
16640	748.200
16805	748.200
16809	748.200
16860	748.200
17202	748.200
17239	748.200
17257	748.200
16396	748.300
16520	748.300
16582	748.300
16604	748.300
16665	748.300
16756	748.300
16880	748.300
16914	748.300
17036	748.300
17049	748.300
17057	748.300
17131	748.300
17184	748.300
17276	748.300
16435	748.400
16453	748.400
16543	748.400
16591	748.400
16594	748.400
16594	748.400
16649	748.400
16726	748.400
16734	748.400
16788	748.400
16806	748.400
16899	748.400
17002	748.400
17072	748.400
17103	748.400
17195	748.400
17251	748.400
17267	748.400
16416	748.500
16492	748.500
16528	748.500
16662	748.500
16762	748.500
16932	748.500
16942	748.500
16947	748.500
17003	748.500
17023	748.500
17085	748.500
17120	748.500
17190	748.500
16476	748.600
16477	748.600
16518	748.600
16540	748.600
16800	748.600
16806	748.600
16909	748.600
16922	748.600
16978	748.600
17117	748.600
17177	748.600
16432	748.700
16515	748.700
16579	748.700
16594	748.700
16659	748.700
16764	748.700
16780	748.700
16797	748.700
16820	748.700
16841	748.700
16861	748.700
16865	748.700
16896	748.700
17140	748.700
17198	748.700
16551	748.800
16671	748.800
16768	748.800
16783	748.800
16809	748.800
16861	748.800
16863	748.800
16930	748.800
17027	748.800
16718	748.900
16832	748.900
16910	748.900
17039	748.900
16406	749.000
16428	749.000
16512	749.000
16533	749.000
16553	749.000
16562	749.000
16611	749.000
16871	749.000
16901	749.000
16964	749.000
17075	749.000
17143	749.000
17167	749.000
16396	749.100
16399	749.100
16504	749.100
16553	749.100
16565	749.100
16579	749.100
16628	749.100
17095	749.100
16472	749.200
16502	749.200
16663	749.200
16708	749.200
16879	749.200
16955	749.200
16988	749.200
16988	749.200
17022	749.200
17062	749.200
17068	749.200
17079	749.200
17225	749.200
16487	749.300
16731	749.300
16746	749.300
16955	749.300
17145	749.300
17198	749.300
17245	749.300
17278	749.300
16506	749.400
16637	749.400
16696	749.400
16765	749.400
17069	749.400
17110	749.400
17139	749.400
17201	749.400
17278	749.400
16429	749.500
16438	749.500
16442	749.500
16500	749.500
16591	749.500
16820	749.500
16933	749.500
17028	749.500
17045	749.500
17077	749.500
17148	749.500
17170	749.500
17223	749.500
17229	749.500
17285	749.500
16440	749.600
16645	749.600
16715	749.600
16800	749.600
16874	749.600
16895	749.600
16913	749.600
17122	749.600
17193	749.600
16555	749.700
16622	749.700
16739	749.700
16884	749.700
16964	749.700
17007	749.700
17047	749.700
17052	749.700
17248	749.700
17275	749.700
16754	749.800
16810	749.800
16906	749.800
16933	749.800
16968	749.800
17029	749.800
16506	749.900
16507	749.900
16576	749.900
16909	749.900
16943	749.900
17002	749.900
17067	749.900
17149	749.900
17199	749.900
17213	749.900
16637	750.000
16671	750.000
16705	750.000
16907	750.000
17139	750.000
16399	750.100
16580	750.100
16609	750.100
16680	750.100
16829	750.100
16901	750.100
16986	750.100
17129	750.100
17208	750.100
16419	750.200
16426	750.200
16507	750.200
16814	750.200
16883	750.200
16923	750.200
17194	750.200
16389	750.300
16574	750.300
16856	750.300
16980	750.300
17031	750.300
17078	750.300
17192	750.300
17198	750.300
16441	750.400
16514	750.400
16794	750.400
16820	750.400
16900	750.400
16924	750.400
16958	750.400
17062	750.400
17078	750.400
16554	750.500
16560	750.500
16651	750.500
16687	750.500
16750	750.500
16965	750.500
17143	750.500
17264	750.500
16588	750.600
16755	750.600
16853	750.600
16925	750.600
17188	750.600
17232	750.600
17283	750.600
16466	750.700
16542	750.700
16783	750.700
16838	750.700
16892	750.700
16934	750.700
17044	750.700
17080	750.700
17129	750.700
17147	750.700
16452	750.800
16459	750.800
16877	750.800
17043	750.800
17071	750.800
17111	750.800
17112	750.800
17179	750.800
17276	750.800
16401	750.900
16547	750.900
16684	750.900
16789	750.900
16817	750.900
16884	750.900
17002	750.900
17078	750.900
17113	750.900
17137	750.900
17155	750.900
17165	750.900
17169	750.900
17172	750.900
16460	751.000
16643	751.000
16663	751.000
16698	751.000
16721	751.000
16792	751.000
16879	751.000
16883	751.000
17078	751.000
17250	751.000
17271	751.000
16572	751.100
16597	751.100
16611	751.100
16676	751.100
16801	751.100
17136	751.100
16492	751.200
16554	751.200
16559	751.200
16743	751.200
16790	751.200
16791	751.200
16829	751.200
16848	751.200
16871	751.200
17083	751.200
17168	751.200
17179	751.200
17179	751.200
17186	751.200
17242	751.200
17268	751.200
16405	751.300
16412	751.300
16418	751.300
16424	751.300
16502	751.300
16518	751.300
16543	751.300
16726	751.300
16730	751.300
16933	751.300
16941	751.300
16953	751.300
17026	751.300
17105	751.300
17261	751.300
16449	751.400
16471	751.400
16564	751.400
16570	751.400
16630	751.400
16645	751.400
16714	751.400
16812	751.400
16834	751.400
17006	751.400
17106	751.400
17146	751.400
17171	751.400
16395	751.500
16459	751.500
16500	751.500
16510	751.500
16546	751.500
16574	751.500
16591	751.500
16592	751.500
16776	751.500
16884	751.500
17011	751.500
16404	751.600
16541	751.600
16790	751.600
16837	751.600
16956	751.600
17060	751.600
17102	751.600
17147	751.600
16409	751.700
16469	751.700
16527	751.700
16531	751.700
16540	751.700
16656	751.700
17009	751.700
17209	751.700
17285	751.700
16429	751.800
16504	751.800
16698	751.800
16702	751.800
16768	751.800
16798	751.800
16963	751.800
17002	751.800
17021	751.800
17078	751.800
17117	751.800
16424	751.900
16475	751.900
16586	751.900
16631	751.900
16633	751.900
16722	751.900
16740	751.900
16842	751.900
16888	751.900
16902	751.900
16939	751.900
17049	751.900
17099	751.900
16397	752.000
16486	752.000
16492	752.000
16514	752.000
16562	752.000
16676	752.000
16737	752.000
16808	752.000
16856	752.000
17012	752.000
17224	752.000
17258	752.000
16425	752.100
16429	752.100
16579	752.100
16589	752.100
16615	752.100
16617	752.100
16820	752.100
16858	752.100
16925	752.100
17024	752.100
17025	752.100
17123	752.100
17152	752.100
17189	752.100
16405	752.200
16809	752.200
16911	752.200
17219	752.200
16502	752.300
16531	752.300
16544	752.300
16617	752.300
16638	752.300
16671	752.300
16672	752.300
16693	752.300
16837	752.300
16862	752.300
16920	752.300
16972	752.300
17185	752.300
17225	752.300
17248	752.300
16402	752.400
16441	752.400
16476	752.400
16576	752.400
16585	752.400
16661	752.400
16825	752.400
16877	752.400
16949	752.400
17166	752.400
17195	752.400
17241	752.400
17276	752.400
16460	752.500
16594	752.500
16682	752.500
16902	752.500
16916	752.500
16998	752.500
17036	752.500
17125	752.500
17276	752.500
16460	752.600
16673	752.600
16683	752.600
16687	752.600
16744	752.600
16848	752.600
16972	752.600
17001	752.600
17135	752.600
16428	752.700
16442	752.700
16590	752.700
16830	752.700
16887	752.700
17004	752.700
17021	752.700
16404	752.800
16426	752.800
16436	752.800
16525	752.800
16621	752.800
16693	752.800
16733	752.800
16780	752.800
16823	752.800
16928	752.800
16952	752.800
16957	752.800
16979	752.800
17072	752.800
17211	752.800
16423	752.900
16429	752.900
16500	752.900
16646	752.900
16672	752.900
16786	752.900
16895	752.900
17019	752.900
17062	752.900
17092	752.900
17250	752.900
17275	752.900
16436	753.000
16500	753.000
16514	753.000
16604	753.000
16645	753.000
16684	753.000
16790	753.000
16814	753.000
16936	753.000
17037	753.000
17168	753.000
17173	753.000
17248	753.000
16452	753.100
16466	753.100
16489	753.100
16587	753.100
16607	753.100
16687	753.100
16735	753.100
16868	753.100
16876	753.100
16925	753.100
16945	753.100
17111	753.100
17237	753.100
16454	753.200
16486	753.200
16563	753.200
16618	753.200
16808	753.200
16816	753.200
16822	753.200
16835	753.200
16920	753.200
17008	753.200
17107	753.200
17109	753.200
17148	753.200
17261	753.200
17267	753.200
16456	753.300
16634	753.300
16736	753.300
16942	753.300
17060	753.300
17105	753.300
17168	753.300
17258	753.300
16578	753.400
16623	753.400
16643	753.400
16716	753.400
16720	753.400
17059	753.400
17062	753.400
17179	753.400
17205	753.400
17210	753.400
16414	753.500
16489	753.500
16533	753.500
16644	753.500
16726	753.500
16870	753.500
16912	753.500
16979	753.500
17074	753.500
17132	753.500
17137	753.500
17151	753.500
17274	753.500
16401	753.600
16413	753.600
16445	753.600
16446	753.600
16473	753.600
16480	753.600
16636	753.600
16687	753.600
16716	753.600
16743	753.600
16818	753.600
16859	753.600
16905	753.600
16917	753.600
16923	753.600
16936	753.600
16949	753.600
16999	753.600
17010	753.600
17164	753.600
17249	753.600
16445	753.700
16493	753.700
16598	753.700
16699	753.700
16855	753.700
16888	753.700
16944	753.700
17108	753.700
17227	753.700
17246	753.700
16424	753.800
16436	753.800
16496	753.800
16524	753.800
16593	753.800
16600	753.800
16628	753.800
16679	753.800
16878	753.800
17223	753.800
17251	753.800
16429	753.900
16510	753.900
16671	753.900
16733	753.900
16987	753.900
16997	753.900
17285	753.900
16517	754.000
16633	754.000
16644	754.000
16781	754.000
16788	754.000
17115	754.000
17223	754.000
17285	754.000
16584	754.100
16935	754.100
17040	754.100
17066	754.100
17140	754.100
17166	754.100
17170	754.100
16654	754.200
16749	754.200
16920	754.200
16921	754.200
17018	754.200
17068	754.200
17086	754.200
17158	754.200
17177	754.200
16446	754.300
16513	754.300
16564	754.300
16605	754.300
16704	754.300
16737	754.300
16872	754.300
16959	754.300
16963	754.300
16976	754.300
17045	754.300
17046	754.300
17050	754.300
17149	754.300
16415	754.400
16460	754.400
16531	754.400
16584	754.400
16608	754.400
16688	754.400
16711	754.400
16784	754.400
16899	754.400
16991	754.400
17017	754.400
17181	754.400
17277	754.400
16528	754.500
16748	754.500
16830	754.500
16892	754.500
16919	754.500
17005	754.500
17127	754.500
17179	754.500
17191	754.500
16426	754.600
16596	754.600
16677	754.600
16690	754.600
16735	754.600
16751	754.600
16759	754.600
16842	754.600
16924	754.600
17082	754.600
17124	754.600
17263	754.600
16600	754.700
16827	754.700
16903	754.700
16909	754.700
16926	754.700
16928	754.700
17003	754.700
17042	754.700
17046	754.700
17060	754.700
17164	754.700
17249	754.700
17264	754.700
16461	754.800
16502	754.800
16593	754.800
16637	754.800
16840	754.800
16862	754.800
16891	754.800
16899	754.800
16973	754.800
16995	754.800
17103	754.800
16411	754.900
16522	754.900
16536	754.900
16561	754.900
16561	754.900
16679	754.900
16702	754.900
16929	754.900
16934	754.900
17137	754.900
17278	754.900
16481	755.000
16507	755.000
16645	755.000
16714	755.000
16768	755.000
16788	755.000
16955	755.000
17020	755.000
17029	755.000
17054	755.000
17124	755.000
17242	755.000
16562	755.100
16587	755.100
16654	755.100
16692	755.100
16812	755.100
16843	755.100
16947	755.100
17043	755.100
17108	755.100
16455	755.200
16545	755.200
16593	755.200
16779	755.200
16792	755.200
16833	755.200
16902	755.200
16943	755.200
17062	755.200
17072	755.200
17214	755.200
17228	755.200
16505	755.300
16590	755.300
16606	755.300
16618	755.300
16680	755.300
16701	755.300
16877	755.300
16887	755.300
17079	755.300
16442	755.400
16585	755.400
16699	755.400
16709	755.400
16853	755.400
16862	755.400
16970	755.400
17069	755.400
17088	755.400
17089	755.400
17195	755.400
17223	755.400
16676	755.500
16736	755.500
16778	755.500
16813	755.500
16865	755.500
16935	755.500
16937	755.500
16979	755.500
16995	755.500
17004	755.500
17036	755.500
17202	755.500
16538	755.600
16573	755.600
16656	755.600
16693	755.600
16719	755.600
16846	755.600
17076	755.600
17183	755.600
17238	755.600
17279	755.600
16686	755.700
16755	755.700
16774	755.700
16868	755.700
16870	755.700
17021	755.700
17029	755.700
17061	755.700
16388	755.800
16394	755.800
16441	755.800
16448	755.800
16465	755.800
16496	755.800
16529	755.800
16573	755.800
16652	755.800
16658	755.800
16892	755.800
16410	755.900
16431	755.900
16444	755.900
16579	755.900
16595	755.900
16631	755.900
16650	755.900
16822	755.900
16842	755.900
16923	755.900
16952	755.900
16958	755.900
16967	755.900
16969	755.900
17065	755.900
17176	755.900
17219	755.900
16489	756.000
16524	756.000
16645	756.000
16773	756.000
16852	756.000
16883	756.000
16978	756.000
17043	756.000
17050	756.000
17062	756.000
17078	756.000
17174	756.000
17196	756.000
16395	756.100
16563	756.100
16604	756.100
16774	756.100
16787	756.100
16917	756.100
16919	756.100
16955	756.100
16980	756.100
17042	756.100
17217	756.100
16407	756.200
16457	756.200
16536	756.200
16571	756.200
16602	756.200
16655	756.200
16712	756.200
16956	756.200
16968	756.200
17036	756.200
17040	756.200
17050	756.200
17097	756.200
17110	756.200
16399	756.300
16411	756.300
16448	756.300
16536	756.300
16553	756.300
16588	756.300
16606	756.300
16608	756.300
16637	756.300
16684	756.300
16714	756.300
16799	756.300
16880	756.300
16883	756.300
16930	756.300
16930	756.300
16947	756.300
16999	756.300
17228	756.300
17245	756.300
16630	756.400
16674	756.400
16781	756.400
17096	756.400
17174	756.400
17208	756.400
16406	756.500
16442	756.500
16455	756.500
16459	756.500
16534	756.500
16786	756.500
17021	756.500
17080	756.500
17168	756.500
16479	756.600
16600	756.600
16609	756.600
16822	756.600
16937	756.600
17109	756.600
17127	756.600
17165	756.600
17229	756.600
16386	756.700
16481	756.700
16524	756.700
16622	756.700
16697	756.700
16777	756.700
16841	756.700
16847	756.700
16917	756.700
16919	756.700
16983	756.700
17092	756.700
17102	756.700
17135	756.700
17213	756.700
16387	756.800
16456	756.800
16603	756.800
16668	756.800
16812	756.800
16819	756.800
16856	756.800
16883	756.800
16903	756.800
16979	756.800
17128	756.800
17183	756.800
17268	756.800
16435	756.900
16474	756.900
16553	756.900
16604	756.900
16615	756.900
16748	756.900
16938	756.900
16945	756.900
16984	756.900
17184	756.900
17194	756.900
16399	757.000
16562	757.000
16628	757.000
16651	757.000
16731	757.000
16772	757.000
16784	757.000
16848	757.000
16922	757.000
17200	757.000
17212	757.000
17273	757.000
16446	757.100
16493	757.100
16508	757.100
16585	757.100
16586	757.100
16716	757.100
16857	757.100
16967	757.100
17013	757.100
17054	757.100
17126	757.100
17171	757.100
17224	757.100
17260	757.100
16409	757.200
16678	757.200
16733	757.200
16869	757.200
16968	757.200
17080	757.200
17107	757.200
17139	757.200
16612	757.300
16891	757.300
16959	757.300
16433	757.400
16718	757.400
16796	757.400
16905	757.400
16926	757.400
16995	757.400
17171	757.400
16422	757.500
16448	757.500
16464	757.500
16647	757.500
16732	757.500
16775	757.500
16839	757.500
16873	757.500
16905	757.500
16906	757.500
16470	757.600
16564	757.600
17091	757.600
17168	757.600
17182	757.600
17269	757.600
16505	757.700
16561	757.700
16656	757.700
16689	757.700
16693	757.700
16722	757.700
16746	757.700
16821	757.700
16880	757.700
16973	757.700
17013	757.700
17193	757.700
16485	757.800
16508	757.800
16570	757.800
16768	757.800
16814	757.800
16828	757.800
16941	757.800
16949	757.800
16960	757.800
16969	757.800
17057	757.800
17175	757.800
16404	757.900
16565	757.900
16745	757.900
16859	757.900
16939	757.900
17102	757.900
17198	757.900
17204	757.900
17208	757.900
17275	757.900
16502	758.000
16507	758.000
16559	758.000
16577	758.000
16608	758.000
16724	758.000
16811	758.000
16909	758.000
16986	758.000
17188	758.000
16389	758.100
16550	758.100
16588	758.100
16648	758.100
16653	758.100
16771	758.100
16782	758.100
16854	758.100
16888	758.100
16995	758.100
17147	758.100
17150	758.100
17204	758.100
17285	758.100
16434	758.200
16440	758.200
16451	758.200
16459	758.200
16484	758.200
16546	758.200
16549	758.200
16587	758.200
16642	758.200
16705	758.200
16938	758.200
17030	758.200
17051	758.200
17070	758.200
17254	758.200
16398	758.300
16437	758.300
16458	758.300
16515	758.300
16639	758.300
16663	758.300
16805	758.300
16924	758.300
16924	758.300
16935	758.300
16936	758.300
16942	758.300
16988	758.300
17033	758.300
17158	758.300
16457	758.400
16457	758.400
16508	758.400
16559	758.400
16638	758.400
16787	758.400
16816	758.400
16864	758.400
16929	758.400
16954	758.400
17255	758.400
16410	758.500
16554	758.500
16687	758.500
16767	758.500
16781	758.500
16799	758.500
16815	758.500
16819	758.500
16867	758.500
16872	758.500
17001	758.500
17059	758.500
17072	758.500
17125	758.500
17246	758.500
16519	758.600
16572	758.600
16676	758.600
16897	758.600
16978	758.600
17030	758.600
17044	758.600
17176	758.600
16432	758.700
16498	758.700
16613	758.700
16698	758.700
16771	758.700
16843	758.700
16907	758.700
16937	758.700
17020	758.700
17102	758.700
16774	758.800
16781	758.800
16819	758.800
16853	758.800
16853	758.800
16942	758.800
17183	758.800
16395	758.900
16422	758.900
16442	758.900
16457	758.900
16494	758.900
16566	758.900
16632	758.900
16655	758.900
16728	758.900
16741	758.900
16874	758.900
16903	758.900
17008	758.900
17060	758.900
17078	758.900
16785	759.000
16855	759.000
16919	759.000
17057	759.000
17125	759.000
16424	759.100
16428	759.100
16479	759.100
16553	759.100
16624	759.100
16637	759.100
16649	759.100
16835	759.100
16851	759.100
16864	759.100
16890	759.100
16897	759.100
16907	759.100
16950	759.100
16954	759.100
16985	759.100
17101	759.100
17135	759.100
17233	759.100
17236	759.100
16409	759.200
16447	759.200
16480	759.200
16548	759.200
16559	759.200
16612	759.200
16694	759.200
16706	759.200
16854	759.200
16857	759.200
16914	759.200
17052	759.200
17158	759.200
17204	759.200
16430	759.300
16536	759.300
16542	759.300
16581	759.300
16627	759.300
16726	759.300
16842	759.300
17013	759.300
17040	759.300
17086	759.300
17175	759.300
17200	759.300
17259	759.300
16511	759.400
16556	759.400
16651	759.400
16690	759.400
16722	759.400
16805	759.400
16972	759.400
17020	759.400
17112	759.400
17115	759.400
17209	759.400
17232	759.400
16483	759.500
16537	759.500
16697	759.500
16708	759.500
16718	759.500
16815	759.500
16918	759.500
16933	759.500
16952	759.500
17035	759.500
17077	759.500
17159	759.500
17221	759.500
17257	759.500
16519	759.600
16549	759.600
16561	759.600
16579	759.600
16643	759.600
16795	759.600
16960	759.600
17016	759.600
17091	759.600
17093	759.600
17094	759.600
17173	759.600
17278	759.600
16497	759.700
16537	759.700
16629	759.700
16855	759.700
16877	759.700
16882	759.700
16891	759.700
16934	759.700
17021	759.700
17029	759.700
17156	759.700
17162	759.700
17183	759.700
17222	759.700
17232	759.700
17246	759.700
16398	759.800
16596	759.800
17067	759.800
17176	759.800
17188	759.800
16426	759.900
16475	759.900
16517	759.900
16589	759.900
16632	759.900
16794	759.900
16833	759.900
16964	759.900
16989	759.900
17066	759.900
16585	760.000
16587	760.000
16865	760.000
17003	760.000
17131	760.000
17133	760.000
17180	760.000
17249	760.000
16482	760.100
16523	760.100
16627	760.100
16679	760.100
16775	760.100
16834	760.100
16943	760.100
17154	760.100
17195	760.100
17211	760.100
16579	760.200
16748	760.200
16779	760.200
16862	760.200
16913	760.200
16967	760.200
17002	760.200
17079	760.200
17190	760.200
17255	760.200
16440	760.300
16521	760.300
16534	760.300
16821	760.300
16897	760.300
16935	760.300
17060	760.300
17160	760.300
17279	760.300
16394	760.400
16399	760.400
16411	760.400
16445	760.400
16479	760.400
16485	760.400
16486	760.400
16584	760.400
16949	760.400
16485	760.500
16704	760.500
16928	760.500
17050	760.500
17055	760.500
16711	760.600
16863	760.600
17040	760.600
17098	760.600
17126	760.600
17138	760.600
17190	760.600
17229	760.600
16469	760.700
16567	760.700
16621	760.700
16830	760.700
16882	760.700
16951	760.700
17088	760.700
17101	760.700
17119	760.700
17130	760.700
17131	760.700
17261	760.700
16462	760.800
16466	760.800
16758	760.800
17028	760.800
17173	760.800
17225	760.800
17254	760.800
16444	760.900
16461	760.900
16495	760.900
16548	760.900
16591	760.900
16644	760.900
16689	760.900
16694	760.900
16714	760.900
17198	760.900
17212	760.900
16480	761.000
16876	761.000
16906	761.000
16940	761.000
17231	761.000
16420	761.100
16437	761.100
16462	761.100
16482	761.100
16555	761.100
16672	761.100
16688	761.100
16696	761.100
16707	761.100
16777	761.100
16813	761.100
16888	761.100
16894	761.100
16985	761.100
17017	761.100
17066	761.100
17163	761.100
17170	761.100
17225	761.100
16791	761.200
16927	761.200
16928	761.200
16998	761.200
17016	761.200
17020	761.200
17037	761.200
17237	761.200
16514	761.300
16573	761.300
16580	761.300
16596	761.300
16757	761.300
16813	761.300
16915	761.300
17105	761.300
17210	761.300
17273	761.300
17286	761.300
16557	761.400
16670	761.400
16717	761.400
16746	761.400
16788	761.400
17107	761.400
17152	761.400
16388	761.500
16532	761.500
16554	761.500
16718	761.500
16748	761.500
16751	761.500
16752	761.500
16788	761.500
16798	761.500
16875	761.500
16991	761.500
17007	761.500
17008	761.500
17103	761.500
17227	761.500
17257	761.500
17266	761.500
16446	761.600
16519	761.600
16519	761.600
16532	761.600
16710	761.600
16954	761.600
17001	761.600
17248	761.600
16671	761.700
16700	761.700
16761	761.700
16834	761.700
16892	761.700
16932	761.700
17084	761.700
17162	761.700
16418	761.800
16421	761.800
16457	761.800
16593	761.800
16647	761.800
16664	761.800
16755	761.800
16804	761.800
16858	761.800
16966	761.800
17153	761.800
16478	761.900
16588	761.900
16613	761.900
16632	761.900
16664	761.900
16909	761.900
16941	761.900
17106	761.900
17169	761.900
17192	761.900
17233	761.900
16393	762.000
16477	762.000
16518	762.000
16533	762.000
16561	762.000
16810	762.000
16862	762.000
16924	762.000
17072	762.000
17139	762.000
17174	762.000
17239	762.000
16461	762.100
16485	762.100
16678	762.100
16836	762.100
16865	762.100
16938	762.100
16939	762.100
17031	762.100
17035	762.100
17064	762.100
17126	762.100
17162	762.100
17205	762.100
17281	762.100
16482	762.200
16488	762.200
16540	762.200
16600	762.200
16799	762.200
16917	762.200
17050	762.200
17106	762.200
17108	762.200
17145	762.200
17155	762.200
17213	762.200
16542	762.300
16555	762.300
16629	762.300
16679	762.300
16682	762.300
16690	762.300
16796	762.300
16852	762.300
17061	762.300
17152	762.300
17156	762.300
17170	762.300
17188	762.300
16407	762.400
16499	762.400
16579	762.400
16584	762.400
16898	762.400
16903	762.400
16968	762.400
17020	762.400
17085	762.400
17086	762.400
17135	762.400
17234	762.400
16438	762.500
16508	762.500
16600	762.500
16610	762.500
16639	762.500
16670	762.500
16726	762.500
16845	762.500
16924	762.500
16964	762.500
17022	762.500
17172	762.500
16601	762.600
16659	762.600
16891	762.600
16971	762.600
17031	762.600
17116	762.600
17234	762.600
16444	762.700
16709	762.700
16930	762.700
17003	762.700
17242	762.700
16415	762.800
16513	762.800
16524	762.800
16543	762.800
16683	762.800
16688	762.800
16726	762.800
16742	762.800
16977	762.800
17129	762.800
17212	762.800
17213	762.800
16440	762.900
16487	762.900
16510	762.900
16537	762.900
16674	762.900
16771	762.900
16795	762.900
16818	762.900
16955	762.900
17052	762.900
17053	762.900
17227	762.900
17249	762.900
16538	763.000
16541	763.000
16563	763.000
16637	763.000
16800	763.000
16815	763.000
16869	763.000
16964	763.000
16480	763.100
16717	763.100
16738	763.100
16822	763.100
16851	763.100
16946	763.100
17000	763.100
17034	763.100
17106	763.100
17185	763.100
17273	763.100
16474	763.200
16509	763.200
16764	763.200
16889	763.200
16930	763.200
17150	763.200
17218	763.200
17268	763.200
17271	763.200
16635	763.300
16671	763.300
16702	763.300
16789	763.300
17049	763.300
17061	763.300
17171	763.300
17189	763.300
17233	763.300
17236	763.300
17245	763.300
16404	763.400
16421	763.400
16620	763.400
16707	763.400
16716	763.400
16744	763.400
16777	763.400
16783	763.400
16812	763.400
16954	763.400
17090	763.400
16398	763.500
16401	763.500
16433	763.500
16525	763.500
16638	763.500
17023	763.500
17239	763.500
17257	763.500
16546	763.600
16557	763.600
16691	763.600
17006	763.600
17182	763.600
17183	763.600
17186	763.600
16408	763.700
16515	763.700
16589	763.700
16607	763.700
16691	763.700
16823	763.700
16957	763.700
17069	763.700
17162	763.700
17246	763.700
17278	763.700
16391	763.800
16428	763.800
16686	763.800
16699	763.800
16840	763.800
16841	763.800
16902	763.800
16940	763.800
16947	763.800
17007	763.800
17021	763.800
17050	763.800
17277	763.800
16415	763.900
16416	763.900
16417	763.900
16434	763.900
16446	763.900
16507	763.900
16655	763.900
16680	763.900
16744	763.900
16752	763.900
16770	763.900
16845	763.900
16867	763.900
17080	763.900
17093	763.900
17154	763.900
17172	763.900
16434	764.000
16477	764.000
16547	764.000
16550	764.000
16615	764.000
16691	764.000
16718	764.000
16865	764.000
16866	764.000
16955	764.000
16532	764.100
16574	764.100
16586	764.100
16586	764.100
16716	764.100
16724	764.100
16729	764.100
16730	764.100
16789	764.100
16846	764.100
16881	764.100
17018	764.100
17205	764.100
17211	764.100
17222	764.100
17253	764.100
17264	764.100
16557	764.200
16604	764.200
16604	764.200
16634	764.200
16658	764.200
16719	764.200
16722	764.200
16763	764.200
16806	764.200
16892	764.200
17034	764.200
17167	764.200
16537	764.300
16822	764.300
17084	764.300
17177	764.300
17193	764.300
16409	764.400
16461	764.400
16505	764.400
16621	764.400
16648	764.400
16657	764.400
17080	764.400
17140	764.400
17210	764.400
16423	764.500
16432	764.500
16454	764.500
16498	764.500
16557	764.500
16794	764.500
16801	764.500
16877	764.500
16990	764.500
17163	764.500
17217	764.500
17231	764.500
17236	764.500
17256	764.500
16461	764.600
16528	764.600
16596	764.600
16713	764.600
16929	764.600
17004	764.600
17051	764.600
17065	764.600
17157	764.600
16407	764.700
16453	764.700
16502	764.700
16573	764.700
16589	764.700
16591	764.700
16729	764.700
16789	764.700
16906	764.700
16923	764.700
16934	764.700
17112	764.700
17175	764.700
17183	764.700
16458	764.800
16591	764.800
16616	764.800
16692	764.800
16697	764.800
16709	764.800
16776	764.800
16794	764.800
16825	764.800
16834	764.800
17267	764.800
16403	764.900
16494	764.900
16596	764.900
16800	764.900
16843	764.900
16870	764.900
16983	764.900
16987	764.900
16989	764.900
17071	764.900
17207	764.900
16669	765.000
16720	765.000
16726	765.000
16776	765.000
16928	765.000
17019	765.000
17099	765.000
17157	765.000
17252	765.000
16469	765.100
16513	765.100
16593	765.100
16799	765.100
16800	765.100
17061	765.100
17155	765.100
17162	765.100
17204	765.100
16416	765.200
16433	765.200
16925	765.200
17066	765.200
17156	765.200
17161	765.200
16606	765.300
16614	765.300
16840	765.300
16978	765.300
16998	765.300
17001	765.300
17230	765.300
17247	765.300
17260	765.300
16406	765.400
16413	765.400
16445	765.400
16552	765.400
16552	765.400
16638	765.400
16982	765.400
17029	765.400
17076	765.400
17089	765.400
17197	765.400
17220	765.400
17236	765.400
16511	765.500
16616	765.500
16621	765.500
16679	765.500
16693	765.500
16706	765.500
16948	765.500
17038	765.500
17071	765.500
17120	765.500
17136	765.500
17144	765.500
17224	765.500
16406	765.600
16609	765.600
16714	765.600
16940	765.600
16991	765.600
17186	765.600
17230	765.600
16447	765.700
16457	765.700
16494	765.700
16535	765.700
16558	765.700
16606	765.700
16857	765.700
16860	765.700
16951	765.700
17008	765.700
17049	765.700
17157	765.700
16521	765.800
16637	765.800
16750	765.800
16879	765.800
17084	765.800
17135	765.800
17218	765.800
17248	765.800
17283	765.800
16407	765.900
16457	765.900
16468	765.900
16498	765.900
16610	765.900
16659	765.900
16785	765.900
16793	765.900
16810	765.900
16859	765.900
16937	765.900
17042	765.900
17066	765.900
17217	765.900
17224	765.900
17245	765.900
16526	766.000
16669	766.000
16679	766.000
16845	766.000
16858	766.000
16877	766.000
16902	766.000
16953	766.000
16981	766.000
16646	766.100
16820	766.100
16868	766.100
16957	766.100
16996	766.100
17128	766.100
17145	766.100
17275	766.100
16474	766.200
16640	766.200
16693	766.200
16771	766.200
16875	766.200
16898	766.200
17106	766.200
17178	766.200
17191	766.200
16681	766.300
16756	766.300
16864	766.300
16891	766.300
16921	766.300
16934	766.300
16941	766.300
17169	766.300
17170	766.300
17186	766.300
17242	766.300
16480	766.400
16633	766.400
16793	766.400
16859	766.400
16957	766.400
17177	766.400
17213	766.400
16403	766.500
16504	766.500
16505	766.500
16514	766.500
16565	766.500
16588	766.500
16597	766.500
16704	766.500
16917	766.500
17000	766.500
17008	766.500
17023	766.500
17044	766.500
17082	766.500
16497	766.600
16531	766.600
16693	766.600
16766	766.600
16857	766.600
16968	766.600
17211	766.600
16437	766.700
16598	766.700
16678	766.700
16736	766.700
16796	766.700
16798	766.700
16885	766.700
16894	766.700
16895	766.700
16904	766.700
16907	766.700
16984	766.700
17036	766.700
17120	766.700
17126	766.700
17134	766.700
17214	766.700
16499	766.800
16615	766.800
17060	766.800
17100	766.800
17264	766.800
16449	766.900
16521	766.900
16535	766.900
16550	766.900
16576	766.900
16598	766.900
16633	766.900
16670	766.900
16725	766.900
16741	766.900
16756	766.900
16952	766.900
16971	766.900
17149	766.900
17235	766.900
17261	766.900
17270	766.900
16492	767.000
16505	767.000
16586	767.000
16634	767.000
16704	767.000
16919	767.000
16922	767.000
17236	767.000
17254	767.000
17281	767.000
16554	767.100
16666	767.100
17017	767.100
17053	767.100
17065	767.100
17172	767.100
17182	767.100
16563	767.200
16608	767.200
16764	767.200
16833	767.200
16851	767.200
16859	767.200
16871	767.200
16896	767.200
16971	767.200
17040	767.200
17108	767.200
17279	767.200
16421	767.300
16448	767.300
16454	767.300
16740	767.300
16811	767.300
16818	767.300
16857	767.300
17056	767.300
17121	767.300
17262	767.300
16412	767.400
16590	767.400
16625	767.400
16644	767.400
16665	767.400
16734	767.400
16736	767.400
16897	767.400
17014	767.400
17045	767.400
16494	767.500
16556	767.500
16763	767.500
16838	767.500
16847	767.500
17002	767.500
17026	767.500
17151	767.500
17175	767.500
17257	767.500
16424	767.600
16532	767.600
16592	767.600
16803	767.600
16933	767.600
16945	767.600
17001	767.600
17027	767.600
17064	767.600
17097	767.600
17103	767.600
17229	767.600
16445	767.700
16451	767.700
16518	767.700
16542	767.700
16669	767.700
16677	767.700
16749	767.700
16774	767.700
16785	767.700
16885	767.700
16902	767.700
16929	767.700
17112	767.700
17192	767.700
17200	767.700
17214	767.700
17255	767.700
17280	767.700
16414	767.800
16475	767.800
16665	767.800
16773	767.800
16857	767.800
16956	767.800
16978	767.800
17181	767.800
16394	767.900
16457	767.900
16499	767.900
16522	767.900
16576	767.900
16636	767.900
16716	767.900
16761	767.900
16847	767.900
17005	767.900
17062	767.900
17124	767.900
17134	767.900
17259	767.900
16426	768.000
16480	768.000
16484	768.000
16586	768.000
16590	768.000
16637	768.000
16638	768.000
16642	768.000
16812	768.000
16814	768.000
16827	768.000
16942	768.000
16986	768.000
16988	768.000
17101	768.000
17121	768.000
16496	768.100
16500	768.100
16579	768.100
16647	768.100
17042	768.100
17210	768.100
17215	768.100
17240	768.100
16545	768.200
16618	768.200
16738	768.200
16783	768.200
16787	768.200
16798	768.200
16845	768.200
16897	768.200
16897	768.200
16913	768.200
17002	768.200
17024	768.200
17060	768.200
17065	768.200
17072	768.200
17134	768.200
17168	768.200
17260	768.200
17271	768.200
17278	768.200
17279	768.200
16439	768.300
16466	768.300
16520	768.300
16611	768.300
16738	768.300
16770	768.300
16800	768.300
16801	768.300
16939	768.300
17120	768.300
17285	768.300
16531	768.400
16603	768.400
16641	768.400
16676	768.400
16683	768.400
16728	768.400
16748	768.400
16770	768.400
16809	768.400
16902	768.400
16938	768.400
16989	768.400
17079	768.400
17088	768.400
17176	768.400
16412	768.500
16483	768.500
16891	768.500
17035	768.500
17059	768.500
17287	768.500
16473	768.600
16510	768.600
16520	768.600
16594	768.600
16647	768.600
16667	768.600
16748	768.600
17074	768.600
17262	768.600
16501	768.700
16540	768.700
16603	768.700
16634	768.700
16827	768.700
16942	768.700
16413	768.800
16456	768.800
16668	768.800
16728	768.800
16862	768.800
16932	768.800
17038	768.800
17068	768.800
17146	768.800
17268	768.800
16509	768.900
16622	768.900
16697	768.900
16820	768.900
16845	768.900
16905	768.900
17046	768.900
17055	768.900
17125	768.900
16437	769.000
16483	769.000
16615	769.000
16660	769.000
16840	769.000
16915	769.000
17080	769.000
17112	769.000
17176	769.000
17217	769.000
17231	769.000
17269	769.000
17279	769.000
16459	769.100
16483	769.100
16629	769.100
16716	769.100
16859	769.100
16871	769.100
16878	769.100
16944	769.100
17144	769.100
17175	769.100
17264	769.100
16425	769.200
16464	769.200
16471	769.200
16511	769.200
16697	769.200
16787	769.200
16812	769.200
17220	769.200
17263	769.200
16587	769.300
16842	769.300
16935	769.300
16952	769.300
17048	769.300
16520	769.400
16575	769.400
16589	769.400
16650	769.400
16691	769.400
16712	769.400
16866	769.400
16872	769.400
16955	769.400
17152	769.400
17156	769.400
17159	769.400
17201	769.400
17218	769.400
16540	769.500
16723	769.500
16740	769.500
16851	769.500
16916	769.500
17013	769.500
17076	769.500
17106	769.500
17219	769.500
17222	769.500
16431	769.600
16548	769.600
16602	769.600
16617	769.600
16706	769.600
16799	769.600
16861	769.600
16961	769.600
17042	769.600
17067	769.600
17108	769.600
16504	769.700
16610	769.700
16775	769.700
16834	769.700
16858	769.700
17072	769.700
17088	769.700
17195	769.700
16650	769.800
16688	769.800
16806	769.800
16843	769.800
17028	769.800
17233	769.800
16454	769.900
16469	769.900
16643	769.900
16697	769.900
16722	769.900
16872	769.900
17003	769.900
17026	769.900
17077	769.900
17196	769.900
16413	770.000
16431	770.000
16507	770.000
16553	770.000
16693	770.000
16696	770.000
16714	770.000
16736	770.000
16771	770.000
16795	770.000
16811	770.000
16922	770.000
17210	770.000
16424	770.100
16451	770.100
16637	770.100
16643	770.100
16721	770.100
16728	770.100
16764	770.100
16996	770.100
17177	770.100
17195	770.100
16396	770.200
16497	770.200
16537	770.200
16575	770.200
16623	770.200
16670	770.200
16735	770.200
16741	770.200
16807	770.200
16890	770.200
16961	770.200
16983	770.200
17093	770.200
17230	770.200
16470	770.300
16568	770.300
16610	770.300
16628	770.300
16711	770.300
16762	770.300
16921	770.300
16924	770.300
16935	770.300
16988	770.300
17054	770.300
17114	770.300
17211	770.300
17237	770.300
16414	770.400
16556	770.400
16717	770.400
16733	770.400
16760	770.400
16789	770.400
16900	770.400
16917	770.400
16991	770.400
17156	770.400
17234	770.400
16546	770.500
16600	770.500
16729	770.500
16827	770.500
16865	770.500
16994	770.500
16409	770.600
16622	770.600
16662	770.600
16775	770.600
16837	770.600
16841	770.600
16841	770.600
16846	770.600
16875	770.600
16948	770.600
16978	770.600
17078	770.600
16461	770.700
16463	770.700
16493	770.700
16664	770.700
16756	770.700
16758	770.700
16760	770.700
16760	770.700
16882	770.700
16905	770.700
16973	770.700
17074	770.700
17075	770.700
17110	770.700
16388	770.800
16421	770.800
16427	770.800
16441	770.800
16552	770.800
16582	770.800
16607	770.800
16687	770.800
16903	770.800
17167	770.800
17185	770.800
17197	770.800
17246	770.800
17279	770.800
16391	770.900
16422	770.900
16600	770.900
16628	770.900
16760	770.900
16766	770.900
17011	770.900
17064	770.900
17137	770.900
17149	770.900
17155	770.900
17191	770.900
17202	770.900
17223	770.900
17233	770.900
16400	771.000
16452	771.000
16599	771.000
16630	771.000
16633	771.000
16698	771.000
17139	771.000
17147	771.000
16484	771.100
16599	771.100
16722	771.100
16823	771.100
16879	771.100
16955	771.100
16963	771.100
16966	771.100
17027	771.100
17204	771.100
16414	771.200
16534	771.200
16568	771.200
16706	771.200
16747	771.200
16852	771.200
16856	771.200
16874	771.200
17227	771.200
16408	771.300
16409	771.300
16458	771.300
16481	771.300
16514	771.300
16548	771.300
16646	771.300
16653	771.300
16765	771.300
16802	771.300
16885	771.300
17037	771.300
17067	771.300
17122	771.300
17221	771.300
17228	771.300
16413	771.400
16502	771.400
16776	771.400
17017	771.400
17167	771.400
17177	771.400
17248	771.400
17254	771.400
16394	771.500
16508	771.500
16519	771.500
16665	771.500
16687	771.500
16758	771.500
16844	771.500
17078	771.500
17106	771.500
17111	771.500
17159	771.500
17283	771.500
16465	771.600
16472	771.600
16525	771.600
16843	771.600
16997	771.600
17070	771.600
17189	771.600
17277	771.600
16434	771.700
16813	771.700
16841	771.700
17123	771.700
17262	771.700
16487	771.800
16587	771.800
16655	771.800
16755	771.800
16787	771.800
16813	771.800
16855	771.800
17020	771.800
17054	771.800
17091	771.800
17134	771.800
16386	771.900
16526	771.900
16705	771.900
16831	771.900
16873	771.900
16946	771.900
17093	771.900
17120	771.900
17209	771.900
17235	771.900
17256	771.900
16426	772.000
16721	772.000
16802	772.000
16831	772.000
16836	772.000
16879	772.000
16884	772.000
16966	772.000
16991	772.000
17049	772.000
17050	772.000
17162	772.000
17222	772.000
16695	772.100
16735	772.100
16795	772.100
16849	772.100
16931	772.100
16960	772.100
16984	772.100
17006	772.100
17050	772.100
17069	772.100
16520	772.200
16598	772.200
16663	772.200
16666	772.200
16687	772.200
16798	772.200
16905	772.200
17023	772.200
17061	772.200
17217	772.200
17235	772.200
17235	772.200
17244	772.200
16401	772.300
16409	772.300
16462	772.300
16565	772.300
16587	772.300
16681	772.300
16775	772.300
16806	772.300
16946	772.300
16976	772.300
17162	772.300
16599	772.400
16670	772.400
16831	772.400
16868	772.400
16897	772.400
16898	772.400
16994	772.400
17117	772.400
17178	772.400
17207	772.400
17269	772.400
17273	772.400
16454	772.500
16558	772.500
16592	772.500
16595	772.500
16670	772.500
16721	772.500
16751	772.500
16760	772.500
16835	772.500
16883	772.500
17011	772.500
17011	772.500
17025	772.500
17047	772.500
17141	772.500
17175	772.500
17200	772.500
17211	772.500
16447	772.600
16468	772.600
16486	772.600
16494	772.600
16569	772.600
16582	772.600
16629	772.600
16718	772.600
16762	772.600
16860	772.600
16895	772.600
16427	772.700
16447	772.700
16577	772.700
16590	772.700
16614	772.700
16627	772.700
16690	772.700
16724	772.700
16895	772.700
17032	772.700
17047	772.700
17097	772.700
16474	772.800
16481	772.800
16508	772.800
16588	772.800
16619	772.800
16681	772.800
16780	772.800
16876	772.800
16891	772.800
16925	772.800
17028	772.800
17050	772.800
17054	772.800
17138	772.800
16388	772.900
16390	772.900
16531	772.900
16540	772.900
16656	772.900
16677	772.900
16710	772.900
16751	772.900
16816	772.900
16831	772.900
17033	772.900
17051	772.900
17057	772.900
17263	772.900
16500	773.000
16503	773.000
16644	773.000
16703	773.000
16722	773.000
16790	773.000
16876	773.000
17038	773.000
17128	773.000
17270	773.000
16502	773.100
16564	773.100
16643	773.100
16961	773.100
16995	773.100
17142	773.100
17220	773.100
16429	773.200
16444	773.200
16462	773.200
16480	773.200
16506	773.200
16537	773.200
16543	773.200
16628	773.200
16704	773.200
16719	773.200
16733	773.200
16860	773.200
17088	773.200
17202	773.200
17263	773.200
16512	773.300
16541	773.300
16544	773.300
16592	773.300
16680	773.300
16741	773.300
16751	773.300
16914	773.300
16922	773.300
16927	773.300
17028	773.300
17080	773.300
16439	773.400
16648	773.400
16660	773.400
16692	773.400
16723	773.400
16750	773.400
16895	773.400
16902	773.400
16961	773.400
16995	773.400
17145	773.400
17212	773.400
17264	773.400
16392	773.500
16397	773.500
16523	773.500
16577	773.500
16578	773.500
16686	773.500
16731	773.500
16803	773.500
17047	773.500
17103	773.500
17222	773.500
16417	773.600
16617	773.600
16697	773.600
16738	773.600
16808	773.600
16983	773.600
17069	773.600
17090	773.600
17095	773.600
17209	773.600
17211	773.600
16395	773.700
16406	773.700
16454	773.700
16483	773.700
16604	773.700
16649	773.700
16712	773.700
16841	773.700
16889	773.700
16894	773.700
17095	773.700
17099	773.700
17116	773.700
17137	773.700
16551	773.800
16567	773.800
16597	773.800
16680	773.800
16847	773.800
16946	773.800
17148	773.800
17248	773.800
16386	773.900
16398	773.900
16400	773.900
16408	773.900
16733	773.900
16792	773.900
16900	773.900
16921	773.900
17040	773.900
17058	773.900
16455	774.000
16462	774.000
16636	774.000
16683	774.000
16821	774.000
16833	774.000
16880	774.000
16928	774.000
16943	774.000
17030	774.000
17214	774.000
17276	774.000
16421	774.100
16424	774.100
16428	774.100
16435	774.100
16439	774.100
16458	774.100
16665	774.100
16697	774.100
16766	774.100
17224	774.100
17287	774.100
16577	774.200
16594	774.200
16641	774.200
16655	774.200
16805	774.200
16926	774.200
16931	774.200
16962	774.200
16987	774.200
16987	774.200
17030	774.200
17130	774.200
16537	774.300
16568	774.300
16654	774.300
16767	774.300
16811	774.300
16936	774.300
17029	774.300
17036	774.300
17069	774.300
17161	774.300
16397	774.400
16484	774.400
16671	774.400
16672	774.400
16748	774.400
16761	774.400
16874	774.400
17031	774.400
17048	774.400
17117	774.400
17219	774.400
16443	774.500
16563	774.500
16577	774.500
16597	774.500
16739	774.500
16767	774.500
17128	774.500
17244	774.500
16418	774.600
16522	774.600
16569	774.600
16585	774.600
16609	774.600
16693	774.600
16928	774.600
16955	774.600
17248	774.600
17268	774.600
16400	774.700
16448	774.700
16577	774.700
16579	774.700
16639	774.700
16666	774.700
16742	774.700
16744	774.700
16773	774.700
16782	774.700
16799	774.700
16862	774.700
16892	774.700
16960	774.700
16981	774.700
16986	774.700
17095	774.700
17133	774.700
17151	774.700
17164	774.700
17244	774.700
16443	774.800
16590	774.800
16630	774.800
16666	774.800
16675	774.800
16751	774.800
16778	774.800
16814	774.800
16845	774.800
16988	774.800
17046	774.800
17102	774.800
17124	774.800
17188	774.800
17230	774.800
16459	774.900
16522	774.900
16535	774.900
16544	774.900
16723	774.900
16783	774.900
16788	774.900
16991	774.900
17076	774.900
17091	774.900
17174	774.900
17230	774.900
16451	775.000
16540	775.000
16543	775.000
16552	775.000
16623	775.000
16950	775.000
16981	775.000
17026	775.000
17043	775.000
17125	775.000
17172	775.000
17175	775.000
17228	775.000
17232	775.000
16387	775.100
16456	775.100
16497	775.100
16526	775.100
16584	775.100
16779	775.100
16780	775.100
16802	775.100
16806	775.100
16864	775.100
16874	775.100
16993	775.100
17050	775.100
17080	775.100
17124	775.100
17171	775.100
16405	775.200
16469	775.200
16534	775.200
16783	775.200
16869	775.200
16984	775.200
17002	775.200
17064	775.200
17134	775.200
17162	775.200
16489	775.300
16533	775.300
16604	775.300
16629	775.300
16737	775.300
16856	775.300
16925	775.300
16967	775.300
16967	775.300
17050	775.300
17107	775.300
17227	775.300
17244	775.300
17268	775.300
16609	775.400
16741	775.400
16826	775.400
16865	775.400
16871	775.400
16873	775.400
16951	775.400
16993	775.400
17021	775.400
17140	775.400
17170	775.400
16569	775.500
16583	775.500
16610	775.500
16749	775.500
16763	775.500
16785	775.500
16836	775.500
16898	775.500
17117	775.500
17154	775.500
17225	775.500
17287	775.500
16571	775.600
16807	775.600
16983	775.600
17186	775.600
17235	775.600
16509	775.700
16630	775.700
16789	775.700
17020	775.700
17035	775.700
17128	775.700
17232	775.700
17253	775.700
16582	775.800
16775	775.800
16806	775.800
16886	775.800
16897	775.800
16937	775.800
17093	775.800
17125	775.800
16429	775.900
16495	775.900
16572	775.900
16602	775.900
16608	775.900
16723	775.900
16871	775.900
16961	775.900
17265	775.900
16404	776.000
16458	776.000
16542	776.000
16644	776.000
16721	776.000
16847	776.000
16850	776.000
16966	776.000
17048	776.000
17048	776.000
17169	776.000
17261	776.000
16458	776.100
16549	776.100
16697	776.100
17009	776.100
16397	776.200
16540	776.200
16592	776.200
16657	776.200
16666	776.200
16731	776.200
16836	776.200
16860	776.200
16926	776.200
17063	776.200
17070	776.200
17097	776.200
17197	776.200
17205	776.200
16602	776.300
16837	776.300
17006	776.300
17095	776.300
17141	776.300
17141	776.300
16681	776.400
16752	776.400
16833	776.400
16844	776.400
16897	776.400
16909	776.400
17170	776.400
16459	776.500
16602	776.500
16699	776.500
16738	776.500
16759	776.500
16781	776.500
16804	776.500
17135	776.500
16467	776.600
16535	776.600
16593	776.600
16697	776.600
16738	776.600
16767	776.600
16809	776.600
16825	776.600
16852	776.600
16961	776.600
16578	776.700
16770	776.700
16798	776.700
16853	776.700
16944	776.700
17082	776.700
16580	776.800
16616	776.800
16656	776.800
16720	776.800
16806	776.800
16840	776.800
16951	776.800
17020	776.800
17022	776.800
17028	776.800
17073	776.800
17276	776.800
16418	776.900
16528	776.900
16610	776.900
16700	776.900
16721	776.900
16810	776.900
16901	776.900
16963	776.900
16988	776.900
16994	776.900
17154	776.900
16430	777.000
16435	777.000
16440	777.000
16496	777.000
16554	777.000
16561	777.000
16622	777.000
16682	777.000
16802	777.000
16866	777.000
16918	777.000
16974	777.000
16984	777.000
17056	777.000
17108	777.000
17193	777.000
16454	777.100
16491	777.100
16562	777.100
16691	777.100
16709	777.100
16930	777.100
16949	777.100
16968	777.100
16970	777.100
16976	777.100
16992	777.100
17059	777.100
17168	777.100
17169	777.100
16498	777.200
16505	777.200
16518	777.200
16574	777.200
16590	777.200
16623	777.200
16686	777.200
16851	777.200
16862	777.200
17066	777.200
17139	777.200
16418	777.300
16488	777.300
16535	777.300
16544	777.300
16547	777.300
16856	777.300
16946	777.300
17067	777.300
17071	777.300
17074	777.300
17161	777.300
17217	777.300
17257	777.300
17258	777.300
16465	777.400
16526	777.400
16604	777.400
16820	777.400
16843	777.400
17033	777.400
17088	777.400
17184	777.400
17188	777.400
16525	777.500
16562	777.500
16690	777.500
16725	777.500
16937	777.500
16952	777.500
17000	777.500
17067	777.500
17091	777.500
17125	777.500
17178	777.500
17233	777.500
16486	777.600
16596	777.600
16714	777.600
16721	777.600
16970	777.600
16991	777.600
17095	777.600
17233	777.600
17236	777.600
16575	777.700
16605	777.700
16622	777.700
16738	777.700
16958	777.700
17125	777.700
16539	777.800
16651	777.800
16683	777.800
16692	777.800
16711	777.800
16768	777.800
16797	777.800
16921	777.800
17060	777.800
17153	777.800
17165	777.800
17205	777.800
17243	777.800
16417	777.900
16579	777.900
16769	777.900
16870	777.900
16977	777.900
17040	777.900
17063	777.900
17146	777.900
17201	777.900
17234	777.900
17240	777.900
17252	777.900
16400	778.000
16529	778.000
16643	778.000
16706	778.000
16746	778.000
16804	778.000
16941	778.000
16957	778.000
17216	778.000
17221	778.000
16447	778.100
16763	778.100
16779	778.100
16914	778.100
16924	778.100
16969	778.100
17025	778.100
17046	778.100
17131	778.100
17222	778.100
16389	778.200
16513	778.200
16515	778.200
16549	778.200
16668	778.200
16695	778.200
16748	778.200
17083	778.200
17162	778.200
16423	778.300
16529	778.300
16603	778.300
16612	778.300
16968	778.300
17138	778.300
17151	778.300
16791	778.400
17132	778.400
17194	778.400
17211	778.400
16544	778.500
16577	778.500
16710	778.500
16800	778.500
16877	778.500
17086	778.500
17109	778.500
16386	778.600
16416	778.600
16466	778.600
16474	778.600
16638	778.600
16695	778.600
16851	778.600
16904	778.600
16923	778.600
17021	778.600
17081	778.600
17141	778.600
17142	778.600
17144	778.600
17146	778.600
17150	778.600
16597	778.700
16606	778.700
16702	778.700
16710	778.700
16715	778.700
16780	778.700
16829	778.700
17026	778.700
17059	778.700
17128	778.700
17156	778.700
17277	778.700
16492	778.800
16576	778.800
16741	778.800
16768	778.800
16828	778.800
17113	778.800
16434	778.900
16462	778.900
16474	778.900
16477	778.900
16514	778.900
16795	778.900
16839	778.900
16912	778.900
16912	778.900
17039	778.900
17094	778.900
17103	778.900
17181	778.900
17190	778.900
17257	778.900
16441	779.000
16515	779.000
16530	779.000
16712	779.000
16718	779.000
16924	779.000
16966	779.000
17017	779.000
17028	779.000
17221	779.000
16441	779.100
16475	779.100
16540	779.100
16592	779.100
16650	779.100
16699	779.100
16707	779.100
16863	779.100
17034	779.100
16412	779.200
16473	779.200
16839	779.200
17054	779.200
17066	779.200
17074	779.200
17106	779.200
17140	779.200
17184	779.200
17263	779.200
16496	779.300
16761	779.300
16865	779.300
16877	779.300
16915	779.300
16983	779.300
17046	779.300
17087	779.300
17138	779.300
17153	779.300
17263	779.300
17287	779.300
16508	779.400
16656	779.400
16673	779.400
16838	779.400
17005	779.400
17010	779.400
17228	779.400
16673	779.500
16685	779.500
16701	779.500
16780	779.500
16895	779.500
16948	779.500
17003	779.500
17058	779.500
17173	779.500
17215	779.500
16688	779.600
17058	779.600
17141	779.600
17156	779.600
17178	779.600
17226	779.600
16419	779.700
16419	779.700
16471	779.700
16694	779.700
16782	779.700
16840	779.700
16858	779.700
16949	779.700
16956	779.700
17036	779.700
17161	779.700
17279	779.700
16395	779.800
16481	779.800
16556	779.800
16559	779.800
16886	779.800
16966	779.800
17033	779.800
17065	779.800
17172	779.800
17200	779.800
17246	779.800
17270	779.800
17278	779.800
16476	779.900
16608	779.900
16668	779.900
16867	779.900
16899	779.900
16920	779.900
17008	779.900
17010	779.900
17141	779.900
17190	779.900
17196	779.900
16437	780.000
16638	780.000
16873	780.000
16977	780.000
17093	780.000
17184	780.000
17207	780.000
17249	780.000
16569	780.100
16580	780.100
16610	780.100
16725	780.100
16985	780.100
17016	780.100
17020	780.100
17056	780.100
17143	780.100
17147	780.100
17202	780.100
17280	780.100
16458	780.200
16460	780.200
16552	780.200
16588	780.200
16602	780.200
16885	780.200
16901	780.200
17028	780.200
17190	780.200
17207	780.200
16491	780.300
16498	780.300
16580	780.300
16587	780.300
16612	780.300
16658	780.300
16756	780.300
16765	780.300
16809	780.300
16820	780.300
16839	780.300
16970	780.300
17020	780.300
17025	780.300
17110	780.300
17141	780.300
17169	780.300
17233	780.300
16421	780.400
16525	780.400
16553	780.400
16599	780.400
16848	780.400
16853	780.400
16853	780.400
16856	780.400
16928	780.400
17182	780.400
17202	780.400
17228	780.400
17283	780.400
16427	780.500
16435	780.500
16492	780.500
16501	780.500
16603	780.500
16701	780.500
16702	780.500
16751	780.500
16919	780.500
17004	780.500
17016	780.500
17104	780.500
17163	780.500
17179	780.500
17236	780.500
16477	780.600
16624	780.600
16974	780.600
17083	780.600
17116	780.600
17118	780.600
17178	780.600
17219	780.600
17233	780.600
16455	780.700
16542	780.700
16549	780.700
16558	780.700
16588	780.700
16685	780.700
16731	780.700
16772	780.700
16886	780.700
16944	780.700
16973	780.700
16993	780.700
17138	780.700
17214	780.700
17278	780.700
16478	780.800
16524	780.800
16583	780.800
16608	780.800
16742	780.800
16899	780.800
16909	780.800
17100	780.800
17205	780.800
16418	780.900
16516	780.900
16593	780.900
16596	780.900
16695	780.900
16716	780.900
16912	780.900
17016	780.900
17023	780.900
17172	780.900
17194	780.900
17201	780.900
16513	781.000
16616	781.000
16715	781.000
16791	781.000
16863	781.000
16936	781.000
16947	781.000
16982	781.000
17005	781.000
17041	781.000
17083	781.000
16412	781.100
16610	781.100
16664	781.100
16710	781.100
16824	781.100
16901	781.100
17200	781.100
16484	781.200
16618	781.200
16661	781.200
16737	781.200
16772	781.200
16866	781.200
16896	781.200
16953	781.200
16967	781.200
17005	781.200
17200	781.200
16423	781.300
16504	781.300
16726	781.300
16840	781.300
16902	781.300
16946	781.300
17021	781.300
17104	781.300
17184	781.300
16397	781.400
16520	781.400
16527	781.400
16602	781.400
16831	781.400
16833	781.400
16865	781.400
16893	781.400
17258	781.400
17264	781.400
17265	781.400
16420	781.500
16443	781.500
16516	781.500
16632	781.500
16707	781.500
16728	781.500
16799	781.500
16914	781.500
16937	781.500
16973	781.500
17166	781.500
17169	781.500
16540	781.600
16615	781.600
16647	781.600
16753	781.600
16875	781.600
16914	781.600
16985	781.600
17008	781.600
17134	781.600
17236	781.600
16394	781.700
16586	781.700
16598	781.700
16720	781.700
16729	781.700
16759	781.700
16911	781.700
16924	781.700
17014	781.700
17076	781.700
17186	781.700
16400	781.800
16594	781.800
16602	781.800
16823	781.800
16871	781.800
16895	781.800
17088	781.800
17190	781.800
17196	781.800
17215	781.800
17260	781.800
16460	781.900
16579	781.900
16630	781.900
16645	781.900
16649	781.900
16724	781.900
16752	781.900
16771	781.900
16844	781.900
16856	781.900
17001	781.900
17098	781.900
17102	781.900
17108	781.900
17139	781.900
17154	781.900
16412	782.000
16556	782.000
16793	782.000
16873	782.000
16957	782.000
16968	782.000
17114	782.000
17234	782.000
17237	782.000
17266	782.000
16466	782.100
16545	782.100
16550	782.100
16555	782.100
16647	782.100
16657	782.100
16993	782.100
17099	782.100
17099	782.100
17230	782.100
16554	782.200
16817	782.200
16864	782.200
17210	782.200
17220	782.200
17286	782.200
16389	782.300
16444	782.300
16525	782.300
16561	782.300
16565	782.300
16674	782.300
16677	782.300
16692	782.300
16808	782.300
16866	782.300
17026	782.300
17132	782.300
17171	782.300
17281	782.300
16396	782.400
16419	782.400
16628	782.400
16653	782.400
16814	782.400
16917	782.400
16923	782.400
17000	782.400
16453	782.500
16502	782.500
16529	782.500
16588	782.500
16633	782.500
16777	782.500
16810	782.500
16853	782.500
16854	782.500
17035	782.500
17051	782.500
17122	782.500
17126	782.500
17133	782.500
17192	782.500
17195	782.500
16429	782.600
16484	782.600
16506	782.600
16659	782.600
16675	782.600
16688	782.600
16694	782.600
16765	782.600
16847	782.600
16912	782.600
16556	782.700
16691	782.700
16714	782.700
16816	782.700
16871	782.700
16953	782.700
17090	782.700
17151	782.700
17193	782.700
16760	782.800
16891	782.800
17134	782.800
16436	782.900
16515	782.900
16548	782.900
16548	782.900
16564	782.900
16624	782.900
16630	782.900
16682	782.900
16764	782.900
16795	782.900
16799	782.900
16944	782.900
16985	782.900
17054	782.900
17227	782.900
17262	782.900
17277	782.900
16488	783.000
16586	783.000
16711	783.000
16737	783.000
16785	783.000
16976	783.000
16990	783.000
17040	783.000
17077	783.000
16388	783.100
16437	783.100
16601	783.100
16714	783.100
16804	783.100
16824	783.100
16830	783.100
16968	783.100
17205	783.100
17207	783.100
17235	783.100
16396	783.200
16432	783.200
16492	783.200
16522	783.200
16609	783.200
16649	783.200
16730	783.200
16799	783.200
16804	783.200
16826	783.200
16884	783.200
17016	783.200
17119	783.200
16424	783.300
16430	783.300
16714	783.300
16946	783.300
17013	783.300
17041	783.300
17094	783.300
16416	783.400
16421	783.400
16539	783.400
16557	783.400
16673	783.400
16690	783.400
16776	783.400
16847	783.400
16911	783.400
16927	783.400
16942	783.400
17084	783.400
17150	783.400
17184	783.400
16479	783.500
16486	783.500
16554	783.500
16564	783.500
16598	783.500
16641	783.500
16678	783.500
16696	783.500
16735	783.500
16773	783.500
16794	783.500
16876	783.500
17018	783.500
17062	783.500
17124	783.500
17178	783.500
17202	783.500
16487	783.600
16608	783.600
16693	783.600
16717	783.600
16725	783.600
16835	783.600
16993	783.600
17189	783.600
16401	783.700
16434	783.700
16474	783.700
16541	783.700
16645	783.700
16751	783.700
16772	783.700
16788	783.700
16977	783.700
17011	783.700
17064	783.700
17123	783.700
17216	783.700
17260	783.700
16489	783.800
16538	783.800
16675	783.800
16697	783.800
16784	783.800
16949	783.800
17132	783.800
17151	783.800
16529	783.900
16529	783.900
16599	783.900
16697	783.900
16763	783.900
16789	783.900
16899	783.900
16982	783.900
16996	783.900
17009	783.900
17119	783.900
17226	783.900
16423	784.000
16514	784.000
16523	784.000
16662	784.000
16753	784.000
16800	784.000
16902	784.000
17054	784.000
17068	784.000
17182	784.000
16459	784.100
16559	784.100
16640	784.100
16658	784.100
16809	784.100
16876	784.100
16890	784.100
17037	784.100
17087	784.100
17094	784.100
17106	784.100
17185	784.100
17234	784.100
16492	784.200
16520	784.200
16546	784.200
16661	784.200
16773	784.200
16919	784.200
16957	784.200
16992	784.200
17036	784.200
17112	784.200
17116	784.200
17266	784.200
16426	784.300
16428	784.300
16429	784.300
16432	784.300
16521	784.300
16615	784.300
16618	784.300
16743	784.300
16855	784.300
16945	784.300
17254	784.300
17263	784.300
16420	784.400
16490	784.400
16609	784.400
16641	784.400
16806	784.400
16880	784.400
16899	784.400
16905	784.400
16945	784.400
17067	784.400
17089	784.400
17116	784.400
17142	784.400
17210	784.400
16504	784.500
16613	784.500
16679	784.500
16737	784.500
16762	784.500
16769	784.500
16799	784.500
16836	784.500
16843	784.500
17061	784.500
17086	784.500
17107	784.500
17108	784.500
17128	784.500
17153	784.500
17173	784.500
16534	784.600
16545	784.600
16718	784.600
16725	784.600
16855	784.600
17011	784.600
17083	784.600
17173	784.600
17208	784.600
17216	784.600
16391	784.700
16415	784.700
16419	784.700
16503	784.700
16639	784.700
16734	784.700
16762	784.700
16769	784.700
16815	784.700
17109	784.700
17113	784.700
17157	784.700
16545	784.800
16552	784.800
16672	784.800
16684	784.800
16693	784.800
16858	784.800
16860	784.800
16868	784.800
16889	784.800
16936	784.800
16989	784.800
17042	784.800
17194	784.800
17209	784.800
16459	784.900
16469	784.900
16749	784.900
16954	784.900
17020	784.900
17050	784.900
17127	784.900
17164	784.900
17282	784.900
16453	785.000
16600	785.000
16608	785.000
16620	785.000
16673	785.000
16780	785.000
16785	785.000
16938	785.000
16952	785.000
17087	785.000
17102	785.000
17229	785.000
17239	785.000
16421	785.100
16472	785.100
16708	785.100
16795	785.100
16875	785.100
16920	785.100
16921	785.100
16934	785.100
17023	785.100
16459	785.200
16486	785.200
16521	785.200
16526	785.200
16731	785.200
16755	785.200
16764	785.200
16779	785.200
16881	785.200
17133	785.200
16447	785.300
16453	785.300
16621	785.300
16721	785.300
16947	785.300
16974	785.300
17036	785.300
17226	785.300
16395	785.400
16407	785.400
16474	785.400
16489	785.400
16493	785.400
16516	785.400
16524	785.400
16578	785.400
16626	785.400
16666	785.400
16743	785.400
16943	785.400
17010	785.400
17100	785.400
17226	785.400
16471	785.500
16572	785.500
16579	785.500
16643	785.500
16664	785.500
16859	785.500
17055	785.500
17063	785.500
16418	785.600
16562	785.600
16568	785.600
16722	785.600
16779	785.600
16904	785.600
16918	785.600
16975	785.600
17021	785.600
17032	785.600
17042	785.600
17194	785.600
16395	785.700
16416	785.700
16447	785.700
16584	785.700
16692	785.700
16972	785.700
17077	785.700
17117	785.700
17227	785.700
16400	785.800
16404	785.800
16487	785.800
16686	785.800
16690	785.800
16722	785.800
16786	785.800
16817	785.800
16924	785.800
16995	785.800
17186	785.800
17241	785.800
16420	785.900
16421	785.900
16467	785.900
16473	785.900
16488	785.900
16494	785.900
16631	785.900
17247	785.900
16459	786.000
16678	786.000
16694	786.000
16725	786.000
16802	786.000
16869	786.000
17076	786.000
16543	786.100
16666	786.100
16719	786.100
16835	786.100
16841	786.100
16869	786.100
16968	786.100
17108	786.100
17162	786.100
17188	786.100
17214	786.100
17271	786.100
16469	786.200
16745	786.200
16799	786.200
16939	786.200
16951	786.200
17065	786.200
17190	786.200
17279	786.200
16574	786.300
16578	786.300
16631	786.300
16681	786.300
16696	786.300
16797	786.300
16901	786.300
16924	786.300
17063	786.300
17213	786.300
17260	786.300
16629	786.400
16718	786.400
16733	786.400
16763	786.400
16913	786.400
16929	786.400
17203	786.400
16404	786.500
16632	786.500
16639	786.500
16844	786.500
16902	786.500
17246	786.500
16399	786.600
16432	786.600
16608	786.600
16653	786.600
16656	786.600
16783	786.600
16948	786.600
16976	786.600
17095	786.600
17098	786.600
17104	786.600
17223	786.600
17239	786.600
17240	786.600
17242	786.600
17257	786.600
16560	786.700
16561	786.700
16605	786.700
16651	786.700
16659	786.700
16725	786.700
16746	786.700
16755	786.700
16799	786.700
16801	786.700
16593	786.800
16644	786.800
16705	786.800
16792	786.800
16839	786.800
16861	786.800
16924	786.800
16955	786.800
16979	786.800
17002	786.800
16404	786.900
16469	786.900
16662	786.900
16794	786.900
16810	786.900
17012	786.900
17025	786.900
17029	786.900
17065	786.900
17204	786.900
17282	786.900
16769	787.000
16786	787.000
16786	787.000
16803	787.000
16906	787.000
17088	787.000
17161	787.000
17169	787.000
16396	787.100
16518	787.100
16567	787.100
16573	787.100
16727	787.100
16749	787.100
16946	787.100
17073	787.100
17119	787.100
16496	787.200
16639	787.200
16776	787.200
16823	787.200
16891	787.200
17160	787.200
16404	787.300
16444	787.300
16624	787.300
16660	787.300
16728	787.300
16976	787.300
17033	787.300
17092	787.300
17149	787.300
17180	787.300
16434	787.400
16487	787.400
16518	787.400
16624	787.400
16624	787.400
16626	787.400
16762	787.400
16800	787.400
16828	787.400
16830	787.400
16831	787.400
16892	787.400
17001	787.400
17071	787.400
17156	787.400
17159	787.400
17284	787.400
16386	787.500
16585	787.500
16718	787.500
16728	787.500
16872	787.500
17065	787.500
17120	787.500
17149	787.500
17201	787.500
16697	787.600
16833	787.600
16915	787.600
17034	787.600
17089	787.600
17184	787.600
17198	787.600
17208	787.600
17212	787.600
17278	787.600
16431	787.700
16511	787.700
16931	787.700
17011	787.700
17140	787.700
16391	787.800
16558	787.800
16591	787.800
16594	787.800
16612	787.800
16704	787.800
16719	787.800
16849	787.800
16892	787.800
16982	787.800
17144	787.800
17158	787.800
16443	787.900
16599	787.900
16661	787.900
16868	787.900
17032	787.900
17112	787.900
17125	787.900
17209	787.900
17271	787.900
16397	788.000
16510	788.000
16527	788.000
16530	788.000
16556	788.000
16631	788.000
16965	788.000
17021	788.000
17029	788.000
17032	788.000
17046	788.000
16393	788.100
16440	788.100
16465	788.100
16580	788.100
16582	788.100
16594	788.100
16603	788.100
16606	788.100
16688	788.100
16862	788.100
17040	788.100
17255	788.100
16481	788.200
16514	788.200
16534	788.200
16582	788.200
16604	788.200
16898	788.200
16957	788.200
16990	788.200
16994	788.200
17048	788.200
17104	788.200
17128	788.200
16430	788.300
16442	788.300
16596	788.300
16627	788.300
16703	788.300
16786	788.300
17100	788.300
17147	788.300
16397	788.400
16550	788.400
16591	788.400
16616	788.400
16679	788.400
16711	788.400
16932	788.400
16966	788.400
17003	788.400
17045	788.400
17092	788.400
17117	788.400
17169	788.400
17190	788.400
17201	788.400
16393	788.500
16414	788.500
16613	788.500
16618	788.500
16714	788.500
16972	788.500
17091	788.500
17195	788.500
17278	788.500
16431	788.600
16532	788.600
16532	788.600
16652	788.600
16720	788.600
16731	788.600
16770	788.600
16835	788.600
16850	788.600
16948	788.600
17047	788.600
17073	788.600
17126	788.600
17153	788.600
17167	788.600
17179	788.600
17254	788.600
16399	788.700
16514	788.700
16722	788.700
16738	788.700
16784	788.700
16887	788.700
16901	788.700
17023	788.700
17070	788.700
17217	788.700
16473	788.800
16523	788.800
16573	788.800
16694	788.800
16750	788.800
17034	788.800
17176	788.800
16506	788.900
16543	788.900
16585	788.900
16700	788.900
16792	788.900
16819	788.900
16861	788.900
16916	788.900
17055	788.900
17102	788.900
17138	788.900
17141	788.900
17222	788.900
17233	788.900
16412	789.000
16762	789.000
16862	789.000
16988	789.000
16436	789.100
16585	789.100
16605	789.100
16698	789.100
16714	789.100
16960	789.100
17053	789.100
17103	789.100
17161	789.100
17270	789.100
17276	789.100
16389	789.200
16553	789.200
16562	789.200
16662	789.200
16691	789.200
16783	789.200
16791	789.200
16836	789.200
16845	789.200
16945	789.200
16948	789.200
17023	789.200
17143	789.200
17185	789.200
17222	789.200
17229	789.200
17237	789.200
16401	789.300
16409	789.300
16560	789.300
16645	789.300
16747	789.300
16770	789.300
16794	789.300
16883	789.300
16890	789.300
16940	789.300
16964	789.300
17081	789.300
16607	789.400
16716	789.400
16769	789.400
16826	789.400
16880	789.400
16996	789.400
17062	789.400
17087	789.400
17119	789.400
17157	789.400
17160	789.400
17206	789.400
17207	789.400
17212	789.400
16419	789.500
16502	789.500
16627	789.500
16634	789.500
16643	789.500
16727	789.500
16770	789.500
16819	789.500
16873	789.500
16909	789.500
16949	789.500
17083	789.500
17121	789.500
17134	789.500
17148	789.500
17227	789.500
16507	789.600
16513	789.600
16524	789.600
16567	789.600
16995	789.600
17177	789.600
17177	789.600
16399	789.700
16466	789.700
16584	789.700
16644	789.700
16945	789.700
17062	789.700
17100	789.700
17123	789.700
17133	789.700
17134	789.700
17218	789.700
16479	789.800
16521	789.800
16571	789.800
16717	789.800
16934	789.800
17043	789.800
17072	789.800
16432	789.900
16446	789.900
16447	789.900
16585	789.900
16641	789.900
16688	789.900
16840	789.900
16890	789.900
17000	789.900
17060	789.900
17108	789.900
17251	789.900
16403	790.000
16419	790.000
16479	790.000
16582	790.000
16583	790.000
16644	790.000
16918	790.000
16926	790.000
16959	790.000
16971	790.000
16991	790.000
17069	790.000
16661	790.100
16738	790.100
16778	790.100
16783	790.100
16794	790.100
16823	790.100
16827	790.100
16847	790.100
16849	790.100
16900	790.100
16931	790.100
17074	790.100
17146	790.100
17171	790.100
17285	790.100
16644	790.200
16702	790.200
16817	790.200
16894	790.200
16950	790.200
17024	790.200
17147	790.200
17223	790.200
16443	790.300
16604	790.300
16623	790.300
16704	790.300
16720	790.300
16790	790.300
16820	790.300
16857	790.300
17070	790.300
17141	790.300
16611	790.400
16902	790.400
16658	790.500
16710	790.500
16770	790.500
16860	790.500
16888	790.500
16893	790.500
16995	790.500
17079	790.500
17145	790.500
17163	790.500
16557	790.600
16609	790.600
16744	790.600
16753	790.600
16836	790.600
16859	790.600
16896	790.600
16946	790.600
17092	790.600
16395	790.700
16400	790.700
16463	790.700
16475	790.700
16530	790.700
16660	790.700
16867	790.700
17118	790.700
17131	790.700
17193	790.700
17205	790.700
17252	790.700
16421	790.800
16469	790.800
16738	790.800
16750	790.800
16821	790.800
16831	790.800
16864	790.800
16876	790.800
16883	790.800
16917	790.800
17029	790.800
17100	790.800
17198	790.800
17210	790.800
17256	790.800
17258	790.800
16395	790.900
16452	790.900
16611	790.900
16621	790.900
16710	790.900
16711	790.900
16712	790.900
16954	790.900
17253	790.900
17255	790.900
16526	791.000
16713	791.000
16755	791.000
16818	791.000
16926	791.000
16953	791.000
17115	791.000
17243	791.000
17259	791.000
16421	791.100
16514	791.100
16557	791.100
16706	791.100
16768	791.100
16934	791.100
17088	791.100
16434	791.200
16548	791.200
16589	791.200
16654	791.200
16927	791.200
16982	791.200
17060	791.200
17182	791.200
17256	791.200
16458	791.300
16643	791.300
16695	791.300
16858	791.300
16889	791.300
16905	791.300
16913	791.300
16986	791.300
17051	791.300
17085	791.300
17126	791.300
17135	791.300
17159	791.300
17161	791.300
16432	791.400
16435	791.400
16446	791.400
16484	791.400
16491	791.400
16536	791.400
16572	791.400
16608	791.400
16640	791.400
16672	791.400
16727	791.400
16774	791.400
16831	791.400
16850	791.400
16937	791.400
17139	791.400
17252	791.400
16477	791.500
16497	791.500
16513	791.500
16554	791.500
16648	791.500
16690	791.500
16722	791.500
16915	791.500
17041	791.500
17137	791.500
17185	791.500
17204	791.500
16550	791.600
16672	791.600
16689	791.600
16758	791.600
16826	791.600
16970	791.600
17056	791.600
17103	791.600
17168	791.600
17217	791.600
17279	791.600
16407	791.700
16471	791.700
16502	791.700
16520	791.700
16603	791.700
16676	791.700
16686	791.700
16809	791.700
16834	791.700
17001	791.700
17230	791.700
17256	791.700
17264	791.700
16504	791.800
16509	791.800
16577	791.800
16614	791.800
16731	791.800
16836	791.800
16865	791.800
16942	791.800
17022	791.800
17030	791.800
17110	791.800
17111	791.800
17202	791.800
16419	791.900
16420	791.900
16497	791.900
16736	791.900
16814	791.900
16946	791.900
17034	791.900
17280	791.900
16439	792.000
16523	792.000
16545	792.000
16639	792.000
16671	792.000
16721	792.000
16754	792.000
16808	792.000
17021	792.000
17039	792.000
17124	792.000
17189	792.000
17212	792.000
16392	792.100
16458	792.100
16548	792.100
16581	792.100
16674	792.100
16768	792.100
17110	792.100
17135	792.100
17202	792.100
17216	792.100
17242	792.100
16412	792.200
16445	792.200
16447	792.200
16462	792.200
16475	792.200
16483	792.200
16582	792.200
16609	792.200
16609	792.200
16691	792.200
16951	792.200
17039	792.200
17046	792.200
17072	792.200
17095	792.200
17124	792.200
17130	792.200
17198	792.200
17215	792.200
16493	792.300
16505	792.300
16508	792.300
16589	792.300
16635	792.300
16646	792.300
16820	792.300
16858	792.300
17002	792.300
17100	792.300
17144	792.300
17226	792.300
17251	792.300
17270	792.300
16512	792.400
16612	792.400
16632	792.400
16659	792.400
16689	792.400
16689	792.400
16717	792.400
16827	792.400
16898	792.400
16985	792.400
16989	792.400
17013	792.400
17069	792.400
17113	792.400
17190	792.400
17193	792.400
16573	792.500
16595	792.500
16773	792.500
16917	792.500
17124	792.500
17136	792.500
17244	792.500
16479	792.600
16529	792.600
16721	792.600
16727	792.600
16731	792.600
17056	792.600
17097	792.600
17194	792.600
17261	792.600
16446	792.700
16447	792.700
16507	792.700
16509	792.700
16513	792.700
16538	792.700
16554	792.700
16560	792.700
16571	792.700
16668	792.700
16704	792.700
16861	792.700
17004	792.700
17098	792.700
17230	792.700
17231	792.700
16612	792.800
16616	792.800
16741	792.800
16855	792.800
17017	792.800
17111	792.800
17123	792.800
17196	792.800
16514	792.900
16536	792.900
16591	792.900
16654	792.900
16685	792.900
16709	792.900
16875	792.900
16897	792.900
16898	792.900
17007	792.900
17202	792.900
17210	792.900
17249	792.900
16386	793.000
16528	793.000
16707	793.000
16812	793.000
16848	793.000
16882	793.000
16899	793.000
16951	793.000
16974	793.000
17024	793.000
17034	793.000
17091	793.000
17167	793.000
16470	793.100
16474	793.100
16494	793.100
16564	793.100
16818	793.100
16938	793.100
16975	793.100
17027	793.100
17028	793.100
17115	793.100
17257	793.100
17257	793.100
16410	793.200
16411	793.200
16444	793.200
16537	793.200
16662	793.200
16726	793.200
16734	793.200
16807	793.200
16885	793.200
16952	793.200
17276	793.200
17283	793.200
16395	793.300
16633	793.300
16649	793.300
16785	793.300
16801	793.300
16918	793.300
16932	793.300
16986	793.300
17015	793.300
17041	793.300
17185	793.300
17219	793.300
17264	793.300
16564	793.400
16683	793.400
16740	793.400
16762	793.400
16878	793.400
16917	793.400
17055	793.400
17072	793.400
17222	793.400
16448	793.500
16585	793.500
16616	793.500
16703	793.500
16899	793.500
17140	793.500
17176	793.500
16556	793.600
16631	793.600
16652	793.600
16765	793.600
16887	793.600
16951	793.600
17060	793.600
17184	793.600
17263	793.600
17267	793.600
16527	793.700
16530	793.700
16539	793.700
16652	793.700
16711	793.700
16891	793.700
16914	793.700
16959	793.700
16960	793.700
17159	793.700
17183	793.700
16394	793.800
16432	793.800
16446	793.800
16546	793.800
16598	793.800
16623	793.800
16750	793.800
16757	793.800
16799	793.800
16854	793.800
16466	793.900
16643	793.900
16675	793.900
16750	793.900
16977	793.900
17115	793.900
17142	793.900
17213	793.900
16618	794.000
16977	794.000
17222	794.000
17264	794.000
17285	794.000
16535	794.100
16693	794.100
16710	794.100
16765	794.100
16844	794.100
17002	794.100
17069	794.100
17085	794.100
17103	794.100
17176	794.100
16865	794.200
16885	794.200
16944	794.200
17012	794.200
17040	794.200
17066	794.200
17220	794.200
16470	794.300
16535	794.300
16570	794.300
16910	794.300
16985	794.300
17029	794.300
17061	794.300
17091	794.300
17096	794.300
16387	794.400
16615	794.400
16653	794.400
16821	794.400
16878	794.400
16889	794.400
16936	794.400
17060	794.400
17146	794.400
17149	794.400
17268	794.400
16452	794.500
16487	794.500
16576	794.500
16583	794.500
16707	794.500
16837	794.500
17045	794.500
17273	794.500
16405	794.600
16473	794.600
16502	794.600
16561	794.600
16673	794.600
17214	794.600
16424	794.700
16454	794.700
16579	794.700
16581	794.700
16679	794.700
16694	794.700
16769	794.700
16859	794.700
16867	794.700
16903	794.700
17116	794.700
17183	794.700
17206	794.700
16398	794.800
16471	794.800
16533	794.800
16609	794.800
16819	794.800
16852	794.800
16888	794.800
17014	794.800
17051	794.800
17154	794.800
17176	794.800
16438	794.900
16637	794.900
16644	794.900
16738	794.900
16865	794.900
16894	794.900
16894	794.900
16956	794.900
17069	794.900
16387	795.000
16406	795.000
16499	795.000
16526	795.000
16790	795.000
16864	795.000
16887	795.000
16992	795.000
17063	795.000
17271	795.000
16542	795.100
16576	795.100
16638	795.100
16663	795.100
16687	795.100
16702	795.100
16712	795.100
16789	795.100
16899	795.100
16922	795.100
17006	795.100
17057	795.100
17155	795.100
17158	795.100
17185	795.100
17211	795.100
17221	795.100
17250	795.100
16409	795.200
16524	795.200
16671	795.200
16833	795.200
16855	795.200
16948	795.200
16953	795.200
17089	795.200
17177	795.200
16530	795.300
16648	795.300
16677	795.300
16699	795.300
16733	795.300
16768	795.300
16797	795.300
16841	795.300
16891	795.300
16972	795.300
17210	795.300
17265	795.300
16517	795.400
16637	795.400
16685	795.400
16770	795.400
16889	795.400
17127	795.400
16420	795.500
16436	795.500
16447	795.500
16625	795.500
16658	795.500
16762	795.500
16871	795.500
17134	795.500
17143	795.500
16437	795.600
16494	795.600
16527	795.600
16547	795.600
16555	795.600
16771	795.600
16786	795.600
16973	795.600
17050	795.600
17110	795.600
17120	795.600
17188	795.600
17190	795.600
16387	795.700
16414	795.700
16449	795.700
16505	795.700
16615	795.700
16711	795.700
16755	795.700
16934	795.700
17182	795.700
17225	795.700
16470	795.800
16486	795.800
16537	795.800
16558	795.800
16561	795.800
16565	795.800
16691	795.800
16704	795.800
16709	795.800
16715	795.800
16856	795.800
16878	795.800
17102	795.800
17107	795.800
17180	795.800
17196	795.800
16530	795.900
16539	795.900
16575	795.900
16585	795.900
16600	795.900
16631	795.900
16705	795.900
16745	795.900
16758	795.900
16797	795.900
16849	795.900
16919	795.900
17188	795.900
17256	795.900
17266	795.900
16554	796.000
16587	796.000
16608	796.000
16641	796.000
16724	796.000
16754	796.000
16775	796.000
16452	796.100
16557	796.100
16875	796.100
16899	796.100
17084	796.100
17177	796.100
17226	796.100
16396	796.200
16425	796.200
16465	796.200
16575	796.200
16616	796.200
16617	796.200
16689	796.200
16847	796.200
16944	796.200
17078	796.200
17088	796.200
17093	796.200
17123	796.200
17147	796.200
16646	796.300
16670	796.300
16695	796.300
16701	796.300
16706	796.300
16760	796.300
16782	796.300
16841	796.300
16900	796.300
16987	796.300
17090	796.300
17153	796.300
16632	796.400
17039	796.400
17107	796.400
17157	796.400
17222	796.400
17253	796.400
16397	796.500
16418	796.500
16505	796.500
16640	796.500
16691	796.500
16949	796.500
16951	796.500
16389	796.600
16470	796.600
16585	796.600
16649	796.600
16681	796.600
16703	796.600
16779	796.600
16832	796.600
16874	796.600
16895	796.600
17021	796.600
17088	796.600
17149	796.600
17275	796.600
16393	796.700
16408	796.700
16462	796.700
16562	796.700
16645	796.700
16831	796.700
16841	796.700
16847	796.700
16917	796.700
17065	796.700
17071	796.700
17100	796.700
17182	796.700
16391	796.800
16403	796.800
16617	796.800
16746	796.800
16937	796.800
17187	796.800
16407	796.900
16421	796.900
16463	796.900
16474	796.900
16476	796.900
16676	796.900
16797	796.900
16800	796.900
16855	796.900
16856	796.900
16891	796.900
17071	796.900
17258	796.900
17272	796.900
17285	796.900
16396	797.000
16424	797.000
16713	797.000
16814	797.000
16834	797.000
16986	797.000
17133	797.000
17188	797.000
17196	797.000
17287	797.000
16556	797.100
16965	797.100
17067	797.100
16445	797.200
16529	797.200
16546	797.200
16561	797.200
16587	797.200
16844	797.200
16863	797.200
16930	797.200
16949	797.200
16949	797.200
16982	797.200
17052	797.200
17079	797.200
17155	797.200
17159	797.200
17202	797.200
17243	797.200
16400	797.300
16442	797.300
16550	797.300
16554	797.300
16866	797.300
16939	797.300
16945	797.300
16970	797.300
17120	797.300
17272	797.300
16551	797.400
16623	797.400
16639	797.400
16870	797.400
16878	797.400
17028	797.400
17028	797.400
17073	797.400
17155	797.400
17256	797.400
17257	797.400
16521	797.500
16681	797.500
16685	797.500
16845	797.500
16873	797.500
17077	797.500
17273	797.500
16409	797.600
16502	797.600
16517	797.600
16538	797.600
16575	797.600
16652	797.600
16773	797.600
16842	797.600
16846	797.600
16886	797.600
16914	797.600
16935	797.600
17058	797.600
17121	797.600
17187	797.600
16415	797.700
16459	797.700
16552	797.700
16563	797.700
16585	797.700
16758	797.700
16799	797.700
17143	797.700
17148	797.700
17164	797.700
17198	797.700
16463	797.800
16554	797.800
16633	797.800
16665	797.800
16684	797.800
16742	797.800
16908	797.800
17026	797.800
17032	797.800
17142	797.800
17174	797.800
17199	797.800
16456	797.900
16883	797.900
16890	797.900
16916	797.900
16925	797.900
16526	798.000
16649	798.000
16814	798.000
16898	798.000
16901	798.000
17069	798.000
17222	798.000
17249	798.000
16421	798.100
16430	798.100
16467	798.100
16475	798.100
16488	798.100
16521	798.100
16679	798.100
16737	798.100
16824	798.100
16859	798.100
16925	798.100
17026	798.100
17144	798.100
17152	798.100
16390	798.200
16526	798.200
16594	798.200
16653	798.200
16654	798.200
16670	798.200
16720	798.200
16963	798.200
16997	798.200
17051	798.200
17127	798.200
16613	798.300
16711	798.300
16733	798.300
16930	798.300
16980	798.300
17271	798.300
16669	798.400
16788	798.400
16824	798.400
16858	798.400
16926	798.400
16948	798.400
17099	798.400
17111	798.400
17141	798.400
17169	798.400
17260	798.400
16451	798.500
16680	798.500
16687	798.500
16702	798.500
16791	798.500
16872	798.500
16942	798.500
17153	798.500
17155	798.500
16588	798.600
16672	798.600
16698	798.600
16783	798.600
17018	798.600
17096	798.600
17112	798.600
17146	798.600
17214	798.600
17264	798.600
16579	798.700
16596	798.700
16610	798.700
16702	798.700
16833	798.700
16943	798.700
16975	798.700
16994	798.700
17000	798.700
17030	798.700
17051	798.700
17078	798.700
17167	798.700
17171	798.700
17189	798.700
17234	798.700
17240	798.700
17274	798.700
16523	798.800
16629	798.800
16647	798.800
16651	798.800
16735	798.800
16791	798.800
16841	798.800
16866	798.800
16957	798.800
17138	798.800
17213	798.800
16417	798.900
16425	798.900
16555	798.900
16565	798.900
16577	798.900
16583	798.900
16592	798.900
16602	798.900
16614	798.900
16628	798.900
16696	798.900
16709	798.900
16762	798.900
16789	798.900
16901	798.900
16926	798.900
16970	798.900
17012	798.900
17023	798.900
17039	798.900
17274	798.900
16535	799.000
16547	799.000
16583	799.000
16758	799.000
16833	799.000
16902	799.000
16953	799.000
17156	799.000
17210	799.000
16548	799.100
16553	799.100
16743	799.100
16811	799.100
17010	799.100
17084	799.100
17099	799.100
17146	799.100
17150	799.100
17158	799.100
17175	799.100
17214	799.100
16444	799.200
16550	799.200
16604	799.200
16685	799.200
16712	799.200
16864	799.200
16873	799.200
16957	799.200
16974	799.200
17118	799.200
17200	799.200
17224	799.200
17260	799.200
17285	799.200
16396	799.300
16424	799.300
16426	799.300
16484	799.300
16492	799.300
16498	799.300
16531	799.300
16648	799.300
16818	799.300
16840	799.300
17174	799.300
17190	799.300
17198	799.300
16455	799.400
16470	799.400
16668	799.400
16699	799.400
16801	799.400
16884	799.400
16961	799.400
17118	799.400
17224	799.400
17266	799.400
16426	799.500
16454	799.500
16460	799.500
16594	799.500
16619	799.500
16661	799.500
16686	799.500
16763	799.500
16769	799.500
16900	799.500
17195	799.500
17203	799.500
17251	799.500
16405	799.600
16427	799.600
16475	799.600
16657	799.600
16678	799.600
16703	799.600
16771	799.600
16779	799.600
16839	799.600
17029	799.600
17095	799.600
17205	799.600
16457	799.700
16516	799.700
16575	799.700
16583	799.700
16591	799.700
16602	799.700
16618	799.700
16623	799.700
16750	799.700
17069	799.700
17077	799.700
17227	799.700
16451	799.800
16523	799.800
16614	799.800
16874	799.800
17232	799.800
17279	799.800
16435	799.900
16442	799.900
16444	799.900
16454	799.900
16469	799.900
16521	799.900
16661	799.900
16701	799.900
16707	799.900
16827	799.900
16846	799.900
16908	799.900
17003	799.900
17065	799.900
17111	799.900
17132	799.900
17263	799.900
16564	800.000
16733	800.000
16756	800.000
16786	800.000
16838	800.000
16943	800.000
16987	800.000
17132	800.000
16387	800.100
16412	800.100
16471	800.100
16644	800.100
16747	800.100
17190	800.100
17261	800.100
16404	800.200
16410	800.200
16467	800.200
16580	800.200
16669	800.200
16706	800.200
16968	800.200
16974	800.200
17046	800.200
17074	800.200
17195	800.200
17266	800.200
16437	800.300
16658	800.300
16715	800.300
16741	800.300
16757	800.300
16775	800.300
16914	800.300
16952	800.300
16960	800.300
17111	800.300
17116	800.300
17172	800.300
17233	800.300
17237	800.300
17269	800.300
16528	800.400
16733	800.400
16820	800.400
16893	800.400
16924	800.400
16937	800.400
16957	800.400
17111	800.400
17169	800.400
17189	800.400
17218	800.400
16635	800.500
16640	800.500
16651	800.500
16709	800.500
16724	800.500
16756	800.500
16819	800.500
16833	800.500
16961	800.500
17030	800.500
17099	800.500
17212	800.500
17232	800.500
17261	800.500
16422	800.600
16462	800.600
16644	800.600
16708	800.600
16801	800.600
16820	800.600
16832	800.600
17091	800.600
17111	800.600
16440	800.700
16458	800.700
16641	800.700
16697	800.700
16772	800.700
16806	800.700
16829	800.700
16903	800.700
16906	800.700
16948	800.700
16957	800.700
17025	800.700
17096	800.700
17180	800.700
17181	800.700
17287	800.700
16404	800.800
16439	800.800
16461	800.800
16504	800.800
16508	800.800
16679	800.800
16682	800.800
16692	800.800
16969	800.800
17080	800.800
17110	800.800
17172	800.800
16526	800.900
16551	800.900
16616	800.900
16709	800.900
16894	800.900
16990	800.900
17013	800.900
16386	801.000
16642	801.000
16656	801.000
16721	801.000
16747	801.000
16856	801.000
16886	801.000
16963	801.000
17054	801.000
17127	801.000
17228	801.000
16425	801.100
16460	801.100
16463	801.100
16513	801.100
16548	801.100
16815	801.100
16868	801.100
16942	801.100
16942	801.100
16952	801.100
16996	801.100
17154	801.100
17169	801.100
17220	801.100
17279	801.100
17281	801.100
